dirname,path,type,lc,lch,lov,gateasym,w,device_id
gax_mod_fet_tlm_nmos_lc_0.16_lch_0.12_lov_0.06_gateasym_0.00_w_4.0_0_2025_08_11_12_40_55,./scripts/die1-1_full_sweep\die_x_1_y_-1\gax_mod_fet_tlm_nmos_lc_0.16_lch_0.12_lov_0.06_gateasym_0.00_w_4.0_0_2025_08_11_12_40_55,nmos,0.16,0.12,0.06,0.0,4.0,0
gax_mod_fet_tlm_nmos_lc_0.16_lch_0.12_lov_0.06_gateasym_0.00_w_4.0_10_2025_08_11_12_33_48,./scripts/die1-1_full_sweep\die_x_1_y_-1\gax_mod_fet_tlm_nmos_lc_0.16_lch_0.12_lov_0.06_gateasym_0.00_w_4.0_10_2025_08_11_12_33_48,nmos,0.16,0.12,0.06,0.0,4.0,10
gax_mod_fet_tlm_nmos_lc_0.16_lch_0.12_lov_0.06_gateasym_0.00_w_4.0_11_2025_08_11_12_33_05,./scripts/die1-1_full_sweep\die_x_1_y_-1\gax_mod_fet_tlm_nmos_lc_0.16_lch_0.12_lov_0.06_gateasym_0.00_w_4.0_11_2025_08_11_12_33_05,nmos,0.16,0.12,0.06,0.0,4.0,11
gax_mod_fet_tlm_nmos_lc_0.16_lch_0.12_lov_0.06_gateasym_0.00_w_4.0_12_2025_08_11_12_32_22,./scripts/die1-1_full_sweep\die_x_1_y_-1\gax_mod_fet_tlm_nmos_lc_0.16_lch_0.12_lov_0.06_gateasym_0.00_w_4.0_12_2025_08_11_12_32_22,nmos,0.16,0.12,0.06,0.0,4.0,12
gax_mod_fet_tlm_nmos_lc_0.16_lch_0.12_lov_0.06_gateasym_0.00_w_4.0_13_2025_08_11_12_31_40,./scripts/die1-1_full_sweep\die_x_1_y_-1\gax_mod_fet_tlm_nmos_lc_0.16_lch_0.12_lov_0.06_gateasym_0.00_w_4.0_13_2025_08_11_12_31_40,nmos,0.16,0.12,0.06,0.0,4.0,13
gax_mod_fet_tlm_nmos_lc_0.16_lch_0.12_lov_0.06_gateasym_0.00_w_4.0_14_2025_08_11_12_30_57,./scripts/die1-1_full_sweep\die_x_1_y_-1\gax_mod_fet_tlm_nmos_lc_0.16_lch_0.12_lov_0.06_gateasym_0.00_w_4.0_14_2025_08_11_12_30_57,nmos,0.16,0.12,0.06,0.0,4.0,14
gax_mod_fet_tlm_nmos_lc_0.16_lch_0.12_lov_0.06_gateasym_0.00_w_4.0_15_2025_08_11_12_30_14,./scripts/die1-1_full_sweep\die_x_1_y_-1\gax_mod_fet_tlm_nmos_lc_0.16_lch_0.12_lov_0.06_gateasym_0.00_w_4.0_15_2025_08_11_12_30_14,nmos,0.16,0.12,0.06,0.0,4.0,15
gax_mod_fet_tlm_nmos_lc_0.16_lch_0.12_lov_0.06_gateasym_0.00_w_4.0_16_2025_08_11_12_29_32,./scripts/die1-1_full_sweep\die_x_1_y_-1\gax_mod_fet_tlm_nmos_lc_0.16_lch_0.12_lov_0.06_gateasym_0.00_w_4.0_16_2025_08_11_12_29_32,nmos,0.16,0.12,0.06,0.0,4.0,16
gax_mod_fet_tlm_nmos_lc_0.16_lch_0.12_lov_0.06_gateasym_0.00_w_4.0_17_2025_08_11_12_28_49,./scripts/die1-1_full_sweep\die_x_1_y_-1\gax_mod_fet_tlm_nmos_lc_0.16_lch_0.12_lov_0.06_gateasym_0.00_w_4.0_17_2025_08_11_12_28_49,nmos,0.16,0.12,0.06,0.0,4.0,17
gax_mod_fet_tlm_nmos_lc_0.16_lch_0.12_lov_0.06_gateasym_0.00_w_4.0_18_2025_08_11_12_28_06,./scripts/die1-1_full_sweep\die_x_1_y_-1\gax_mod_fet_tlm_nmos_lc_0.16_lch_0.12_lov_0.06_gateasym_0.00_w_4.0_18_2025_08_11_12_28_06,nmos,0.16,0.12,0.06,0.0,4.0,18
gax_mod_fet_tlm_nmos_lc_0.16_lch_0.12_lov_0.06_gateasym_0.00_w_4.0_19_2025_08_11_12_27_24,./scripts/die1-1_full_sweep\die_x_1_y_-1\gax_mod_fet_tlm_nmos_lc_0.16_lch_0.12_lov_0.06_gateasym_0.00_w_4.0_19_2025_08_11_12_27_24,nmos,0.16,0.12,0.06,0.0,4.0,19
gax_mod_fet_tlm_nmos_lc_0.16_lch_0.12_lov_0.06_gateasym_0.00_w_4.0_1_2025_08_11_12_40_12,./scripts/die1-1_full_sweep\die_x_1_y_-1\gax_mod_fet_tlm_nmos_lc_0.16_lch_0.12_lov_0.06_gateasym_0.00_w_4.0_1_2025_08_11_12_40_12,nmos,0.16,0.12,0.06,0.0,4.0,1
gax_mod_fet_tlm_nmos_lc_0.16_lch_0.12_lov_0.06_gateasym_0.00_w_4.0_20_2025_08_11_12_26_41,./scripts/die1-1_full_sweep\die_x_1_y_-1\gax_mod_fet_tlm_nmos_lc_0.16_lch_0.12_lov_0.06_gateasym_0.00_w_4.0_20_2025_08_11_12_26_41,nmos,0.16,0.12,0.06,0.0,4.0,20
gax_mod_fet_tlm_nmos_lc_0.16_lch_0.12_lov_0.06_gateasym_0.00_w_4.0_21_2025_08_11_12_25_58,./scripts/die1-1_full_sweep\die_x_1_y_-1\gax_mod_fet_tlm_nmos_lc_0.16_lch_0.12_lov_0.06_gateasym_0.00_w_4.0_21_2025_08_11_12_25_58,nmos,0.16,0.12,0.06,0.0,4.0,21
gax_mod_fet_tlm_nmos_lc_0.16_lch_0.12_lov_0.06_gateasym_0.00_w_4.0_22_2025_08_11_12_25_16,./scripts/die1-1_full_sweep\die_x_1_y_-1\gax_mod_fet_tlm_nmos_lc_0.16_lch_0.12_lov_0.06_gateasym_0.00_w_4.0_22_2025_08_11_12_25_16,nmos,0.16,0.12,0.06,0.0,4.0,22
gax_mod_fet_tlm_nmos_lc_0.16_lch_0.12_lov_0.06_gateasym_0.00_w_4.0_23_2025_08_11_12_24_33,./scripts/die1-1_full_sweep\die_x_1_y_-1\gax_mod_fet_tlm_nmos_lc_0.16_lch_0.12_lov_0.06_gateasym_0.00_w_4.0_23_2025_08_11_12_24_33,nmos,0.16,0.12,0.06,0.0,4.0,23
gax_mod_fet_tlm_nmos_lc_0.16_lch_0.12_lov_0.06_gateasym_0.00_w_4.0_2_2025_08_11_12_39_29,./scripts/die1-1_full_sweep\die_x_1_y_-1\gax_mod_fet_tlm_nmos_lc_0.16_lch_0.12_lov_0.06_gateasym_0.00_w_4.0_2_2025_08_11_12_39_29,nmos,0.16,0.12,0.06,0.0,4.0,2
gax_mod_fet_tlm_nmos_lc_0.16_lch_0.12_lov_0.06_gateasym_0.00_w_4.0_3_2025_08_11_12_38_46,./scripts/die1-1_full_sweep\die_x_1_y_-1\gax_mod_fet_tlm_nmos_lc_0.16_lch_0.12_lov_0.06_gateasym_0.00_w_4.0_3_2025_08_11_12_38_46,nmos,0.16,0.12,0.06,0.0,4.0,3
gax_mod_fet_tlm_nmos_lc_0.16_lch_0.12_lov_0.06_gateasym_0.00_w_4.0_4_2025_08_11_12_38_04,./scripts/die1-1_full_sweep\die_x_1_y_-1\gax_mod_fet_tlm_nmos_lc_0.16_lch_0.12_lov_0.06_gateasym_0.00_w_4.0_4_2025_08_11_12_38_04,nmos,0.16,0.12,0.06,0.0,4.0,4
gax_mod_fet_tlm_nmos_lc_0.16_lch_0.12_lov_0.06_gateasym_0.00_w_4.0_5_2025_08_11_12_37_21,./scripts/die1-1_full_sweep\die_x_1_y_-1\gax_mod_fet_tlm_nmos_lc_0.16_lch_0.12_lov_0.06_gateasym_0.00_w_4.0_5_2025_08_11_12_37_21,nmos,0.16,0.12,0.06,0.0,4.0,5
gax_mod_fet_tlm_nmos_lc_0.16_lch_0.12_lov_0.06_gateasym_0.00_w_4.0_6_2025_08_11_12_36_38,./scripts/die1-1_full_sweep\die_x_1_y_-1\gax_mod_fet_tlm_nmos_lc_0.16_lch_0.12_lov_0.06_gateasym_0.00_w_4.0_6_2025_08_11_12_36_38,nmos,0.16,0.12,0.06,0.0,4.0,6
gax_mod_fet_tlm_nmos_lc_0.16_lch_0.12_lov_0.06_gateasym_0.00_w_4.0_7_2025_08_11_12_35_56,./scripts/die1-1_full_sweep\die_x_1_y_-1\gax_mod_fet_tlm_nmos_lc_0.16_lch_0.12_lov_0.06_gateasym_0.00_w_4.0_7_2025_08_11_12_35_56,nmos,0.16,0.12,0.06,0.0,4.0,7
gax_mod_fet_tlm_nmos_lc_0.16_lch_0.12_lov_0.06_gateasym_0.00_w_4.0_8_2025_08_11_12_35_13,./scripts/die1-1_full_sweep\die_x_1_y_-1\gax_mod_fet_tlm_nmos_lc_0.16_lch_0.12_lov_0.06_gateasym_0.00_w_4.0_8_2025_08_11_12_35_13,nmos,0.16,0.12,0.06,0.0,4.0,8
gax_mod_fet_tlm_nmos_lc_0.16_lch_0.12_lov_0.06_gateasym_0.00_w_4.0_9_2025_08_11_12_34_30,./scripts/die1-1_full_sweep\die_x_1_y_-1\gax_mod_fet_tlm_nmos_lc_0.16_lch_0.12_lov_0.06_gateasym_0.00_w_4.0_9_2025_08_11_12_34_30,nmos,0.16,0.12,0.06,0.0,4.0,9
gax_mod_fet_tlm_nmos_lc_0.16_lch_0.14_lov_0.06_gateasym_0.00_w_4.0_0_2025_08_11_12_06_50,./scripts/die1-1_full_sweep\die_x_1_y_-1\gax_mod_fet_tlm_nmos_lc_0.16_lch_0.14_lov_0.06_gateasym_0.00_w_4.0_0_2025_08_11_12_06_50,nmos,0.16,0.14,0.06,0.0,4.0,0
gax_mod_fet_tlm_nmos_lc_0.16_lch_0.14_lov_0.06_gateasym_0.00_w_4.0_10_2025_08_11_11_59_44,./scripts/die1-1_full_sweep\die_x_1_y_-1\gax_mod_fet_tlm_nmos_lc_0.16_lch_0.14_lov_0.06_gateasym_0.00_w_4.0_10_2025_08_11_11_59_44,nmos,0.16,0.14,0.06,0.0,4.0,10
gax_mod_fet_tlm_nmos_lc_0.16_lch_0.14_lov_0.06_gateasym_0.00_w_4.0_11_2025_08_11_11_59_01,./scripts/die1-1_full_sweep\die_x_1_y_-1\gax_mod_fet_tlm_nmos_lc_0.16_lch_0.14_lov_0.06_gateasym_0.00_w_4.0_11_2025_08_11_11_59_01,nmos,0.16,0.14,0.06,0.0,4.0,11
gax_mod_fet_tlm_nmos_lc_0.16_lch_0.14_lov_0.06_gateasym_0.00_w_4.0_12_2025_08_11_11_58_18,./scripts/die1-1_full_sweep\die_x_1_y_-1\gax_mod_fet_tlm_nmos_lc_0.16_lch_0.14_lov_0.06_gateasym_0.00_w_4.0_12_2025_08_11_11_58_18,nmos,0.16,0.14,0.06,0.0,4.0,12
gax_mod_fet_tlm_nmos_lc_0.16_lch_0.14_lov_0.06_gateasym_0.00_w_4.0_13_2025_08_11_11_57_36,./scripts/die1-1_full_sweep\die_x_1_y_-1\gax_mod_fet_tlm_nmos_lc_0.16_lch_0.14_lov_0.06_gateasym_0.00_w_4.0_13_2025_08_11_11_57_36,nmos,0.16,0.14,0.06,0.0,4.0,13
gax_mod_fet_tlm_nmos_lc_0.16_lch_0.14_lov_0.06_gateasym_0.00_w_4.0_14_2025_08_11_11_56_53,./scripts/die1-1_full_sweep\die_x_1_y_-1\gax_mod_fet_tlm_nmos_lc_0.16_lch_0.14_lov_0.06_gateasym_0.00_w_4.0_14_2025_08_11_11_56_53,nmos,0.16,0.14,0.06,0.0,4.0,14
gax_mod_fet_tlm_nmos_lc_0.16_lch_0.14_lov_0.06_gateasym_0.00_w_4.0_15_2025_08_11_11_56_10,./scripts/die1-1_full_sweep\die_x_1_y_-1\gax_mod_fet_tlm_nmos_lc_0.16_lch_0.14_lov_0.06_gateasym_0.00_w_4.0_15_2025_08_11_11_56_10,nmos,0.16,0.14,0.06,0.0,4.0,15
gax_mod_fet_tlm_nmos_lc_0.16_lch_0.14_lov_0.06_gateasym_0.00_w_4.0_16_2025_08_11_11_55_27,./scripts/die1-1_full_sweep\die_x_1_y_-1\gax_mod_fet_tlm_nmos_lc_0.16_lch_0.14_lov_0.06_gateasym_0.00_w_4.0_16_2025_08_11_11_55_27,nmos,0.16,0.14,0.06,0.0,4.0,16
gax_mod_fet_tlm_nmos_lc_0.16_lch_0.14_lov_0.06_gateasym_0.00_w_4.0_17_2025_08_11_11_54_45,./scripts/die1-1_full_sweep\die_x_1_y_-1\gax_mod_fet_tlm_nmos_lc_0.16_lch_0.14_lov_0.06_gateasym_0.00_w_4.0_17_2025_08_11_11_54_45,nmos,0.16,0.14,0.06,0.0,4.0,17
gax_mod_fet_tlm_nmos_lc_0.16_lch_0.14_lov_0.06_gateasym_0.00_w_4.0_18_2025_08_11_11_54_02,./scripts/die1-1_full_sweep\die_x_1_y_-1\gax_mod_fet_tlm_nmos_lc_0.16_lch_0.14_lov_0.06_gateasym_0.00_w_4.0_18_2025_08_11_11_54_02,nmos,0.16,0.14,0.06,0.0,4.0,18
gax_mod_fet_tlm_nmos_lc_0.16_lch_0.14_lov_0.06_gateasym_0.00_w_4.0_19_2025_08_11_11_53_19,./scripts/die1-1_full_sweep\die_x_1_y_-1\gax_mod_fet_tlm_nmos_lc_0.16_lch_0.14_lov_0.06_gateasym_0.00_w_4.0_19_2025_08_11_11_53_19,nmos,0.16,0.14,0.06,0.0,4.0,19
gax_mod_fet_tlm_nmos_lc_0.16_lch_0.14_lov_0.06_gateasym_0.00_w_4.0_1_2025_08_11_12_06_08,./scripts/die1-1_full_sweep\die_x_1_y_-1\gax_mod_fet_tlm_nmos_lc_0.16_lch_0.14_lov_0.06_gateasym_0.00_w_4.0_1_2025_08_11_12_06_08,nmos,0.16,0.14,0.06,0.0,4.0,1
gax_mod_fet_tlm_nmos_lc_0.16_lch_0.14_lov_0.06_gateasym_0.00_w_4.0_20_2025_08_11_11_52_36,./scripts/die1-1_full_sweep\die_x_1_y_-1\gax_mod_fet_tlm_nmos_lc_0.16_lch_0.14_lov_0.06_gateasym_0.00_w_4.0_20_2025_08_11_11_52_36,nmos,0.16,0.14,0.06,0.0,4.0,20
gax_mod_fet_tlm_nmos_lc_0.16_lch_0.14_lov_0.06_gateasym_0.00_w_4.0_21_2025_08_11_11_51_54,./scripts/die1-1_full_sweep\die_x_1_y_-1\gax_mod_fet_tlm_nmos_lc_0.16_lch_0.14_lov_0.06_gateasym_0.00_w_4.0_21_2025_08_11_11_51_54,nmos,0.16,0.14,0.06,0.0,4.0,21
gax_mod_fet_tlm_nmos_lc_0.16_lch_0.14_lov_0.06_gateasym_0.00_w_4.0_22_2025_08_11_11_51_11,./scripts/die1-1_full_sweep\die_x_1_y_-1\gax_mod_fet_tlm_nmos_lc_0.16_lch_0.14_lov_0.06_gateasym_0.00_w_4.0_22_2025_08_11_11_51_11,nmos,0.16,0.14,0.06,0.0,4.0,22
gax_mod_fet_tlm_nmos_lc_0.16_lch_0.14_lov_0.06_gateasym_0.00_w_4.0_23_2025_08_11_11_50_28,./scripts/die1-1_full_sweep\die_x_1_y_-1\gax_mod_fet_tlm_nmos_lc_0.16_lch_0.14_lov_0.06_gateasym_0.00_w_4.0_23_2025_08_11_11_50_28,nmos,0.16,0.14,0.06,0.0,4.0,23
gax_mod_fet_tlm_nmos_lc_0.16_lch_0.14_lov_0.06_gateasym_0.00_w_4.0_2_2025_08_11_12_05_25,./scripts/die1-1_full_sweep\die_x_1_y_-1\gax_mod_fet_tlm_nmos_lc_0.16_lch_0.14_lov_0.06_gateasym_0.00_w_4.0_2_2025_08_11_12_05_25,nmos,0.16,0.14,0.06,0.0,4.0,2
gax_mod_fet_tlm_nmos_lc_0.16_lch_0.14_lov_0.06_gateasym_0.00_w_4.0_3_2025_08_11_12_04_42,./scripts/die1-1_full_sweep\die_x_1_y_-1\gax_mod_fet_tlm_nmos_lc_0.16_lch_0.14_lov_0.06_gateasym_0.00_w_4.0_3_2025_08_11_12_04_42,nmos,0.16,0.14,0.06,0.0,4.0,3
gax_mod_fet_tlm_nmos_lc_0.16_lch_0.14_lov_0.06_gateasym_0.00_w_4.0_4_2025_08_11_12_04_00,./scripts/die1-1_full_sweep\die_x_1_y_-1\gax_mod_fet_tlm_nmos_lc_0.16_lch_0.14_lov_0.06_gateasym_0.00_w_4.0_4_2025_08_11_12_04_00,nmos,0.16,0.14,0.06,0.0,4.0,4
gax_mod_fet_tlm_nmos_lc_0.16_lch_0.14_lov_0.06_gateasym_0.00_w_4.0_5_2025_08_11_12_03_17,./scripts/die1-1_full_sweep\die_x_1_y_-1\gax_mod_fet_tlm_nmos_lc_0.16_lch_0.14_lov_0.06_gateasym_0.00_w_4.0_5_2025_08_11_12_03_17,nmos,0.16,0.14,0.06,0.0,4.0,5
gax_mod_fet_tlm_nmos_lc_0.16_lch_0.14_lov_0.06_gateasym_0.00_w_4.0_6_2025_08_11_12_02_34,./scripts/die1-1_full_sweep\die_x_1_y_-1\gax_mod_fet_tlm_nmos_lc_0.16_lch_0.14_lov_0.06_gateasym_0.00_w_4.0_6_2025_08_11_12_02_34,nmos,0.16,0.14,0.06,0.0,4.0,6
gax_mod_fet_tlm_nmos_lc_0.16_lch_0.14_lov_0.06_gateasym_0.00_w_4.0_7_2025_08_11_12_01_52,./scripts/die1-1_full_sweep\die_x_1_y_-1\gax_mod_fet_tlm_nmos_lc_0.16_lch_0.14_lov_0.06_gateasym_0.00_w_4.0_7_2025_08_11_12_01_52,nmos,0.16,0.14,0.06,0.0,4.0,7
gax_mod_fet_tlm_nmos_lc_0.16_lch_0.14_lov_0.06_gateasym_0.00_w_4.0_8_2025_08_11_12_01_09,./scripts/die1-1_full_sweep\die_x_1_y_-1\gax_mod_fet_tlm_nmos_lc_0.16_lch_0.14_lov_0.06_gateasym_0.00_w_4.0_8_2025_08_11_12_01_09,nmos,0.16,0.14,0.06,0.0,4.0,8
gax_mod_fet_tlm_nmos_lc_0.16_lch_0.14_lov_0.06_gateasym_0.00_w_4.0_9_2025_08_11_12_00_26,./scripts/die1-1_full_sweep\die_x_1_y_-1\gax_mod_fet_tlm_nmos_lc_0.16_lch_0.14_lov_0.06_gateasym_0.00_w_4.0_9_2025_08_11_12_00_26,nmos,0.16,0.14,0.06,0.0,4.0,9
gax_mod_fet_tlm_nmos_lc_0.16_lch_0.16_lov_0.06_gateasym_0.00_w_4.0_0_2025_08_11_11_32_44,./scripts/die1-1_full_sweep\die_x_1_y_-1\gax_mod_fet_tlm_nmos_lc_0.16_lch_0.16_lov_0.06_gateasym_0.00_w_4.0_0_2025_08_11_11_32_44,nmos,0.16,0.16,0.06,0.0,4.0,0
gax_mod_fet_tlm_nmos_lc_0.16_lch_0.16_lov_0.06_gateasym_0.00_w_4.0_10_2025_08_11_11_25_37,./scripts/die1-1_full_sweep\die_x_1_y_-1\gax_mod_fet_tlm_nmos_lc_0.16_lch_0.16_lov_0.06_gateasym_0.00_w_4.0_10_2025_08_11_11_25_37,nmos,0.16,0.16,0.06,0.0,4.0,10
gax_mod_fet_tlm_nmos_lc_0.16_lch_0.16_lov_0.06_gateasym_0.00_w_4.0_11_2025_08_11_11_24_59,./scripts/die1-1_full_sweep\die_x_1_y_-1\gax_mod_fet_tlm_nmos_lc_0.16_lch_0.16_lov_0.06_gateasym_0.00_w_4.0_11_2025_08_11_11_24_59,nmos,0.16,0.16,0.06,0.0,4.0,11
gax_mod_fet_tlm_nmos_lc_0.16_lch_0.16_lov_0.06_gateasym_0.00_w_4.0_12_2025_08_11_11_24_17,./scripts/die1-1_full_sweep\die_x_1_y_-1\gax_mod_fet_tlm_nmos_lc_0.16_lch_0.16_lov_0.06_gateasym_0.00_w_4.0_12_2025_08_11_11_24_17,nmos,0.16,0.16,0.06,0.0,4.0,12
gax_mod_fet_tlm_nmos_lc_0.16_lch_0.16_lov_0.06_gateasym_0.00_w_4.0_13_2025_08_11_11_23_33,./scripts/die1-1_full_sweep\die_x_1_y_-1\gax_mod_fet_tlm_nmos_lc_0.16_lch_0.16_lov_0.06_gateasym_0.00_w_4.0_13_2025_08_11_11_23_33,nmos,0.16,0.16,0.06,0.0,4.0,13
gax_mod_fet_tlm_nmos_lc_0.16_lch_0.16_lov_0.06_gateasym_0.00_w_4.0_14_2025_08_11_11_22_51,./scripts/die1-1_full_sweep\die_x_1_y_-1\gax_mod_fet_tlm_nmos_lc_0.16_lch_0.16_lov_0.06_gateasym_0.00_w_4.0_14_2025_08_11_11_22_51,nmos,0.16,0.16,0.06,0.0,4.0,14
gax_mod_fet_tlm_nmos_lc_0.16_lch_0.16_lov_0.06_gateasym_0.00_w_4.0_15_2025_08_11_11_22_08,./scripts/die1-1_full_sweep\die_x_1_y_-1\gax_mod_fet_tlm_nmos_lc_0.16_lch_0.16_lov_0.06_gateasym_0.00_w_4.0_15_2025_08_11_11_22_08,nmos,0.16,0.16,0.06,0.0,4.0,15
gax_mod_fet_tlm_nmos_lc_0.16_lch_0.16_lov_0.06_gateasym_0.00_w_4.0_16_2025_08_11_11_21_25,./scripts/die1-1_full_sweep\die_x_1_y_-1\gax_mod_fet_tlm_nmos_lc_0.16_lch_0.16_lov_0.06_gateasym_0.00_w_4.0_16_2025_08_11_11_21_25,nmos,0.16,0.16,0.06,0.0,4.0,16
gax_mod_fet_tlm_nmos_lc_0.16_lch_0.16_lov_0.06_gateasym_0.00_w_4.0_17_2025_08_11_11_20_42,./scripts/die1-1_full_sweep\die_x_1_y_-1\gax_mod_fet_tlm_nmos_lc_0.16_lch_0.16_lov_0.06_gateasym_0.00_w_4.0_17_2025_08_11_11_20_42,nmos,0.16,0.16,0.06,0.0,4.0,17
gax_mod_fet_tlm_nmos_lc_0.16_lch_0.16_lov_0.06_gateasym_0.00_w_4.0_18_2025_08_11_11_20_00,./scripts/die1-1_full_sweep\die_x_1_y_-1\gax_mod_fet_tlm_nmos_lc_0.16_lch_0.16_lov_0.06_gateasym_0.00_w_4.0_18_2025_08_11_11_20_00,nmos,0.16,0.16,0.06,0.0,4.0,18
gax_mod_fet_tlm_nmos_lc_0.16_lch_0.16_lov_0.06_gateasym_0.00_w_4.0_19_2025_08_11_11_19_17,./scripts/die1-1_full_sweep\die_x_1_y_-1\gax_mod_fet_tlm_nmos_lc_0.16_lch_0.16_lov_0.06_gateasym_0.00_w_4.0_19_2025_08_11_11_19_17,nmos,0.16,0.16,0.06,0.0,4.0,19
gax_mod_fet_tlm_nmos_lc_0.16_lch_0.16_lov_0.06_gateasym_0.00_w_4.0_1_2025_08_11_11_32_01,./scripts/die1-1_full_sweep\die_x_1_y_-1\gax_mod_fet_tlm_nmos_lc_0.16_lch_0.16_lov_0.06_gateasym_0.00_w_4.0_1_2025_08_11_11_32_01,nmos,0.16,0.16,0.06,0.0,4.0,1
gax_mod_fet_tlm_nmos_lc_0.16_lch_0.16_lov_0.06_gateasym_0.00_w_4.0_20_2025_08_11_11_18_34,./scripts/die1-1_full_sweep\die_x_1_y_-1\gax_mod_fet_tlm_nmos_lc_0.16_lch_0.16_lov_0.06_gateasym_0.00_w_4.0_20_2025_08_11_11_18_34,nmos,0.16,0.16,0.06,0.0,4.0,20
gax_mod_fet_tlm_nmos_lc_0.16_lch_0.16_lov_0.06_gateasym_0.00_w_4.0_21_2025_08_11_11_17_51,./scripts/die1-1_full_sweep\die_x_1_y_-1\gax_mod_fet_tlm_nmos_lc_0.16_lch_0.16_lov_0.06_gateasym_0.00_w_4.0_21_2025_08_11_11_17_51,nmos,0.16,0.16,0.06,0.0,4.0,21
gax_mod_fet_tlm_nmos_lc_0.16_lch_0.16_lov_0.06_gateasym_0.00_w_4.0_22_2025_08_11_11_17_09,./scripts/die1-1_full_sweep\die_x_1_y_-1\gax_mod_fet_tlm_nmos_lc_0.16_lch_0.16_lov_0.06_gateasym_0.00_w_4.0_22_2025_08_11_11_17_09,nmos,0.16,0.16,0.06,0.0,4.0,22
gax_mod_fet_tlm_nmos_lc_0.16_lch_0.16_lov_0.06_gateasym_0.00_w_4.0_23_2025_08_11_11_16_26,./scripts/die1-1_full_sweep\die_x_1_y_-1\gax_mod_fet_tlm_nmos_lc_0.16_lch_0.16_lov_0.06_gateasym_0.00_w_4.0_23_2025_08_11_11_16_26,nmos,0.16,0.16,0.06,0.0,4.0,23
gax_mod_fet_tlm_nmos_lc_0.16_lch_0.16_lov_0.06_gateasym_0.00_w_4.0_2_2025_08_11_11_31_19,./scripts/die1-1_full_sweep\die_x_1_y_-1\gax_mod_fet_tlm_nmos_lc_0.16_lch_0.16_lov_0.06_gateasym_0.00_w_4.0_2_2025_08_11_11_31_19,nmos,0.16,0.16,0.06,0.0,4.0,2
gax_mod_fet_tlm_nmos_lc_0.16_lch_0.16_lov_0.06_gateasym_0.00_w_4.0_3_2025_08_11_11_30_36,./scripts/die1-1_full_sweep\die_x_1_y_-1\gax_mod_fet_tlm_nmos_lc_0.16_lch_0.16_lov_0.06_gateasym_0.00_w_4.0_3_2025_08_11_11_30_36,nmos,0.16,0.16,0.06,0.0,4.0,3
gax_mod_fet_tlm_nmos_lc_0.16_lch_0.16_lov_0.06_gateasym_0.00_w_4.0_4_2025_08_11_11_29_53,./scripts/die1-1_full_sweep\die_x_1_y_-1\gax_mod_fet_tlm_nmos_lc_0.16_lch_0.16_lov_0.06_gateasym_0.00_w_4.0_4_2025_08_11_11_29_53,nmos,0.16,0.16,0.06,0.0,4.0,4
gax_mod_fet_tlm_nmos_lc_0.16_lch_0.16_lov_0.06_gateasym_0.00_w_4.0_5_2025_08_11_11_29_10,./scripts/die1-1_full_sweep\die_x_1_y_-1\gax_mod_fet_tlm_nmos_lc_0.16_lch_0.16_lov_0.06_gateasym_0.00_w_4.0_5_2025_08_11_11_29_10,nmos,0.16,0.16,0.06,0.0,4.0,5
gax_mod_fet_tlm_nmos_lc_0.16_lch_0.16_lov_0.06_gateasym_0.00_w_4.0_6_2025_08_11_11_28_28,./scripts/die1-1_full_sweep\die_x_1_y_-1\gax_mod_fet_tlm_nmos_lc_0.16_lch_0.16_lov_0.06_gateasym_0.00_w_4.0_6_2025_08_11_11_28_28,nmos,0.16,0.16,0.06,0.0,4.0,6
gax_mod_fet_tlm_nmos_lc_0.16_lch_0.16_lov_0.06_gateasym_0.00_w_4.0_7_2025_08_11_11_27_45,./scripts/die1-1_full_sweep\die_x_1_y_-1\gax_mod_fet_tlm_nmos_lc_0.16_lch_0.16_lov_0.06_gateasym_0.00_w_4.0_7_2025_08_11_11_27_45,nmos,0.16,0.16,0.06,0.0,4.0,7
gax_mod_fet_tlm_nmos_lc_0.16_lch_0.16_lov_0.06_gateasym_0.00_w_4.0_8_2025_08_11_11_27_02,./scripts/die1-1_full_sweep\die_x_1_y_-1\gax_mod_fet_tlm_nmos_lc_0.16_lch_0.16_lov_0.06_gateasym_0.00_w_4.0_8_2025_08_11_11_27_02,nmos,0.16,0.16,0.06,0.0,4.0,8
gax_mod_fet_tlm_nmos_lc_0.16_lch_0.16_lov_0.06_gateasym_0.00_w_4.0_9_2025_08_11_11_26_20,./scripts/die1-1_full_sweep\die_x_1_y_-1\gax_mod_fet_tlm_nmos_lc_0.16_lch_0.16_lov_0.06_gateasym_0.00_w_4.0_9_2025_08_11_11_26_20,nmos,0.16,0.16,0.06,0.0,4.0,9
gax_mod_fet_tlm_nmos_lc_0.16_lch_0.20_lov_0.06_gateasym_0.00_w_4.0_0_2025_08_11_10_58_37,./scripts/die1-1_full_sweep\die_x_1_y_-1\gax_mod_fet_tlm_nmos_lc_0.16_lch_0.20_lov_0.06_gateasym_0.00_w_4.0_0_2025_08_11_10_58_37,nmos,0.16,0.2,0.06,0.0,4.0,0
gax_mod_fet_tlm_nmos_lc_0.16_lch_0.20_lov_0.06_gateasym_0.00_w_4.0_10_2025_08_11_10_51_30,./scripts/die1-1_full_sweep\die_x_1_y_-1\gax_mod_fet_tlm_nmos_lc_0.16_lch_0.20_lov_0.06_gateasym_0.00_w_4.0_10_2025_08_11_10_51_30,nmos,0.16,0.2,0.06,0.0,4.0,10
gax_mod_fet_tlm_nmos_lc_0.16_lch_0.20_lov_0.06_gateasym_0.00_w_4.0_11_2025_08_11_10_50_48,./scripts/die1-1_full_sweep\die_x_1_y_-1\gax_mod_fet_tlm_nmos_lc_0.16_lch_0.20_lov_0.06_gateasym_0.00_w_4.0_11_2025_08_11_10_50_48,nmos,0.16,0.2,0.06,0.0,4.0,11
gax_mod_fet_tlm_nmos_lc_0.16_lch_0.20_lov_0.06_gateasym_0.00_w_4.0_12_2025_08_11_10_50_05,./scripts/die1-1_full_sweep\die_x_1_y_-1\gax_mod_fet_tlm_nmos_lc_0.16_lch_0.20_lov_0.06_gateasym_0.00_w_4.0_12_2025_08_11_10_50_05,nmos,0.16,0.2,0.06,0.0,4.0,12
gax_mod_fet_tlm_nmos_lc_0.16_lch_0.20_lov_0.06_gateasym_0.00_w_4.0_13_2025_08_11_10_49_22,./scripts/die1-1_full_sweep\die_x_1_y_-1\gax_mod_fet_tlm_nmos_lc_0.16_lch_0.20_lov_0.06_gateasym_0.00_w_4.0_13_2025_08_11_10_49_22,nmos,0.16,0.2,0.06,0.0,4.0,13
gax_mod_fet_tlm_nmos_lc_0.16_lch_0.20_lov_0.06_gateasym_0.00_w_4.0_14_2025_08_11_10_48_40,./scripts/die1-1_full_sweep\die_x_1_y_-1\gax_mod_fet_tlm_nmos_lc_0.16_lch_0.20_lov_0.06_gateasym_0.00_w_4.0_14_2025_08_11_10_48_40,nmos,0.16,0.2,0.06,0.0,4.0,14
gax_mod_fet_tlm_nmos_lc_0.16_lch_0.20_lov_0.06_gateasym_0.00_w_4.0_15_2025_08_11_10_47_57,./scripts/die1-1_full_sweep\die_x_1_y_-1\gax_mod_fet_tlm_nmos_lc_0.16_lch_0.20_lov_0.06_gateasym_0.00_w_4.0_15_2025_08_11_10_47_57,nmos,0.16,0.2,0.06,0.0,4.0,15
gax_mod_fet_tlm_nmos_lc_0.16_lch_0.20_lov_0.06_gateasym_0.00_w_4.0_16_2025_08_11_10_47_14,./scripts/die1-1_full_sweep\die_x_1_y_-1\gax_mod_fet_tlm_nmos_lc_0.16_lch_0.20_lov_0.06_gateasym_0.00_w_4.0_16_2025_08_11_10_47_14,nmos,0.16,0.2,0.06,0.0,4.0,16
gax_mod_fet_tlm_nmos_lc_0.16_lch_0.20_lov_0.06_gateasym_0.00_w_4.0_17_2025_08_11_10_46_31,./scripts/die1-1_full_sweep\die_x_1_y_-1\gax_mod_fet_tlm_nmos_lc_0.16_lch_0.20_lov_0.06_gateasym_0.00_w_4.0_17_2025_08_11_10_46_31,nmos,0.16,0.2,0.06,0.0,4.0,17
gax_mod_fet_tlm_nmos_lc_0.16_lch_0.20_lov_0.06_gateasym_0.00_w_4.0_18_2025_08_11_10_45_49,./scripts/die1-1_full_sweep\die_x_1_y_-1\gax_mod_fet_tlm_nmos_lc_0.16_lch_0.20_lov_0.06_gateasym_0.00_w_4.0_18_2025_08_11_10_45_49,nmos,0.16,0.2,0.06,0.0,4.0,18
gax_mod_fet_tlm_nmos_lc_0.16_lch_0.20_lov_0.06_gateasym_0.00_w_4.0_19_2025_08_11_10_45_06,./scripts/die1-1_full_sweep\die_x_1_y_-1\gax_mod_fet_tlm_nmos_lc_0.16_lch_0.20_lov_0.06_gateasym_0.00_w_4.0_19_2025_08_11_10_45_06,nmos,0.16,0.2,0.06,0.0,4.0,19
gax_mod_fet_tlm_nmos_lc_0.16_lch_0.20_lov_0.06_gateasym_0.00_w_4.0_1_2025_08_11_10_57_54,./scripts/die1-1_full_sweep\die_x_1_y_-1\gax_mod_fet_tlm_nmos_lc_0.16_lch_0.20_lov_0.06_gateasym_0.00_w_4.0_1_2025_08_11_10_57_54,nmos,0.16,0.2,0.06,0.0,4.0,1
gax_mod_fet_tlm_nmos_lc_0.16_lch_0.20_lov_0.06_gateasym_0.00_w_4.0_20_2025_08_11_10_44_23,./scripts/die1-1_full_sweep\die_x_1_y_-1\gax_mod_fet_tlm_nmos_lc_0.16_lch_0.20_lov_0.06_gateasym_0.00_w_4.0_20_2025_08_11_10_44_23,nmos,0.16,0.2,0.06,0.0,4.0,20
gax_mod_fet_tlm_nmos_lc_0.16_lch_0.20_lov_0.06_gateasym_0.00_w_4.0_21_2025_08_11_10_43_40,./scripts/die1-1_full_sweep\die_x_1_y_-1\gax_mod_fet_tlm_nmos_lc_0.16_lch_0.20_lov_0.06_gateasym_0.00_w_4.0_21_2025_08_11_10_43_40,nmos,0.16,0.2,0.06,0.0,4.0,21
gax_mod_fet_tlm_nmos_lc_0.16_lch_0.20_lov_0.06_gateasym_0.00_w_4.0_22_2025_08_11_10_42_57,./scripts/die1-1_full_sweep\die_x_1_y_-1\gax_mod_fet_tlm_nmos_lc_0.16_lch_0.20_lov_0.06_gateasym_0.00_w_4.0_22_2025_08_11_10_42_57,nmos,0.16,0.2,0.06,0.0,4.0,22
gax_mod_fet_tlm_nmos_lc_0.16_lch_0.20_lov_0.06_gateasym_0.00_w_4.0_23_2025_08_11_10_42_15,./scripts/die1-1_full_sweep\die_x_1_y_-1\gax_mod_fet_tlm_nmos_lc_0.16_lch_0.20_lov_0.06_gateasym_0.00_w_4.0_23_2025_08_11_10_42_15,nmos,0.16,0.2,0.06,0.0,4.0,23
gax_mod_fet_tlm_nmos_lc_0.16_lch_0.20_lov_0.06_gateasym_0.00_w_4.0_2_2025_08_11_10_57_12,./scripts/die1-1_full_sweep\die_x_1_y_-1\gax_mod_fet_tlm_nmos_lc_0.16_lch_0.20_lov_0.06_gateasym_0.00_w_4.0_2_2025_08_11_10_57_12,nmos,0.16,0.2,0.06,0.0,4.0,2
gax_mod_fet_tlm_nmos_lc_0.16_lch_0.20_lov_0.06_gateasym_0.00_w_4.0_3_2025_08_11_10_56_29,./scripts/die1-1_full_sweep\die_x_1_y_-1\gax_mod_fet_tlm_nmos_lc_0.16_lch_0.20_lov_0.06_gateasym_0.00_w_4.0_3_2025_08_11_10_56_29,nmos,0.16,0.2,0.06,0.0,4.0,3
gax_mod_fet_tlm_nmos_lc_0.16_lch_0.20_lov_0.06_gateasym_0.00_w_4.0_4_2025_08_11_10_55_46,./scripts/die1-1_full_sweep\die_x_1_y_-1\gax_mod_fet_tlm_nmos_lc_0.16_lch_0.20_lov_0.06_gateasym_0.00_w_4.0_4_2025_08_11_10_55_46,nmos,0.16,0.2,0.06,0.0,4.0,4
gax_mod_fet_tlm_nmos_lc_0.16_lch_0.20_lov_0.06_gateasym_0.00_w_4.0_5_2025_08_11_10_55_04,./scripts/die1-1_full_sweep\die_x_1_y_-1\gax_mod_fet_tlm_nmos_lc_0.16_lch_0.20_lov_0.06_gateasym_0.00_w_4.0_5_2025_08_11_10_55_04,nmos,0.16,0.2,0.06,0.0,4.0,5
gax_mod_fet_tlm_nmos_lc_0.16_lch_0.20_lov_0.06_gateasym_0.00_w_4.0_6_2025_08_11_10_54_21,./scripts/die1-1_full_sweep\die_x_1_y_-1\gax_mod_fet_tlm_nmos_lc_0.16_lch_0.20_lov_0.06_gateasym_0.00_w_4.0_6_2025_08_11_10_54_21,nmos,0.16,0.2,0.06,0.0,4.0,6
gax_mod_fet_tlm_nmos_lc_0.16_lch_0.20_lov_0.06_gateasym_0.00_w_4.0_7_2025_08_11_10_53_38,./scripts/die1-1_full_sweep\die_x_1_y_-1\gax_mod_fet_tlm_nmos_lc_0.16_lch_0.20_lov_0.06_gateasym_0.00_w_4.0_7_2025_08_11_10_53_38,nmos,0.16,0.2,0.06,0.0,4.0,7
gax_mod_fet_tlm_nmos_lc_0.16_lch_0.20_lov_0.06_gateasym_0.00_w_4.0_8_2025_08_11_10_52_56,./scripts/die1-1_full_sweep\die_x_1_y_-1\gax_mod_fet_tlm_nmos_lc_0.16_lch_0.20_lov_0.06_gateasym_0.00_w_4.0_8_2025_08_11_10_52_56,nmos,0.16,0.2,0.06,0.0,4.0,8
gax_mod_fet_tlm_nmos_lc_0.16_lch_0.20_lov_0.06_gateasym_0.00_w_4.0_9_2025_08_11_10_52_13,./scripts/die1-1_full_sweep\die_x_1_y_-1\gax_mod_fet_tlm_nmos_lc_0.16_lch_0.20_lov_0.06_gateasym_0.00_w_4.0_9_2025_08_11_10_52_13,nmos,0.16,0.2,0.06,0.0,4.0,9
gax_mod_fet_tlm_nmos_lc_0.16_lch_0.40_lov_0.06_gateasym_0.00_w_4.0_0_2025_08_11_10_24_17,./scripts/die1-1_full_sweep\die_x_1_y_-1\gax_mod_fet_tlm_nmos_lc_0.16_lch_0.40_lov_0.06_gateasym_0.00_w_4.0_0_2025_08_11_10_24_17,nmos,0.16,0.4,0.06,0.0,4.0,0
gax_mod_fet_tlm_nmos_lc_0.16_lch_0.40_lov_0.06_gateasym_0.00_w_4.0_10_2025_08_11_10_17_07,./scripts/die1-1_full_sweep\die_x_1_y_-1\gax_mod_fet_tlm_nmos_lc_0.16_lch_0.40_lov_0.06_gateasym_0.00_w_4.0_10_2025_08_11_10_17_07,nmos,0.16,0.4,0.06,0.0,4.0,10
gax_mod_fet_tlm_nmos_lc_0.16_lch_0.40_lov_0.06_gateasym_0.00_w_4.0_11_2025_08_11_10_16_24,./scripts/die1-1_full_sweep\die_x_1_y_-1\gax_mod_fet_tlm_nmos_lc_0.16_lch_0.40_lov_0.06_gateasym_0.00_w_4.0_11_2025_08_11_10_16_24,nmos,0.16,0.4,0.06,0.0,4.0,11
gax_mod_fet_tlm_nmos_lc_0.16_lch_0.40_lov_0.06_gateasym_0.00_w_4.0_12_2025_08_11_10_15_40,./scripts/die1-1_full_sweep\die_x_1_y_-1\gax_mod_fet_tlm_nmos_lc_0.16_lch_0.40_lov_0.06_gateasym_0.00_w_4.0_12_2025_08_11_10_15_40,nmos,0.16,0.4,0.06,0.0,4.0,12
gax_mod_fet_tlm_nmos_lc_0.16_lch_0.40_lov_0.06_gateasym_0.00_w_4.0_13_2025_08_11_10_14_58,./scripts/die1-1_full_sweep\die_x_1_y_-1\gax_mod_fet_tlm_nmos_lc_0.16_lch_0.40_lov_0.06_gateasym_0.00_w_4.0_13_2025_08_11_10_14_58,nmos,0.16,0.4,0.06,0.0,4.0,13
gax_mod_fet_tlm_nmos_lc_0.16_lch_0.40_lov_0.06_gateasym_0.00_w_4.0_14_2025_08_11_10_14_15,./scripts/die1-1_full_sweep\die_x_1_y_-1\gax_mod_fet_tlm_nmos_lc_0.16_lch_0.40_lov_0.06_gateasym_0.00_w_4.0_14_2025_08_11_10_14_15,nmos,0.16,0.4,0.06,0.0,4.0,14
gax_mod_fet_tlm_nmos_lc_0.16_lch_0.40_lov_0.06_gateasym_0.00_w_4.0_15_2025_08_11_10_13_32,./scripts/die1-1_full_sweep\die_x_1_y_-1\gax_mod_fet_tlm_nmos_lc_0.16_lch_0.40_lov_0.06_gateasym_0.00_w_4.0_15_2025_08_11_10_13_32,nmos,0.16,0.4,0.06,0.0,4.0,15
gax_mod_fet_tlm_nmos_lc_0.16_lch_0.40_lov_0.06_gateasym_0.00_w_4.0_16_2025_08_11_10_12_49,./scripts/die1-1_full_sweep\die_x_1_y_-1\gax_mod_fet_tlm_nmos_lc_0.16_lch_0.40_lov_0.06_gateasym_0.00_w_4.0_16_2025_08_11_10_12_49,nmos,0.16,0.4,0.06,0.0,4.0,16
gax_mod_fet_tlm_nmos_lc_0.16_lch_0.40_lov_0.06_gateasym_0.00_w_4.0_17_2025_08_11_10_12_06,./scripts/die1-1_full_sweep\die_x_1_y_-1\gax_mod_fet_tlm_nmos_lc_0.16_lch_0.40_lov_0.06_gateasym_0.00_w_4.0_17_2025_08_11_10_12_06,nmos,0.16,0.4,0.06,0.0,4.0,17
gax_mod_fet_tlm_nmos_lc_0.16_lch_0.40_lov_0.06_gateasym_0.00_w_4.0_18_2025_08_11_10_11_23,./scripts/die1-1_full_sweep\die_x_1_y_-1\gax_mod_fet_tlm_nmos_lc_0.16_lch_0.40_lov_0.06_gateasym_0.00_w_4.0_18_2025_08_11_10_11_23,nmos,0.16,0.4,0.06,0.0,4.0,18
gax_mod_fet_tlm_nmos_lc_0.16_lch_0.40_lov_0.06_gateasym_0.00_w_4.0_19_2025_08_11_10_10_40,./scripts/die1-1_full_sweep\die_x_1_y_-1\gax_mod_fet_tlm_nmos_lc_0.16_lch_0.40_lov_0.06_gateasym_0.00_w_4.0_19_2025_08_11_10_10_40,nmos,0.16,0.4,0.06,0.0,4.0,19
gax_mod_fet_tlm_nmos_lc_0.16_lch_0.40_lov_0.06_gateasym_0.00_w_4.0_1_2025_08_11_10_23_34,./scripts/die1-1_full_sweep\die_x_1_y_-1\gax_mod_fet_tlm_nmos_lc_0.16_lch_0.40_lov_0.06_gateasym_0.00_w_4.0_1_2025_08_11_10_23_34,nmos,0.16,0.4,0.06,0.0,4.0,1
gax_mod_fet_tlm_nmos_lc_0.16_lch_0.40_lov_0.06_gateasym_0.00_w_4.0_20_2025_08_11_10_09_57,./scripts/die1-1_full_sweep\die_x_1_y_-1\gax_mod_fet_tlm_nmos_lc_0.16_lch_0.40_lov_0.06_gateasym_0.00_w_4.0_20_2025_08_11_10_09_57,nmos,0.16,0.4,0.06,0.0,4.0,20
gax_mod_fet_tlm_nmos_lc_0.16_lch_0.40_lov_0.06_gateasym_0.00_w_4.0_21_2025_08_11_10_09_14,./scripts/die1-1_full_sweep\die_x_1_y_-1\gax_mod_fet_tlm_nmos_lc_0.16_lch_0.40_lov_0.06_gateasym_0.00_w_4.0_21_2025_08_11_10_09_14,nmos,0.16,0.4,0.06,0.0,4.0,21
gax_mod_fet_tlm_nmos_lc_0.16_lch_0.40_lov_0.06_gateasym_0.00_w_4.0_22_2025_08_11_10_08_31,./scripts/die1-1_full_sweep\die_x_1_y_-1\gax_mod_fet_tlm_nmos_lc_0.16_lch_0.40_lov_0.06_gateasym_0.00_w_4.0_22_2025_08_11_10_08_31,nmos,0.16,0.4,0.06,0.0,4.0,22
gax_mod_fet_tlm_nmos_lc_0.16_lch_0.40_lov_0.06_gateasym_0.00_w_4.0_23_2025_08_11_10_07_49,./scripts/die1-1_full_sweep\die_x_1_y_-1\gax_mod_fet_tlm_nmos_lc_0.16_lch_0.40_lov_0.06_gateasym_0.00_w_4.0_23_2025_08_11_10_07_49,nmos,0.16,0.4,0.06,0.0,4.0,23
gax_mod_fet_tlm_nmos_lc_0.16_lch_0.40_lov_0.06_gateasym_0.00_w_4.0_2_2025_08_11_10_22_51,./scripts/die1-1_full_sweep\die_x_1_y_-1\gax_mod_fet_tlm_nmos_lc_0.16_lch_0.40_lov_0.06_gateasym_0.00_w_4.0_2_2025_08_11_10_22_51,nmos,0.16,0.4,0.06,0.0,4.0,2
gax_mod_fet_tlm_nmos_lc_0.16_lch_0.40_lov_0.06_gateasym_0.00_w_4.0_3_2025_08_11_10_22_08,./scripts/die1-1_full_sweep\die_x_1_y_-1\gax_mod_fet_tlm_nmos_lc_0.16_lch_0.40_lov_0.06_gateasym_0.00_w_4.0_3_2025_08_11_10_22_08,nmos,0.16,0.4,0.06,0.0,4.0,3
gax_mod_fet_tlm_nmos_lc_0.16_lch_0.40_lov_0.06_gateasym_0.00_w_4.0_4_2025_08_11_10_21_25,./scripts/die1-1_full_sweep\die_x_1_y_-1\gax_mod_fet_tlm_nmos_lc_0.16_lch_0.40_lov_0.06_gateasym_0.00_w_4.0_4_2025_08_11_10_21_25,nmos,0.16,0.4,0.06,0.0,4.0,4
gax_mod_fet_tlm_nmos_lc_0.16_lch_0.40_lov_0.06_gateasym_0.00_w_4.0_5_2025_08_11_10_20_42,./scripts/die1-1_full_sweep\die_x_1_y_-1\gax_mod_fet_tlm_nmos_lc_0.16_lch_0.40_lov_0.06_gateasym_0.00_w_4.0_5_2025_08_11_10_20_42,nmos,0.16,0.4,0.06,0.0,4.0,5
gax_mod_fet_tlm_nmos_lc_0.16_lch_0.40_lov_0.06_gateasym_0.00_w_4.0_6_2025_08_11_10_19_59,./scripts/die1-1_full_sweep\die_x_1_y_-1\gax_mod_fet_tlm_nmos_lc_0.16_lch_0.40_lov_0.06_gateasym_0.00_w_4.0_6_2025_08_11_10_19_59,nmos,0.16,0.4,0.06,0.0,4.0,6
gax_mod_fet_tlm_nmos_lc_0.16_lch_0.40_lov_0.06_gateasym_0.00_w_4.0_7_2025_08_11_10_19_16,./scripts/die1-1_full_sweep\die_x_1_y_-1\gax_mod_fet_tlm_nmos_lc_0.16_lch_0.40_lov_0.06_gateasym_0.00_w_4.0_7_2025_08_11_10_19_16,nmos,0.16,0.4,0.06,0.0,4.0,7
gax_mod_fet_tlm_nmos_lc_0.16_lch_0.40_lov_0.06_gateasym_0.00_w_4.0_8_2025_08_11_10_18_33,./scripts/die1-1_full_sweep\die_x_1_y_-1\gax_mod_fet_tlm_nmos_lc_0.16_lch_0.40_lov_0.06_gateasym_0.00_w_4.0_8_2025_08_11_10_18_33,nmos,0.16,0.4,0.06,0.0,4.0,8
gax_mod_fet_tlm_nmos_lc_0.16_lch_0.40_lov_0.06_gateasym_0.00_w_4.0_9_2025_08_11_10_17_50,./scripts/die1-1_full_sweep\die_x_1_y_-1\gax_mod_fet_tlm_nmos_lc_0.16_lch_0.40_lov_0.06_gateasym_0.00_w_4.0_9_2025_08_11_10_17_50,nmos,0.16,0.4,0.06,0.0,4.0,9
gax_mod_fet_tlm_nmos_lc_0.20_lch_0.12_lov_0.06_gateasym_0.00_w_4.0_0_2025_08_11_09_50_28,./scripts/die1-1_full_sweep\die_x_1_y_-1\gax_mod_fet_tlm_nmos_lc_0.20_lch_0.12_lov_0.06_gateasym_0.00_w_4.0_0_2025_08_11_09_50_28,nmos,0.2,0.12,0.06,0.0,4.0,0
gax_mod_fet_tlm_nmos_lc_0.20_lch_0.12_lov_0.06_gateasym_0.00_w_4.0_10_2025_08_11_09_43_30,./scripts/die1-1_full_sweep\die_x_1_y_-1\gax_mod_fet_tlm_nmos_lc_0.20_lch_0.12_lov_0.06_gateasym_0.00_w_4.0_10_2025_08_11_09_43_30,nmos,0.2,0.12,0.06,0.0,4.0,10
gax_mod_fet_tlm_nmos_lc_0.20_lch_0.12_lov_0.06_gateasym_0.00_w_4.0_11_2025_08_11_09_42_49,./scripts/die1-1_full_sweep\die_x_1_y_-1\gax_mod_fet_tlm_nmos_lc_0.20_lch_0.12_lov_0.06_gateasym_0.00_w_4.0_11_2025_08_11_09_42_49,nmos,0.2,0.12,0.06,0.0,4.0,11
gax_mod_fet_tlm_nmos_lc_0.20_lch_0.12_lov_0.06_gateasym_0.00_w_4.0_12_2025_08_11_09_42_11,./scripts/die1-1_full_sweep\die_x_1_y_-1\gax_mod_fet_tlm_nmos_lc_0.20_lch_0.12_lov_0.06_gateasym_0.00_w_4.0_12_2025_08_11_09_42_11,nmos,0.2,0.12,0.06,0.0,4.0,12
gax_mod_fet_tlm_nmos_lc_0.20_lch_0.12_lov_0.06_gateasym_0.00_w_4.0_13_2025_08_11_09_41_29,./scripts/die1-1_full_sweep\die_x_1_y_-1\gax_mod_fet_tlm_nmos_lc_0.20_lch_0.12_lov_0.06_gateasym_0.00_w_4.0_13_2025_08_11_09_41_29,nmos,0.2,0.12,0.06,0.0,4.0,13
gax_mod_fet_tlm_nmos_lc_0.20_lch_0.12_lov_0.06_gateasym_0.00_w_4.0_14_2025_08_11_09_40_48,./scripts/die1-1_full_sweep\die_x_1_y_-1\gax_mod_fet_tlm_nmos_lc_0.20_lch_0.12_lov_0.06_gateasym_0.00_w_4.0_14_2025_08_11_09_40_48,nmos,0.2,0.12,0.06,0.0,4.0,14
gax_mod_fet_tlm_nmos_lc_0.20_lch_0.12_lov_0.06_gateasym_0.00_w_4.0_15_2025_08_11_09_40_06,./scripts/die1-1_full_sweep\die_x_1_y_-1\gax_mod_fet_tlm_nmos_lc_0.20_lch_0.12_lov_0.06_gateasym_0.00_w_4.0_15_2025_08_11_09_40_06,nmos,0.2,0.12,0.06,0.0,4.0,15
gax_mod_fet_tlm_nmos_lc_0.20_lch_0.12_lov_0.06_gateasym_0.00_w_4.0_16_2025_08_11_09_39_25,./scripts/die1-1_full_sweep\die_x_1_y_-1\gax_mod_fet_tlm_nmos_lc_0.20_lch_0.12_lov_0.06_gateasym_0.00_w_4.0_16_2025_08_11_09_39_25,nmos,0.2,0.12,0.06,0.0,4.0,16
gax_mod_fet_tlm_nmos_lc_0.20_lch_0.12_lov_0.06_gateasym_0.00_w_4.0_17_2025_08_11_09_38_43,./scripts/die1-1_full_sweep\die_x_1_y_-1\gax_mod_fet_tlm_nmos_lc_0.20_lch_0.12_lov_0.06_gateasym_0.00_w_4.0_17_2025_08_11_09_38_43,nmos,0.2,0.12,0.06,0.0,4.0,17
gax_mod_fet_tlm_nmos_lc_0.20_lch_0.12_lov_0.06_gateasym_0.00_w_4.0_18_2025_08_11_09_38_01,./scripts/die1-1_full_sweep\die_x_1_y_-1\gax_mod_fet_tlm_nmos_lc_0.20_lch_0.12_lov_0.06_gateasym_0.00_w_4.0_18_2025_08_11_09_38_01,nmos,0.2,0.12,0.06,0.0,4.0,18
gax_mod_fet_tlm_nmos_lc_0.20_lch_0.12_lov_0.06_gateasym_0.00_w_4.0_19_2025_08_11_09_37_20,./scripts/die1-1_full_sweep\die_x_1_y_-1\gax_mod_fet_tlm_nmos_lc_0.20_lch_0.12_lov_0.06_gateasym_0.00_w_4.0_19_2025_08_11_09_37_20,nmos,0.2,0.12,0.06,0.0,4.0,19
gax_mod_fet_tlm_nmos_lc_0.20_lch_0.12_lov_0.06_gateasym_0.00_w_4.0_1_2025_08_11_09_49_46,./scripts/die1-1_full_sweep\die_x_1_y_-1\gax_mod_fet_tlm_nmos_lc_0.20_lch_0.12_lov_0.06_gateasym_0.00_w_4.0_1_2025_08_11_09_49_46,nmos,0.2,0.12,0.06,0.0,4.0,1
gax_mod_fet_tlm_nmos_lc_0.20_lch_0.12_lov_0.06_gateasym_0.00_w_4.0_20_2025_08_11_09_36_38,./scripts/die1-1_full_sweep\die_x_1_y_-1\gax_mod_fet_tlm_nmos_lc_0.20_lch_0.12_lov_0.06_gateasym_0.00_w_4.0_20_2025_08_11_09_36_38,nmos,0.2,0.12,0.06,0.0,4.0,20
gax_mod_fet_tlm_nmos_lc_0.20_lch_0.12_lov_0.06_gateasym_0.00_w_4.0_21_2025_08_11_09_35_57,./scripts/die1-1_full_sweep\die_x_1_y_-1\gax_mod_fet_tlm_nmos_lc_0.20_lch_0.12_lov_0.06_gateasym_0.00_w_4.0_21_2025_08_11_09_35_57,nmos,0.2,0.12,0.06,0.0,4.0,21
gax_mod_fet_tlm_nmos_lc_0.20_lch_0.12_lov_0.06_gateasym_0.00_w_4.0_22_2025_08_11_09_35_16,./scripts/die1-1_full_sweep\die_x_1_y_-1\gax_mod_fet_tlm_nmos_lc_0.20_lch_0.12_lov_0.06_gateasym_0.00_w_4.0_22_2025_08_11_09_35_16,nmos,0.2,0.12,0.06,0.0,4.0,22
gax_mod_fet_tlm_nmos_lc_0.20_lch_0.12_lov_0.06_gateasym_0.00_w_4.0_23_2025_08_11_09_34_34,./scripts/die1-1_full_sweep\die_x_1_y_-1\gax_mod_fet_tlm_nmos_lc_0.20_lch_0.12_lov_0.06_gateasym_0.00_w_4.0_23_2025_08_11_09_34_34,nmos,0.2,0.12,0.06,0.0,4.0,23
gax_mod_fet_tlm_nmos_lc_0.20_lch_0.12_lov_0.06_gateasym_0.00_w_4.0_2_2025_08_11_09_49_04,./scripts/die1-1_full_sweep\die_x_1_y_-1\gax_mod_fet_tlm_nmos_lc_0.20_lch_0.12_lov_0.06_gateasym_0.00_w_4.0_2_2025_08_11_09_49_04,nmos,0.2,0.12,0.06,0.0,4.0,2
gax_mod_fet_tlm_nmos_lc_0.20_lch_0.12_lov_0.06_gateasym_0.00_w_4.0_3_2025_08_11_09_48_22,./scripts/die1-1_full_sweep\die_x_1_y_-1\gax_mod_fet_tlm_nmos_lc_0.20_lch_0.12_lov_0.06_gateasym_0.00_w_4.0_3_2025_08_11_09_48_22,nmos,0.2,0.12,0.06,0.0,4.0,3
gax_mod_fet_tlm_nmos_lc_0.20_lch_0.12_lov_0.06_gateasym_0.00_w_4.0_4_2025_08_11_09_47_40,./scripts/die1-1_full_sweep\die_x_1_y_-1\gax_mod_fet_tlm_nmos_lc_0.20_lch_0.12_lov_0.06_gateasym_0.00_w_4.0_4_2025_08_11_09_47_40,nmos,0.2,0.12,0.06,0.0,4.0,4
gax_mod_fet_tlm_nmos_lc_0.20_lch_0.12_lov_0.06_gateasym_0.00_w_4.0_5_2025_08_11_09_46_58,./scripts/die1-1_full_sweep\die_x_1_y_-1\gax_mod_fet_tlm_nmos_lc_0.20_lch_0.12_lov_0.06_gateasym_0.00_w_4.0_5_2025_08_11_09_46_58,nmos,0.2,0.12,0.06,0.0,4.0,5
gax_mod_fet_tlm_nmos_lc_0.20_lch_0.12_lov_0.06_gateasym_0.00_w_4.0_6_2025_08_11_09_46_16,./scripts/die1-1_full_sweep\die_x_1_y_-1\gax_mod_fet_tlm_nmos_lc_0.20_lch_0.12_lov_0.06_gateasym_0.00_w_4.0_6_2025_08_11_09_46_16,nmos,0.2,0.12,0.06,0.0,4.0,6
gax_mod_fet_tlm_nmos_lc_0.20_lch_0.12_lov_0.06_gateasym_0.00_w_4.0_7_2025_08_11_09_45_35,./scripts/die1-1_full_sweep\die_x_1_y_-1\gax_mod_fet_tlm_nmos_lc_0.20_lch_0.12_lov_0.06_gateasym_0.00_w_4.0_7_2025_08_11_09_45_35,nmos,0.2,0.12,0.06,0.0,4.0,7
gax_mod_fet_tlm_nmos_lc_0.20_lch_0.12_lov_0.06_gateasym_0.00_w_4.0_8_2025_08_11_09_44_53,./scripts/die1-1_full_sweep\die_x_1_y_-1\gax_mod_fet_tlm_nmos_lc_0.20_lch_0.12_lov_0.06_gateasym_0.00_w_4.0_8_2025_08_11_09_44_53,nmos,0.2,0.12,0.06,0.0,4.0,8
gax_mod_fet_tlm_nmos_lc_0.20_lch_0.12_lov_0.06_gateasym_0.00_w_4.0_9_2025_08_11_09_44_12,./scripts/die1-1_full_sweep\die_x_1_y_-1\gax_mod_fet_tlm_nmos_lc_0.20_lch_0.12_lov_0.06_gateasym_0.00_w_4.0_9_2025_08_11_09_44_12,nmos,0.2,0.12,0.06,0.0,4.0,9
gax_mod_fet_tlm_nmos_lc_0.20_lch_0.14_lov_0.06_gateasym_0.00_w_4.0_0_2025_08_11_09_16_52,./scripts/die1-1_full_sweep\die_x_1_y_-1\gax_mod_fet_tlm_nmos_lc_0.20_lch_0.14_lov_0.06_gateasym_0.00_w_4.0_0_2025_08_11_09_16_52,nmos,0.2,0.14,0.06,0.0,4.0,0
gax_mod_fet_tlm_nmos_lc_0.20_lch_0.14_lov_0.06_gateasym_0.00_w_4.0_10_2025_08_11_09_09_45,./scripts/die1-1_full_sweep\die_x_1_y_-1\gax_mod_fet_tlm_nmos_lc_0.20_lch_0.14_lov_0.06_gateasym_0.00_w_4.0_10_2025_08_11_09_09_45,nmos,0.2,0.14,0.06,0.0,4.0,10
gax_mod_fet_tlm_nmos_lc_0.20_lch_0.14_lov_0.06_gateasym_0.00_w_4.0_11_2025_08_11_09_09_02,./scripts/die1-1_full_sweep\die_x_1_y_-1\gax_mod_fet_tlm_nmos_lc_0.20_lch_0.14_lov_0.06_gateasym_0.00_w_4.0_11_2025_08_11_09_09_02,nmos,0.2,0.14,0.06,0.0,4.0,11
gax_mod_fet_tlm_nmos_lc_0.20_lch_0.14_lov_0.06_gateasym_0.00_w_4.0_12_2025_08_11_09_08_19,./scripts/die1-1_full_sweep\die_x_1_y_-1\gax_mod_fet_tlm_nmos_lc_0.20_lch_0.14_lov_0.06_gateasym_0.00_w_4.0_12_2025_08_11_09_08_19,nmos,0.2,0.14,0.06,0.0,4.0,12
gax_mod_fet_tlm_nmos_lc_0.20_lch_0.14_lov_0.06_gateasym_0.00_w_4.0_13_2025_08_11_09_07_37,./scripts/die1-1_full_sweep\die_x_1_y_-1\gax_mod_fet_tlm_nmos_lc_0.20_lch_0.14_lov_0.06_gateasym_0.00_w_4.0_13_2025_08_11_09_07_37,nmos,0.2,0.14,0.06,0.0,4.0,13
gax_mod_fet_tlm_nmos_lc_0.20_lch_0.14_lov_0.06_gateasym_0.00_w_4.0_14_2025_08_11_09_06_54,./scripts/die1-1_full_sweep\die_x_1_y_-1\gax_mod_fet_tlm_nmos_lc_0.20_lch_0.14_lov_0.06_gateasym_0.00_w_4.0_14_2025_08_11_09_06_54,nmos,0.2,0.14,0.06,0.0,4.0,14
gax_mod_fet_tlm_nmos_lc_0.20_lch_0.14_lov_0.06_gateasym_0.00_w_4.0_15_2025_08_11_09_06_11,./scripts/die1-1_full_sweep\die_x_1_y_-1\gax_mod_fet_tlm_nmos_lc_0.20_lch_0.14_lov_0.06_gateasym_0.00_w_4.0_15_2025_08_11_09_06_11,nmos,0.2,0.14,0.06,0.0,4.0,15
gax_mod_fet_tlm_nmos_lc_0.20_lch_0.14_lov_0.06_gateasym_0.00_w_4.0_16_2025_08_11_09_05_29,./scripts/die1-1_full_sweep\die_x_1_y_-1\gax_mod_fet_tlm_nmos_lc_0.20_lch_0.14_lov_0.06_gateasym_0.00_w_4.0_16_2025_08_11_09_05_29,nmos,0.2,0.14,0.06,0.0,4.0,16
gax_mod_fet_tlm_nmos_lc_0.20_lch_0.14_lov_0.06_gateasym_0.00_w_4.0_17_2025_08_11_09_04_47,./scripts/die1-1_full_sweep\die_x_1_y_-1\gax_mod_fet_tlm_nmos_lc_0.20_lch_0.14_lov_0.06_gateasym_0.00_w_4.0_17_2025_08_11_09_04_47,nmos,0.2,0.14,0.06,0.0,4.0,17
gax_mod_fet_tlm_nmos_lc_0.20_lch_0.14_lov_0.06_gateasym_0.00_w_4.0_18_2025_08_11_09_04_04,./scripts/die1-1_full_sweep\die_x_1_y_-1\gax_mod_fet_tlm_nmos_lc_0.20_lch_0.14_lov_0.06_gateasym_0.00_w_4.0_18_2025_08_11_09_04_04,nmos,0.2,0.14,0.06,0.0,4.0,18
gax_mod_fet_tlm_nmos_lc_0.20_lch_0.14_lov_0.06_gateasym_0.00_w_4.0_19_2025_08_11_09_03_21,./scripts/die1-1_full_sweep\die_x_1_y_-1\gax_mod_fet_tlm_nmos_lc_0.20_lch_0.14_lov_0.06_gateasym_0.00_w_4.0_19_2025_08_11_09_03_21,nmos,0.2,0.14,0.06,0.0,4.0,19
gax_mod_fet_tlm_nmos_lc_0.20_lch_0.14_lov_0.06_gateasym_0.00_w_4.0_1_2025_08_11_09_16_09,./scripts/die1-1_full_sweep\die_x_1_y_-1\gax_mod_fet_tlm_nmos_lc_0.20_lch_0.14_lov_0.06_gateasym_0.00_w_4.0_1_2025_08_11_09_16_09,nmos,0.2,0.14,0.06,0.0,4.0,1
gax_mod_fet_tlm_nmos_lc_0.20_lch_0.14_lov_0.06_gateasym_0.00_w_4.0_20_2025_08_11_09_02_38,./scripts/die1-1_full_sweep\die_x_1_y_-1\gax_mod_fet_tlm_nmos_lc_0.20_lch_0.14_lov_0.06_gateasym_0.00_w_4.0_20_2025_08_11_09_02_38,nmos,0.2,0.14,0.06,0.0,4.0,20
gax_mod_fet_tlm_nmos_lc_0.20_lch_0.14_lov_0.06_gateasym_0.00_w_4.0_21_2025_08_11_09_01_56,./scripts/die1-1_full_sweep\die_x_1_y_-1\gax_mod_fet_tlm_nmos_lc_0.20_lch_0.14_lov_0.06_gateasym_0.00_w_4.0_21_2025_08_11_09_01_56,nmos,0.2,0.14,0.06,0.0,4.0,21
gax_mod_fet_tlm_nmos_lc_0.20_lch_0.14_lov_0.06_gateasym_0.00_w_4.0_22_2025_08_11_09_01_13,./scripts/die1-1_full_sweep\die_x_1_y_-1\gax_mod_fet_tlm_nmos_lc_0.20_lch_0.14_lov_0.06_gateasym_0.00_w_4.0_22_2025_08_11_09_01_13,nmos,0.2,0.14,0.06,0.0,4.0,22
gax_mod_fet_tlm_nmos_lc_0.20_lch_0.14_lov_0.06_gateasym_0.00_w_4.0_23_2025_08_11_09_00_31,./scripts/die1-1_full_sweep\die_x_1_y_-1\gax_mod_fet_tlm_nmos_lc_0.20_lch_0.14_lov_0.06_gateasym_0.00_w_4.0_23_2025_08_11_09_00_31,nmos,0.2,0.14,0.06,0.0,4.0,23
gax_mod_fet_tlm_nmos_lc_0.20_lch_0.14_lov_0.06_gateasym_0.00_w_4.0_2_2025_08_11_09_15_27,./scripts/die1-1_full_sweep\die_x_1_y_-1\gax_mod_fet_tlm_nmos_lc_0.20_lch_0.14_lov_0.06_gateasym_0.00_w_4.0_2_2025_08_11_09_15_27,nmos,0.2,0.14,0.06,0.0,4.0,2
gax_mod_fet_tlm_nmos_lc_0.20_lch_0.14_lov_0.06_gateasym_0.00_w_4.0_3_2025_08_11_09_14_44,./scripts/die1-1_full_sweep\die_x_1_y_-1\gax_mod_fet_tlm_nmos_lc_0.20_lch_0.14_lov_0.06_gateasym_0.00_w_4.0_3_2025_08_11_09_14_44,nmos,0.2,0.14,0.06,0.0,4.0,3
gax_mod_fet_tlm_nmos_lc_0.20_lch_0.14_lov_0.06_gateasym_0.00_w_4.0_4_2025_08_11_09_14_01,./scripts/die1-1_full_sweep\die_x_1_y_-1\gax_mod_fet_tlm_nmos_lc_0.20_lch_0.14_lov_0.06_gateasym_0.00_w_4.0_4_2025_08_11_09_14_01,nmos,0.2,0.14,0.06,0.0,4.0,4
gax_mod_fet_tlm_nmos_lc_0.20_lch_0.14_lov_0.06_gateasym_0.00_w_4.0_5_2025_08_11_09_13_18,./scripts/die1-1_full_sweep\die_x_1_y_-1\gax_mod_fet_tlm_nmos_lc_0.20_lch_0.14_lov_0.06_gateasym_0.00_w_4.0_5_2025_08_11_09_13_18,nmos,0.2,0.14,0.06,0.0,4.0,5
gax_mod_fet_tlm_nmos_lc_0.20_lch_0.14_lov_0.06_gateasym_0.00_w_4.0_6_2025_08_11_09_12_35,./scripts/die1-1_full_sweep\die_x_1_y_-1\gax_mod_fet_tlm_nmos_lc_0.20_lch_0.14_lov_0.06_gateasym_0.00_w_4.0_6_2025_08_11_09_12_35,nmos,0.2,0.14,0.06,0.0,4.0,6
gax_mod_fet_tlm_nmos_lc_0.20_lch_0.14_lov_0.06_gateasym_0.00_w_4.0_7_2025_08_11_09_11_53,./scripts/die1-1_full_sweep\die_x_1_y_-1\gax_mod_fet_tlm_nmos_lc_0.20_lch_0.14_lov_0.06_gateasym_0.00_w_4.0_7_2025_08_11_09_11_53,nmos,0.2,0.14,0.06,0.0,4.0,7
gax_mod_fet_tlm_nmos_lc_0.20_lch_0.14_lov_0.06_gateasym_0.00_w_4.0_8_2025_08_11_09_11_10,./scripts/die1-1_full_sweep\die_x_1_y_-1\gax_mod_fet_tlm_nmos_lc_0.20_lch_0.14_lov_0.06_gateasym_0.00_w_4.0_8_2025_08_11_09_11_10,nmos,0.2,0.14,0.06,0.0,4.0,8
gax_mod_fet_tlm_nmos_lc_0.20_lch_0.14_lov_0.06_gateasym_0.00_w_4.0_9_2025_08_11_09_10_27,./scripts/die1-1_full_sweep\die_x_1_y_-1\gax_mod_fet_tlm_nmos_lc_0.20_lch_0.14_lov_0.06_gateasym_0.00_w_4.0_9_2025_08_11_09_10_27,nmos,0.2,0.14,0.06,0.0,4.0,9
gax_mod_fet_tlm_nmos_lc_0.20_lch_0.16_lov_0.06_gateasym_0.00_w_4.0_0_2025_08_11_08_42_43,./scripts/die1-1_full_sweep\die_x_1_y_-1\gax_mod_fet_tlm_nmos_lc_0.20_lch_0.16_lov_0.06_gateasym_0.00_w_4.0_0_2025_08_11_08_42_43,nmos,0.2,0.16,0.06,0.0,4.0,0
gax_mod_fet_tlm_nmos_lc_0.20_lch_0.16_lov_0.06_gateasym_0.00_w_4.0_10_2025_08_11_08_35_35,./scripts/die1-1_full_sweep\die_x_1_y_-1\gax_mod_fet_tlm_nmos_lc_0.20_lch_0.16_lov_0.06_gateasym_0.00_w_4.0_10_2025_08_11_08_35_35,nmos,0.2,0.16,0.06,0.0,4.0,10
gax_mod_fet_tlm_nmos_lc_0.20_lch_0.16_lov_0.06_gateasym_0.00_w_4.0_11_2025_08_11_08_34_53,./scripts/die1-1_full_sweep\die_x_1_y_-1\gax_mod_fet_tlm_nmos_lc_0.20_lch_0.16_lov_0.06_gateasym_0.00_w_4.0_11_2025_08_11_08_34_53,nmos,0.2,0.16,0.06,0.0,4.0,11
gax_mod_fet_tlm_nmos_lc_0.20_lch_0.16_lov_0.06_gateasym_0.00_w_4.0_12_2025_08_11_08_34_10,./scripts/die1-1_full_sweep\die_x_1_y_-1\gax_mod_fet_tlm_nmos_lc_0.20_lch_0.16_lov_0.06_gateasym_0.00_w_4.0_12_2025_08_11_08_34_10,nmos,0.2,0.16,0.06,0.0,4.0,12
gax_mod_fet_tlm_nmos_lc_0.20_lch_0.16_lov_0.06_gateasym_0.00_w_4.0_13_2025_08_11_08_33_28,./scripts/die1-1_full_sweep\die_x_1_y_-1\gax_mod_fet_tlm_nmos_lc_0.20_lch_0.16_lov_0.06_gateasym_0.00_w_4.0_13_2025_08_11_08_33_28,nmos,0.2,0.16,0.06,0.0,4.0,13
gax_mod_fet_tlm_nmos_lc_0.20_lch_0.16_lov_0.06_gateasym_0.00_w_4.0_14_2025_08_11_08_32_45,./scripts/die1-1_full_sweep\die_x_1_y_-1\gax_mod_fet_tlm_nmos_lc_0.20_lch_0.16_lov_0.06_gateasym_0.00_w_4.0_14_2025_08_11_08_32_45,nmos,0.2,0.16,0.06,0.0,4.0,14
gax_mod_fet_tlm_nmos_lc_0.20_lch_0.16_lov_0.06_gateasym_0.00_w_4.0_15_2025_08_11_08_32_02,./scripts/die1-1_full_sweep\die_x_1_y_-1\gax_mod_fet_tlm_nmos_lc_0.20_lch_0.16_lov_0.06_gateasym_0.00_w_4.0_15_2025_08_11_08_32_02,nmos,0.2,0.16,0.06,0.0,4.0,15
gax_mod_fet_tlm_nmos_lc_0.20_lch_0.16_lov_0.06_gateasym_0.00_w_4.0_16_2025_08_11_08_31_20,./scripts/die1-1_full_sweep\die_x_1_y_-1\gax_mod_fet_tlm_nmos_lc_0.20_lch_0.16_lov_0.06_gateasym_0.00_w_4.0_16_2025_08_11_08_31_20,nmos,0.2,0.16,0.06,0.0,4.0,16
gax_mod_fet_tlm_nmos_lc_0.20_lch_0.16_lov_0.06_gateasym_0.00_w_4.0_17_2025_08_11_08_30_37,./scripts/die1-1_full_sweep\die_x_1_y_-1\gax_mod_fet_tlm_nmos_lc_0.20_lch_0.16_lov_0.06_gateasym_0.00_w_4.0_17_2025_08_11_08_30_37,nmos,0.2,0.16,0.06,0.0,4.0,17
gax_mod_fet_tlm_nmos_lc_0.20_lch_0.16_lov_0.06_gateasym_0.00_w_4.0_18_2025_08_11_08_29_55,./scripts/die1-1_full_sweep\die_x_1_y_-1\gax_mod_fet_tlm_nmos_lc_0.20_lch_0.16_lov_0.06_gateasym_0.00_w_4.0_18_2025_08_11_08_29_55,nmos,0.2,0.16,0.06,0.0,4.0,18
gax_mod_fet_tlm_nmos_lc_0.20_lch_0.16_lov_0.06_gateasym_0.00_w_4.0_19_2025_08_11_08_29_12,./scripts/die1-1_full_sweep\die_x_1_y_-1\gax_mod_fet_tlm_nmos_lc_0.20_lch_0.16_lov_0.06_gateasym_0.00_w_4.0_19_2025_08_11_08_29_12,nmos,0.2,0.16,0.06,0.0,4.0,19
gax_mod_fet_tlm_nmos_lc_0.20_lch_0.16_lov_0.06_gateasym_0.00_w_4.0_1_2025_08_11_08_42_00,./scripts/die1-1_full_sweep\die_x_1_y_-1\gax_mod_fet_tlm_nmos_lc_0.20_lch_0.16_lov_0.06_gateasym_0.00_w_4.0_1_2025_08_11_08_42_00,nmos,0.2,0.16,0.06,0.0,4.0,1
gax_mod_fet_tlm_nmos_lc_0.20_lch_0.16_lov_0.06_gateasym_0.00_w_4.0_20_2025_08_11_08_28_29,./scripts/die1-1_full_sweep\die_x_1_y_-1\gax_mod_fet_tlm_nmos_lc_0.20_lch_0.16_lov_0.06_gateasym_0.00_w_4.0_20_2025_08_11_08_28_29,nmos,0.2,0.16,0.06,0.0,4.0,20
gax_mod_fet_tlm_nmos_lc_0.20_lch_0.16_lov_0.06_gateasym_0.00_w_4.0_21_2025_08_11_08_27_47,./scripts/die1-1_full_sweep\die_x_1_y_-1\gax_mod_fet_tlm_nmos_lc_0.20_lch_0.16_lov_0.06_gateasym_0.00_w_4.0_21_2025_08_11_08_27_47,nmos,0.2,0.16,0.06,0.0,4.0,21
gax_mod_fet_tlm_nmos_lc_0.20_lch_0.16_lov_0.06_gateasym_0.00_w_4.0_22_2025_08_11_08_27_04,./scripts/die1-1_full_sweep\die_x_1_y_-1\gax_mod_fet_tlm_nmos_lc_0.20_lch_0.16_lov_0.06_gateasym_0.00_w_4.0_22_2025_08_11_08_27_04,nmos,0.2,0.16,0.06,0.0,4.0,22
gax_mod_fet_tlm_nmos_lc_0.20_lch_0.16_lov_0.06_gateasym_0.00_w_4.0_23_2025_08_11_08_26_22,./scripts/die1-1_full_sweep\die_x_1_y_-1\gax_mod_fet_tlm_nmos_lc_0.20_lch_0.16_lov_0.06_gateasym_0.00_w_4.0_23_2025_08_11_08_26_22,nmos,0.2,0.16,0.06,0.0,4.0,23
gax_mod_fet_tlm_nmos_lc_0.20_lch_0.16_lov_0.06_gateasym_0.00_w_4.0_2_2025_08_11_08_41_18,./scripts/die1-1_full_sweep\die_x_1_y_-1\gax_mod_fet_tlm_nmos_lc_0.20_lch_0.16_lov_0.06_gateasym_0.00_w_4.0_2_2025_08_11_08_41_18,nmos,0.2,0.16,0.06,0.0,4.0,2
gax_mod_fet_tlm_nmos_lc_0.20_lch_0.16_lov_0.06_gateasym_0.00_w_4.0_3_2025_08_11_08_40_35,./scripts/die1-1_full_sweep\die_x_1_y_-1\gax_mod_fet_tlm_nmos_lc_0.20_lch_0.16_lov_0.06_gateasym_0.00_w_4.0_3_2025_08_11_08_40_35,nmos,0.2,0.16,0.06,0.0,4.0,3
gax_mod_fet_tlm_nmos_lc_0.20_lch_0.16_lov_0.06_gateasym_0.00_w_4.0_4_2025_08_11_08_39_53,./scripts/die1-1_full_sweep\die_x_1_y_-1\gax_mod_fet_tlm_nmos_lc_0.20_lch_0.16_lov_0.06_gateasym_0.00_w_4.0_4_2025_08_11_08_39_53,nmos,0.2,0.16,0.06,0.0,4.0,4
gax_mod_fet_tlm_nmos_lc_0.20_lch_0.16_lov_0.06_gateasym_0.00_w_4.0_5_2025_08_11_08_39_10,./scripts/die1-1_full_sweep\die_x_1_y_-1\gax_mod_fet_tlm_nmos_lc_0.20_lch_0.16_lov_0.06_gateasym_0.00_w_4.0_5_2025_08_11_08_39_10,nmos,0.2,0.16,0.06,0.0,4.0,5
gax_mod_fet_tlm_nmos_lc_0.20_lch_0.16_lov_0.06_gateasym_0.00_w_4.0_6_2025_08_11_08_38_28,./scripts/die1-1_full_sweep\die_x_1_y_-1\gax_mod_fet_tlm_nmos_lc_0.20_lch_0.16_lov_0.06_gateasym_0.00_w_4.0_6_2025_08_11_08_38_28,nmos,0.2,0.16,0.06,0.0,4.0,6
gax_mod_fet_tlm_nmos_lc_0.20_lch_0.16_lov_0.06_gateasym_0.00_w_4.0_7_2025_08_11_08_37_45,./scripts/die1-1_full_sweep\die_x_1_y_-1\gax_mod_fet_tlm_nmos_lc_0.20_lch_0.16_lov_0.06_gateasym_0.00_w_4.0_7_2025_08_11_08_37_45,nmos,0.2,0.16,0.06,0.0,4.0,7
gax_mod_fet_tlm_nmos_lc_0.20_lch_0.16_lov_0.06_gateasym_0.00_w_4.0_8_2025_08_11_08_37_01,./scripts/die1-1_full_sweep\die_x_1_y_-1\gax_mod_fet_tlm_nmos_lc_0.20_lch_0.16_lov_0.06_gateasym_0.00_w_4.0_8_2025_08_11_08_37_01,nmos,0.2,0.16,0.06,0.0,4.0,8
gax_mod_fet_tlm_nmos_lc_0.20_lch_0.16_lov_0.06_gateasym_0.00_w_4.0_9_2025_08_11_08_36_19,./scripts/die1-1_full_sweep\die_x_1_y_-1\gax_mod_fet_tlm_nmos_lc_0.20_lch_0.16_lov_0.06_gateasym_0.00_w_4.0_9_2025_08_11_08_36_19,nmos,0.2,0.16,0.06,0.0,4.0,9
gax_mod_fet_tlm_nmos_lc_0.20_lch_0.20_lov_0.06_gateasym_0.00_w_4.0_0_2025_08_11_08_08_35,./scripts/die1-1_full_sweep\die_x_1_y_-1\gax_mod_fet_tlm_nmos_lc_0.20_lch_0.20_lov_0.06_gateasym_0.00_w_4.0_0_2025_08_11_08_08_35,nmos,0.2,0.2,0.06,0.0,4.0,0
gax_mod_fet_tlm_nmos_lc_0.20_lch_0.20_lov_0.06_gateasym_0.00_w_4.0_10_2025_08_11_08_01_28,./scripts/die1-1_full_sweep\die_x_1_y_-1\gax_mod_fet_tlm_nmos_lc_0.20_lch_0.20_lov_0.06_gateasym_0.00_w_4.0_10_2025_08_11_08_01_28,nmos,0.2,0.2,0.06,0.0,4.0,10
gax_mod_fet_tlm_nmos_lc_0.20_lch_0.20_lov_0.06_gateasym_0.00_w_4.0_11_2025_08_11_08_00_45,./scripts/die1-1_full_sweep\die_x_1_y_-1\gax_mod_fet_tlm_nmos_lc_0.20_lch_0.20_lov_0.06_gateasym_0.00_w_4.0_11_2025_08_11_08_00_45,nmos,0.2,0.2,0.06,0.0,4.0,11
gax_mod_fet_tlm_nmos_lc_0.20_lch_0.20_lov_0.06_gateasym_0.00_w_4.0_12_2025_08_11_08_00_02,./scripts/die1-1_full_sweep\die_x_1_y_-1\gax_mod_fet_tlm_nmos_lc_0.20_lch_0.20_lov_0.06_gateasym_0.00_w_4.0_12_2025_08_11_08_00_02,nmos,0.2,0.2,0.06,0.0,4.0,12
gax_mod_fet_tlm_nmos_lc_0.20_lch_0.20_lov_0.06_gateasym_0.00_w_4.0_13_2025_08_11_07_59_20,./scripts/die1-1_full_sweep\die_x_1_y_-1\gax_mod_fet_tlm_nmos_lc_0.20_lch_0.20_lov_0.06_gateasym_0.00_w_4.0_13_2025_08_11_07_59_20,nmos,0.2,0.2,0.06,0.0,4.0,13
gax_mod_fet_tlm_nmos_lc_0.20_lch_0.20_lov_0.06_gateasym_0.00_w_4.0_14_2025_08_11_07_58_44,./scripts/die1-1_full_sweep\die_x_1_y_-1\gax_mod_fet_tlm_nmos_lc_0.20_lch_0.20_lov_0.06_gateasym_0.00_w_4.0_14_2025_08_11_07_58_44,nmos,0.2,0.2,0.06,0.0,4.0,14
gax_mod_fet_tlm_nmos_lc_0.20_lch_0.20_lov_0.06_gateasym_0.00_w_4.0_15_2025_08_11_07_58_01,./scripts/die1-1_full_sweep\die_x_1_y_-1\gax_mod_fet_tlm_nmos_lc_0.20_lch_0.20_lov_0.06_gateasym_0.00_w_4.0_15_2025_08_11_07_58_01,nmos,0.2,0.2,0.06,0.0,4.0,15
gax_mod_fet_tlm_nmos_lc_0.20_lch_0.20_lov_0.06_gateasym_0.00_w_4.0_16_2025_08_11_07_57_18,./scripts/die1-1_full_sweep\die_x_1_y_-1\gax_mod_fet_tlm_nmos_lc_0.20_lch_0.20_lov_0.06_gateasym_0.00_w_4.0_16_2025_08_11_07_57_18,nmos,0.2,0.2,0.06,0.0,4.0,16
gax_mod_fet_tlm_nmos_lc_0.20_lch_0.20_lov_0.06_gateasym_0.00_w_4.0_17_2025_08_11_07_56_36,./scripts/die1-1_full_sweep\die_x_1_y_-1\gax_mod_fet_tlm_nmos_lc_0.20_lch_0.20_lov_0.06_gateasym_0.00_w_4.0_17_2025_08_11_07_56_36,nmos,0.2,0.2,0.06,0.0,4.0,17
gax_mod_fet_tlm_nmos_lc_0.20_lch_0.20_lov_0.06_gateasym_0.00_w_4.0_18_2025_08_11_07_55_53,./scripts/die1-1_full_sweep\die_x_1_y_-1\gax_mod_fet_tlm_nmos_lc_0.20_lch_0.20_lov_0.06_gateasym_0.00_w_4.0_18_2025_08_11_07_55_53,nmos,0.2,0.2,0.06,0.0,4.0,18
gax_mod_fet_tlm_nmos_lc_0.20_lch_0.20_lov_0.06_gateasym_0.00_w_4.0_19_2025_08_11_07_55_11,./scripts/die1-1_full_sweep\die_x_1_y_-1\gax_mod_fet_tlm_nmos_lc_0.20_lch_0.20_lov_0.06_gateasym_0.00_w_4.0_19_2025_08_11_07_55_11,nmos,0.2,0.2,0.06,0.0,4.0,19
gax_mod_fet_tlm_nmos_lc_0.20_lch_0.20_lov_0.06_gateasym_0.00_w_4.0_1_2025_08_11_08_07_52,./scripts/die1-1_full_sweep\die_x_1_y_-1\gax_mod_fet_tlm_nmos_lc_0.20_lch_0.20_lov_0.06_gateasym_0.00_w_4.0_1_2025_08_11_08_07_52,nmos,0.2,0.2,0.06,0.0,4.0,1
gax_mod_fet_tlm_nmos_lc_0.20_lch_0.20_lov_0.06_gateasym_0.00_w_4.0_20_2025_08_11_07_54_28,./scripts/die1-1_full_sweep\die_x_1_y_-1\gax_mod_fet_tlm_nmos_lc_0.20_lch_0.20_lov_0.06_gateasym_0.00_w_4.0_20_2025_08_11_07_54_28,nmos,0.2,0.2,0.06,0.0,4.0,20
gax_mod_fet_tlm_nmos_lc_0.20_lch_0.20_lov_0.06_gateasym_0.00_w_4.0_21_2025_08_11_07_53_45,./scripts/die1-1_full_sweep\die_x_1_y_-1\gax_mod_fet_tlm_nmos_lc_0.20_lch_0.20_lov_0.06_gateasym_0.00_w_4.0_21_2025_08_11_07_53_45,nmos,0.2,0.2,0.06,0.0,4.0,21
gax_mod_fet_tlm_nmos_lc_0.20_lch_0.20_lov_0.06_gateasym_0.00_w_4.0_22_2025_08_11_07_53_03,./scripts/die1-1_full_sweep\die_x_1_y_-1\gax_mod_fet_tlm_nmos_lc_0.20_lch_0.20_lov_0.06_gateasym_0.00_w_4.0_22_2025_08_11_07_53_03,nmos,0.2,0.2,0.06,0.0,4.0,22
gax_mod_fet_tlm_nmos_lc_0.20_lch_0.20_lov_0.06_gateasym_0.00_w_4.0_23_2025_08_11_07_52_20,./scripts/die1-1_full_sweep\die_x_1_y_-1\gax_mod_fet_tlm_nmos_lc_0.20_lch_0.20_lov_0.06_gateasym_0.00_w_4.0_23_2025_08_11_07_52_20,nmos,0.2,0.2,0.06,0.0,4.0,23
gax_mod_fet_tlm_nmos_lc_0.20_lch_0.20_lov_0.06_gateasym_0.00_w_4.0_2_2025_08_11_08_07_09,./scripts/die1-1_full_sweep\die_x_1_y_-1\gax_mod_fet_tlm_nmos_lc_0.20_lch_0.20_lov_0.06_gateasym_0.00_w_4.0_2_2025_08_11_08_07_09,nmos,0.2,0.2,0.06,0.0,4.0,2
gax_mod_fet_tlm_nmos_lc_0.20_lch_0.20_lov_0.06_gateasym_0.00_w_4.0_3_2025_08_11_08_06_26,./scripts/die1-1_full_sweep\die_x_1_y_-1\gax_mod_fet_tlm_nmos_lc_0.20_lch_0.20_lov_0.06_gateasym_0.00_w_4.0_3_2025_08_11_08_06_26,nmos,0.2,0.2,0.06,0.0,4.0,3
gax_mod_fet_tlm_nmos_lc_0.20_lch_0.20_lov_0.06_gateasym_0.00_w_4.0_4_2025_08_11_08_05_44,./scripts/die1-1_full_sweep\die_x_1_y_-1\gax_mod_fet_tlm_nmos_lc_0.20_lch_0.20_lov_0.06_gateasym_0.00_w_4.0_4_2025_08_11_08_05_44,nmos,0.2,0.2,0.06,0.0,4.0,4
gax_mod_fet_tlm_nmos_lc_0.20_lch_0.20_lov_0.06_gateasym_0.00_w_4.0_5_2025_08_11_08_05_01,./scripts/die1-1_full_sweep\die_x_1_y_-1\gax_mod_fet_tlm_nmos_lc_0.20_lch_0.20_lov_0.06_gateasym_0.00_w_4.0_5_2025_08_11_08_05_01,nmos,0.2,0.2,0.06,0.0,4.0,5
gax_mod_fet_tlm_nmos_lc_0.20_lch_0.20_lov_0.06_gateasym_0.00_w_4.0_6_2025_08_11_08_04_18,./scripts/die1-1_full_sweep\die_x_1_y_-1\gax_mod_fet_tlm_nmos_lc_0.20_lch_0.20_lov_0.06_gateasym_0.00_w_4.0_6_2025_08_11_08_04_18,nmos,0.2,0.2,0.06,0.0,4.0,6
gax_mod_fet_tlm_nmos_lc_0.20_lch_0.20_lov_0.06_gateasym_0.00_w_4.0_7_2025_08_11_08_03_36,./scripts/die1-1_full_sweep\die_x_1_y_-1\gax_mod_fet_tlm_nmos_lc_0.20_lch_0.20_lov_0.06_gateasym_0.00_w_4.0_7_2025_08_11_08_03_36,nmos,0.2,0.2,0.06,0.0,4.0,7
gax_mod_fet_tlm_nmos_lc_0.20_lch_0.20_lov_0.06_gateasym_0.00_w_4.0_8_2025_08_11_08_02_53,./scripts/die1-1_full_sweep\die_x_1_y_-1\gax_mod_fet_tlm_nmos_lc_0.20_lch_0.20_lov_0.06_gateasym_0.00_w_4.0_8_2025_08_11_08_02_53,nmos,0.2,0.2,0.06,0.0,4.0,8
gax_mod_fet_tlm_nmos_lc_0.20_lch_0.20_lov_0.06_gateasym_0.00_w_4.0_9_2025_08_11_08_02_10,./scripts/die1-1_full_sweep\die_x_1_y_-1\gax_mod_fet_tlm_nmos_lc_0.20_lch_0.20_lov_0.06_gateasym_0.00_w_4.0_9_2025_08_11_08_02_10,nmos,0.2,0.2,0.06,0.0,4.0,9
gax_mod_fet_tlm_nmos_lc_0.20_lch_0.40_lov_0.06_gateasym_0.00_w_4.0_0_2025_08_11_07_34_37,./scripts/die1-1_full_sweep\die_x_1_y_-1\gax_mod_fet_tlm_nmos_lc_0.20_lch_0.40_lov_0.06_gateasym_0.00_w_4.0_0_2025_08_11_07_34_37,nmos,0.2,0.4,0.06,0.0,4.0,0
gax_mod_fet_tlm_nmos_lc_0.20_lch_0.40_lov_0.06_gateasym_0.00_w_4.0_10_2025_08_11_07_27_27,./scripts/die1-1_full_sweep\die_x_1_y_-1\gax_mod_fet_tlm_nmos_lc_0.20_lch_0.40_lov_0.06_gateasym_0.00_w_4.0_10_2025_08_11_07_27_27,nmos,0.2,0.4,0.06,0.0,4.0,10
gax_mod_fet_tlm_nmos_lc_0.20_lch_0.40_lov_0.06_gateasym_0.00_w_4.0_11_2025_08_11_07_26_43,./scripts/die1-1_full_sweep\die_x_1_y_-1\gax_mod_fet_tlm_nmos_lc_0.20_lch_0.40_lov_0.06_gateasym_0.00_w_4.0_11_2025_08_11_07_26_43,nmos,0.2,0.4,0.06,0.0,4.0,11
gax_mod_fet_tlm_nmos_lc_0.20_lch_0.40_lov_0.06_gateasym_0.00_w_4.0_12_2025_08_11_07_26_00,./scripts/die1-1_full_sweep\die_x_1_y_-1\gax_mod_fet_tlm_nmos_lc_0.20_lch_0.40_lov_0.06_gateasym_0.00_w_4.0_12_2025_08_11_07_26_00,nmos,0.2,0.4,0.06,0.0,4.0,12
gax_mod_fet_tlm_nmos_lc_0.20_lch_0.40_lov_0.06_gateasym_0.00_w_4.0_13_2025_08_11_07_25_17,./scripts/die1-1_full_sweep\die_x_1_y_-1\gax_mod_fet_tlm_nmos_lc_0.20_lch_0.40_lov_0.06_gateasym_0.00_w_4.0_13_2025_08_11_07_25_17,nmos,0.2,0.4,0.06,0.0,4.0,13
gax_mod_fet_tlm_nmos_lc_0.20_lch_0.40_lov_0.06_gateasym_0.00_w_4.0_14_2025_08_11_07_24_34,./scripts/die1-1_full_sweep\die_x_1_y_-1\gax_mod_fet_tlm_nmos_lc_0.20_lch_0.40_lov_0.06_gateasym_0.00_w_4.0_14_2025_08_11_07_24_34,nmos,0.2,0.4,0.06,0.0,4.0,14
gax_mod_fet_tlm_nmos_lc_0.20_lch_0.40_lov_0.06_gateasym_0.00_w_4.0_15_2025_08_11_07_23_51,./scripts/die1-1_full_sweep\die_x_1_y_-1\gax_mod_fet_tlm_nmos_lc_0.20_lch_0.40_lov_0.06_gateasym_0.00_w_4.0_15_2025_08_11_07_23_51,nmos,0.2,0.4,0.06,0.0,4.0,15
gax_mod_fet_tlm_nmos_lc_0.20_lch_0.40_lov_0.06_gateasym_0.00_w_4.0_16_2025_08_11_07_23_08,./scripts/die1-1_full_sweep\die_x_1_y_-1\gax_mod_fet_tlm_nmos_lc_0.20_lch_0.40_lov_0.06_gateasym_0.00_w_4.0_16_2025_08_11_07_23_08,nmos,0.2,0.4,0.06,0.0,4.0,16
gax_mod_fet_tlm_nmos_lc_0.20_lch_0.40_lov_0.06_gateasym_0.00_w_4.0_17_2025_08_11_07_22_25,./scripts/die1-1_full_sweep\die_x_1_y_-1\gax_mod_fet_tlm_nmos_lc_0.20_lch_0.40_lov_0.06_gateasym_0.00_w_4.0_17_2025_08_11_07_22_25,nmos,0.2,0.4,0.06,0.0,4.0,17
gax_mod_fet_tlm_nmos_lc_0.20_lch_0.40_lov_0.06_gateasym_0.00_w_4.0_18_2025_08_11_07_21_42,./scripts/die1-1_full_sweep\die_x_1_y_-1\gax_mod_fet_tlm_nmos_lc_0.20_lch_0.40_lov_0.06_gateasym_0.00_w_4.0_18_2025_08_11_07_21_42,nmos,0.2,0.4,0.06,0.0,4.0,18
gax_mod_fet_tlm_nmos_lc_0.20_lch_0.40_lov_0.06_gateasym_0.00_w_4.0_19_2025_08_11_07_20_58,./scripts/die1-1_full_sweep\die_x_1_y_-1\gax_mod_fet_tlm_nmos_lc_0.20_lch_0.40_lov_0.06_gateasym_0.00_w_4.0_19_2025_08_11_07_20_58,nmos,0.2,0.4,0.06,0.0,4.0,19
gax_mod_fet_tlm_nmos_lc_0.20_lch_0.40_lov_0.06_gateasym_0.00_w_4.0_1_2025_08_11_07_33_54,./scripts/die1-1_full_sweep\die_x_1_y_-1\gax_mod_fet_tlm_nmos_lc_0.20_lch_0.40_lov_0.06_gateasym_0.00_w_4.0_1_2025_08_11_07_33_54,nmos,0.2,0.4,0.06,0.0,4.0,1
gax_mod_fet_tlm_nmos_lc_0.20_lch_0.40_lov_0.06_gateasym_0.00_w_4.0_20_2025_08_11_07_20_15,./scripts/die1-1_full_sweep\die_x_1_y_-1\gax_mod_fet_tlm_nmos_lc_0.20_lch_0.40_lov_0.06_gateasym_0.00_w_4.0_20_2025_08_11_07_20_15,nmos,0.2,0.4,0.06,0.0,4.0,20
gax_mod_fet_tlm_nmos_lc_0.20_lch_0.40_lov_0.06_gateasym_0.00_w_4.0_21_2025_08_11_07_19_32,./scripts/die1-1_full_sweep\die_x_1_y_-1\gax_mod_fet_tlm_nmos_lc_0.20_lch_0.40_lov_0.06_gateasym_0.00_w_4.0_21_2025_08_11_07_19_32,nmos,0.2,0.4,0.06,0.0,4.0,21
gax_mod_fet_tlm_nmos_lc_0.20_lch_0.40_lov_0.06_gateasym_0.00_w_4.0_22_2025_08_11_07_18_49,./scripts/die1-1_full_sweep\die_x_1_y_-1\gax_mod_fet_tlm_nmos_lc_0.20_lch_0.40_lov_0.06_gateasym_0.00_w_4.0_22_2025_08_11_07_18_49,nmos,0.2,0.4,0.06,0.0,4.0,22
gax_mod_fet_tlm_nmos_lc_0.20_lch_0.40_lov_0.06_gateasym_0.00_w_4.0_23_2025_08_11_07_18_06,./scripts/die1-1_full_sweep\die_x_1_y_-1\gax_mod_fet_tlm_nmos_lc_0.20_lch_0.40_lov_0.06_gateasym_0.00_w_4.0_23_2025_08_11_07_18_06,nmos,0.2,0.4,0.06,0.0,4.0,23
gax_mod_fet_tlm_nmos_lc_0.20_lch_0.40_lov_0.06_gateasym_0.00_w_4.0_2_2025_08_11_07_33_11,./scripts/die1-1_full_sweep\die_x_1_y_-1\gax_mod_fet_tlm_nmos_lc_0.20_lch_0.40_lov_0.06_gateasym_0.00_w_4.0_2_2025_08_11_07_33_11,nmos,0.2,0.4,0.06,0.0,4.0,2
gax_mod_fet_tlm_nmos_lc_0.20_lch_0.40_lov_0.06_gateasym_0.00_w_4.0_3_2025_08_11_07_32_27,./scripts/die1-1_full_sweep\die_x_1_y_-1\gax_mod_fet_tlm_nmos_lc_0.20_lch_0.40_lov_0.06_gateasym_0.00_w_4.0_3_2025_08_11_07_32_27,nmos,0.2,0.4,0.06,0.0,4.0,3
gax_mod_fet_tlm_nmos_lc_0.20_lch_0.40_lov_0.06_gateasym_0.00_w_4.0_4_2025_08_11_07_31_44,./scripts/die1-1_full_sweep\die_x_1_y_-1\gax_mod_fet_tlm_nmos_lc_0.20_lch_0.40_lov_0.06_gateasym_0.00_w_4.0_4_2025_08_11_07_31_44,nmos,0.2,0.4,0.06,0.0,4.0,4
gax_mod_fet_tlm_nmos_lc_0.20_lch_0.40_lov_0.06_gateasym_0.00_w_4.0_5_2025_08_11_07_31_01,./scripts/die1-1_full_sweep\die_x_1_y_-1\gax_mod_fet_tlm_nmos_lc_0.20_lch_0.40_lov_0.06_gateasym_0.00_w_4.0_5_2025_08_11_07_31_01,nmos,0.2,0.4,0.06,0.0,4.0,5
gax_mod_fet_tlm_nmos_lc_0.20_lch_0.40_lov_0.06_gateasym_0.00_w_4.0_6_2025_08_11_07_30_18,./scripts/die1-1_full_sweep\die_x_1_y_-1\gax_mod_fet_tlm_nmos_lc_0.20_lch_0.40_lov_0.06_gateasym_0.00_w_4.0_6_2025_08_11_07_30_18,nmos,0.2,0.4,0.06,0.0,4.0,6
gax_mod_fet_tlm_nmos_lc_0.20_lch_0.40_lov_0.06_gateasym_0.00_w_4.0_7_2025_08_11_07_29_35,./scripts/die1-1_full_sweep\die_x_1_y_-1\gax_mod_fet_tlm_nmos_lc_0.20_lch_0.40_lov_0.06_gateasym_0.00_w_4.0_7_2025_08_11_07_29_35,nmos,0.2,0.4,0.06,0.0,4.0,7
gax_mod_fet_tlm_nmos_lc_0.20_lch_0.40_lov_0.06_gateasym_0.00_w_4.0_8_2025_08_11_07_28_52,./scripts/die1-1_full_sweep\die_x_1_y_-1\gax_mod_fet_tlm_nmos_lc_0.20_lch_0.40_lov_0.06_gateasym_0.00_w_4.0_8_2025_08_11_07_28_52,nmos,0.2,0.4,0.06,0.0,4.0,8
gax_mod_fet_tlm_nmos_lc_0.20_lch_0.40_lov_0.06_gateasym_0.00_w_4.0_9_2025_08_11_07_28_09,./scripts/die1-1_full_sweep\die_x_1_y_-1\gax_mod_fet_tlm_nmos_lc_0.20_lch_0.40_lov_0.06_gateasym_0.00_w_4.0_9_2025_08_11_07_28_09,nmos,0.2,0.4,0.06,0.0,4.0,9
gax_mod_fet_tlm_nmos_lc_0.40_lch_0.12_lov_0.06_gateasym_0.00_w_4.0_0_2025_08_11_07_00_59,./scripts/die1-1_full_sweep\die_x_1_y_-1\gax_mod_fet_tlm_nmos_lc_0.40_lch_0.12_lov_0.06_gateasym_0.00_w_4.0_0_2025_08_11_07_00_59,nmos,0.4,0.12,0.06,0.0,4.0,0
gax_mod_fet_tlm_nmos_lc_0.40_lch_0.12_lov_0.06_gateasym_0.00_w_4.0_10_2025_08_11_06_54_04,./scripts/die1-1_full_sweep\die_x_1_y_-1\gax_mod_fet_tlm_nmos_lc_0.40_lch_0.12_lov_0.06_gateasym_0.00_w_4.0_10_2025_08_11_06_54_04,nmos,0.4,0.12,0.06,0.0,4.0,10
gax_mod_fet_tlm_nmos_lc_0.40_lch_0.12_lov_0.06_gateasym_0.00_w_4.0_11_2025_08_11_06_53_22,./scripts/die1-1_full_sweep\die_x_1_y_-1\gax_mod_fet_tlm_nmos_lc_0.40_lch_0.12_lov_0.06_gateasym_0.00_w_4.0_11_2025_08_11_06_53_22,nmos,0.4,0.12,0.06,0.0,4.0,11
gax_mod_fet_tlm_nmos_lc_0.40_lch_0.12_lov_0.06_gateasym_0.00_w_4.0_12_2025_08_11_06_52_41,./scripts/die1-1_full_sweep\die_x_1_y_-1\gax_mod_fet_tlm_nmos_lc_0.40_lch_0.12_lov_0.06_gateasym_0.00_w_4.0_12_2025_08_11_06_52_41,nmos,0.4,0.12,0.06,0.0,4.0,12
gax_mod_fet_tlm_nmos_lc_0.40_lch_0.12_lov_0.06_gateasym_0.00_w_4.0_13_2025_08_11_06_51_59,./scripts/die1-1_full_sweep\die_x_1_y_-1\gax_mod_fet_tlm_nmos_lc_0.40_lch_0.12_lov_0.06_gateasym_0.00_w_4.0_13_2025_08_11_06_51_59,nmos,0.4,0.12,0.06,0.0,4.0,13
gax_mod_fet_tlm_nmos_lc_0.40_lch_0.12_lov_0.06_gateasym_0.00_w_4.0_14_2025_08_11_06_51_18,./scripts/die1-1_full_sweep\die_x_1_y_-1\gax_mod_fet_tlm_nmos_lc_0.40_lch_0.12_lov_0.06_gateasym_0.00_w_4.0_14_2025_08_11_06_51_18,nmos,0.4,0.12,0.06,0.0,4.0,14
gax_mod_fet_tlm_nmos_lc_0.40_lch_0.12_lov_0.06_gateasym_0.00_w_4.0_15_2025_08_11_06_50_36,./scripts/die1-1_full_sweep\die_x_1_y_-1\gax_mod_fet_tlm_nmos_lc_0.40_lch_0.12_lov_0.06_gateasym_0.00_w_4.0_15_2025_08_11_06_50_36,nmos,0.4,0.12,0.06,0.0,4.0,15
gax_mod_fet_tlm_nmos_lc_0.40_lch_0.12_lov_0.06_gateasym_0.00_w_4.0_16_2025_08_11_06_49_55,./scripts/die1-1_full_sweep\die_x_1_y_-1\gax_mod_fet_tlm_nmos_lc_0.40_lch_0.12_lov_0.06_gateasym_0.00_w_4.0_16_2025_08_11_06_49_55,nmos,0.4,0.12,0.06,0.0,4.0,16
gax_mod_fet_tlm_nmos_lc_0.40_lch_0.12_lov_0.06_gateasym_0.00_w_4.0_17_2025_08_11_06_49_13,./scripts/die1-1_full_sweep\die_x_1_y_-1\gax_mod_fet_tlm_nmos_lc_0.40_lch_0.12_lov_0.06_gateasym_0.00_w_4.0_17_2025_08_11_06_49_13,nmos,0.4,0.12,0.06,0.0,4.0,17
gax_mod_fet_tlm_nmos_lc_0.40_lch_0.12_lov_0.06_gateasym_0.00_w_4.0_18_2025_08_11_06_48_36,./scripts/die1-1_full_sweep\die_x_1_y_-1\gax_mod_fet_tlm_nmos_lc_0.40_lch_0.12_lov_0.06_gateasym_0.00_w_4.0_18_2025_08_11_06_48_36,nmos,0.4,0.12,0.06,0.0,4.0,18
gax_mod_fet_tlm_nmos_lc_0.40_lch_0.12_lov_0.06_gateasym_0.00_w_4.0_19_2025_08_11_06_47_54,./scripts/die1-1_full_sweep\die_x_1_y_-1\gax_mod_fet_tlm_nmos_lc_0.40_lch_0.12_lov_0.06_gateasym_0.00_w_4.0_19_2025_08_11_06_47_54,nmos,0.4,0.12,0.06,0.0,4.0,19
gax_mod_fet_tlm_nmos_lc_0.40_lch_0.12_lov_0.06_gateasym_0.00_w_4.0_1_2025_08_11_07_00_17,./scripts/die1-1_full_sweep\die_x_1_y_-1\gax_mod_fet_tlm_nmos_lc_0.40_lch_0.12_lov_0.06_gateasym_0.00_w_4.0_1_2025_08_11_07_00_17,nmos,0.4,0.12,0.06,0.0,4.0,1
gax_mod_fet_tlm_nmos_lc_0.40_lch_0.12_lov_0.06_gateasym_0.00_w_4.0_20_2025_08_11_06_47_13,./scripts/die1-1_full_sweep\die_x_1_y_-1\gax_mod_fet_tlm_nmos_lc_0.40_lch_0.12_lov_0.06_gateasym_0.00_w_4.0_20_2025_08_11_06_47_13,nmos,0.4,0.12,0.06,0.0,4.0,20
gax_mod_fet_tlm_nmos_lc_0.40_lch_0.12_lov_0.06_gateasym_0.00_w_4.0_21_2025_08_11_06_46_31,./scripts/die1-1_full_sweep\die_x_1_y_-1\gax_mod_fet_tlm_nmos_lc_0.40_lch_0.12_lov_0.06_gateasym_0.00_w_4.0_21_2025_08_11_06_46_31,nmos,0.4,0.12,0.06,0.0,4.0,21
gax_mod_fet_tlm_nmos_lc_0.40_lch_0.12_lov_0.06_gateasym_0.00_w_4.0_22_2025_08_11_06_45_50,./scripts/die1-1_full_sweep\die_x_1_y_-1\gax_mod_fet_tlm_nmos_lc_0.40_lch_0.12_lov_0.06_gateasym_0.00_w_4.0_22_2025_08_11_06_45_50,nmos,0.4,0.12,0.06,0.0,4.0,22
gax_mod_fet_tlm_nmos_lc_0.40_lch_0.12_lov_0.06_gateasym_0.00_w_4.0_23_2025_08_11_06_45_08,./scripts/die1-1_full_sweep\die_x_1_y_-1\gax_mod_fet_tlm_nmos_lc_0.40_lch_0.12_lov_0.06_gateasym_0.00_w_4.0_23_2025_08_11_06_45_08,nmos,0.4,0.12,0.06,0.0,4.0,23
gax_mod_fet_tlm_nmos_lc_0.40_lch_0.12_lov_0.06_gateasym_0.00_w_4.0_2_2025_08_11_06_59_36,./scripts/die1-1_full_sweep\die_x_1_y_-1\gax_mod_fet_tlm_nmos_lc_0.40_lch_0.12_lov_0.06_gateasym_0.00_w_4.0_2_2025_08_11_06_59_36,nmos,0.4,0.12,0.06,0.0,4.0,2
gax_mod_fet_tlm_nmos_lc_0.40_lch_0.12_lov_0.06_gateasym_0.00_w_4.0_3_2025_08_11_06_58_54,./scripts/die1-1_full_sweep\die_x_1_y_-1\gax_mod_fet_tlm_nmos_lc_0.40_lch_0.12_lov_0.06_gateasym_0.00_w_4.0_3_2025_08_11_06_58_54,nmos,0.4,0.12,0.06,0.0,4.0,3
gax_mod_fet_tlm_nmos_lc_0.40_lch_0.12_lov_0.06_gateasym_0.00_w_4.0_4_2025_08_11_06_58_13,./scripts/die1-1_full_sweep\die_x_1_y_-1\gax_mod_fet_tlm_nmos_lc_0.40_lch_0.12_lov_0.06_gateasym_0.00_w_4.0_4_2025_08_11_06_58_13,nmos,0.4,0.12,0.06,0.0,4.0,4
gax_mod_fet_tlm_nmos_lc_0.40_lch_0.12_lov_0.06_gateasym_0.00_w_4.0_5_2025_08_11_06_57_31,./scripts/die1-1_full_sweep\die_x_1_y_-1\gax_mod_fet_tlm_nmos_lc_0.40_lch_0.12_lov_0.06_gateasym_0.00_w_4.0_5_2025_08_11_06_57_31,nmos,0.4,0.12,0.06,0.0,4.0,5
gax_mod_fet_tlm_nmos_lc_0.40_lch_0.12_lov_0.06_gateasym_0.00_w_4.0_6_2025_08_11_06_56_50,./scripts/die1-1_full_sweep\die_x_1_y_-1\gax_mod_fet_tlm_nmos_lc_0.40_lch_0.12_lov_0.06_gateasym_0.00_w_4.0_6_2025_08_11_06_56_50,nmos,0.4,0.12,0.06,0.0,4.0,6
gax_mod_fet_tlm_nmos_lc_0.40_lch_0.12_lov_0.06_gateasym_0.00_w_4.0_7_2025_08_11_06_56_08,./scripts/die1-1_full_sweep\die_x_1_y_-1\gax_mod_fet_tlm_nmos_lc_0.40_lch_0.12_lov_0.06_gateasym_0.00_w_4.0_7_2025_08_11_06_56_08,nmos,0.4,0.12,0.06,0.0,4.0,7
gax_mod_fet_tlm_nmos_lc_0.40_lch_0.12_lov_0.06_gateasym_0.00_w_4.0_8_2025_08_11_06_55_27,./scripts/die1-1_full_sweep\die_x_1_y_-1\gax_mod_fet_tlm_nmos_lc_0.40_lch_0.12_lov_0.06_gateasym_0.00_w_4.0_8_2025_08_11_06_55_27,nmos,0.4,0.12,0.06,0.0,4.0,8
gax_mod_fet_tlm_nmos_lc_0.40_lch_0.12_lov_0.06_gateasym_0.00_w_4.0_9_2025_08_11_06_54_45,./scripts/die1-1_full_sweep\die_x_1_y_-1\gax_mod_fet_tlm_nmos_lc_0.40_lch_0.12_lov_0.06_gateasym_0.00_w_4.0_9_2025_08_11_06_54_45,nmos,0.4,0.12,0.06,0.0,4.0,9
gax_mod_fet_tlm_nmos_lc_0.40_lch_0.14_lov_0.06_gateasym_0.00_w_4.0_0_2025_08_11_06_27_26,./scripts/die1-1_full_sweep\die_x_1_y_-1\gax_mod_fet_tlm_nmos_lc_0.40_lch_0.14_lov_0.06_gateasym_0.00_w_4.0_0_2025_08_11_06_27_26,nmos,0.4,0.14,0.06,0.0,4.0,0
gax_mod_fet_tlm_nmos_lc_0.40_lch_0.14_lov_0.06_gateasym_0.00_w_4.0_10_2025_08_11_06_20_14,./scripts/die1-1_full_sweep\die_x_1_y_-1\gax_mod_fet_tlm_nmos_lc_0.40_lch_0.14_lov_0.06_gateasym_0.00_w_4.0_10_2025_08_11_06_20_14,nmos,0.4,0.14,0.06,0.0,4.0,10
gax_mod_fet_tlm_nmos_lc_0.40_lch_0.14_lov_0.06_gateasym_0.00_w_4.0_11_2025_08_11_06_19_31,./scripts/die1-1_full_sweep\die_x_1_y_-1\gax_mod_fet_tlm_nmos_lc_0.40_lch_0.14_lov_0.06_gateasym_0.00_w_4.0_11_2025_08_11_06_19_31,nmos,0.4,0.14,0.06,0.0,4.0,11
gax_mod_fet_tlm_nmos_lc_0.40_lch_0.14_lov_0.06_gateasym_0.00_w_4.0_12_2025_08_11_06_18_48,./scripts/die1-1_full_sweep\die_x_1_y_-1\gax_mod_fet_tlm_nmos_lc_0.40_lch_0.14_lov_0.06_gateasym_0.00_w_4.0_12_2025_08_11_06_18_48,nmos,0.4,0.14,0.06,0.0,4.0,12
gax_mod_fet_tlm_nmos_lc_0.40_lch_0.14_lov_0.06_gateasym_0.00_w_4.0_13_2025_08_11_06_18_05,./scripts/die1-1_full_sweep\die_x_1_y_-1\gax_mod_fet_tlm_nmos_lc_0.40_lch_0.14_lov_0.06_gateasym_0.00_w_4.0_13_2025_08_11_06_18_05,nmos,0.4,0.14,0.06,0.0,4.0,13
gax_mod_fet_tlm_nmos_lc_0.40_lch_0.14_lov_0.06_gateasym_0.00_w_4.0_14_2025_08_11_06_17_21,./scripts/die1-1_full_sweep\die_x_1_y_-1\gax_mod_fet_tlm_nmos_lc_0.40_lch_0.14_lov_0.06_gateasym_0.00_w_4.0_14_2025_08_11_06_17_21,nmos,0.4,0.14,0.06,0.0,4.0,14
gax_mod_fet_tlm_nmos_lc_0.40_lch_0.14_lov_0.06_gateasym_0.00_w_4.0_15_2025_08_11_06_16_39,./scripts/die1-1_full_sweep\die_x_1_y_-1\gax_mod_fet_tlm_nmos_lc_0.40_lch_0.14_lov_0.06_gateasym_0.00_w_4.0_15_2025_08_11_06_16_39,nmos,0.4,0.14,0.06,0.0,4.0,15
gax_mod_fet_tlm_nmos_lc_0.40_lch_0.14_lov_0.06_gateasym_0.00_w_4.0_16_2025_08_11_06_15_55,./scripts/die1-1_full_sweep\die_x_1_y_-1\gax_mod_fet_tlm_nmos_lc_0.40_lch_0.14_lov_0.06_gateasym_0.00_w_4.0_16_2025_08_11_06_15_55,nmos,0.4,0.14,0.06,0.0,4.0,16
gax_mod_fet_tlm_nmos_lc_0.40_lch_0.14_lov_0.06_gateasym_0.00_w_4.0_17_2025_08_11_06_15_12,./scripts/die1-1_full_sweep\die_x_1_y_-1\gax_mod_fet_tlm_nmos_lc_0.40_lch_0.14_lov_0.06_gateasym_0.00_w_4.0_17_2025_08_11_06_15_12,nmos,0.4,0.14,0.06,0.0,4.0,17
gax_mod_fet_tlm_nmos_lc_0.40_lch_0.14_lov_0.06_gateasym_0.00_w_4.0_18_2025_08_11_06_14_28,./scripts/die1-1_full_sweep\die_x_1_y_-1\gax_mod_fet_tlm_nmos_lc_0.40_lch_0.14_lov_0.06_gateasym_0.00_w_4.0_18_2025_08_11_06_14_28,nmos,0.4,0.14,0.06,0.0,4.0,18
gax_mod_fet_tlm_nmos_lc_0.40_lch_0.14_lov_0.06_gateasym_0.00_w_4.0_19_2025_08_11_06_13_45,./scripts/die1-1_full_sweep\die_x_1_y_-1\gax_mod_fet_tlm_nmos_lc_0.40_lch_0.14_lov_0.06_gateasym_0.00_w_4.0_19_2025_08_11_06_13_45,nmos,0.4,0.14,0.06,0.0,4.0,19
gax_mod_fet_tlm_nmos_lc_0.40_lch_0.14_lov_0.06_gateasym_0.00_w_4.0_1_2025_08_11_06_26_43,./scripts/die1-1_full_sweep\die_x_1_y_-1\gax_mod_fet_tlm_nmos_lc_0.40_lch_0.14_lov_0.06_gateasym_0.00_w_4.0_1_2025_08_11_06_26_43,nmos,0.4,0.14,0.06,0.0,4.0,1
gax_mod_fet_tlm_nmos_lc_0.40_lch_0.14_lov_0.06_gateasym_0.00_w_4.0_20_2025_08_11_06_13_02,./scripts/die1-1_full_sweep\die_x_1_y_-1\gax_mod_fet_tlm_nmos_lc_0.40_lch_0.14_lov_0.06_gateasym_0.00_w_4.0_20_2025_08_11_06_13_02,nmos,0.4,0.14,0.06,0.0,4.0,20
gax_mod_fet_tlm_nmos_lc_0.40_lch_0.14_lov_0.06_gateasym_0.00_w_4.0_21_2025_08_11_06_12_18,./scripts/die1-1_full_sweep\die_x_1_y_-1\gax_mod_fet_tlm_nmos_lc_0.40_lch_0.14_lov_0.06_gateasym_0.00_w_4.0_21_2025_08_11_06_12_18,nmos,0.4,0.14,0.06,0.0,4.0,21
gax_mod_fet_tlm_nmos_lc_0.40_lch_0.14_lov_0.06_gateasym_0.00_w_4.0_22_2025_08_11_06_11_36,./scripts/die1-1_full_sweep\die_x_1_y_-1\gax_mod_fet_tlm_nmos_lc_0.40_lch_0.14_lov_0.06_gateasym_0.00_w_4.0_22_2025_08_11_06_11_36,nmos,0.4,0.14,0.06,0.0,4.0,22
gax_mod_fet_tlm_nmos_lc_0.40_lch_0.14_lov_0.06_gateasym_0.00_w_4.0_23_2025_08_11_06_10_53,./scripts/die1-1_full_sweep\die_x_1_y_-1\gax_mod_fet_tlm_nmos_lc_0.40_lch_0.14_lov_0.06_gateasym_0.00_w_4.0_23_2025_08_11_06_10_53,nmos,0.4,0.14,0.06,0.0,4.0,23
gax_mod_fet_tlm_nmos_lc_0.40_lch_0.14_lov_0.06_gateasym_0.00_w_4.0_2_2025_08_11_06_26_00,./scripts/die1-1_full_sweep\die_x_1_y_-1\gax_mod_fet_tlm_nmos_lc_0.40_lch_0.14_lov_0.06_gateasym_0.00_w_4.0_2_2025_08_11_06_26_00,nmos,0.4,0.14,0.06,0.0,4.0,2
gax_mod_fet_tlm_nmos_lc_0.40_lch_0.14_lov_0.06_gateasym_0.00_w_4.0_3_2025_08_11_06_25_17,./scripts/die1-1_full_sweep\die_x_1_y_-1\gax_mod_fet_tlm_nmos_lc_0.40_lch_0.14_lov_0.06_gateasym_0.00_w_4.0_3_2025_08_11_06_25_17,nmos,0.4,0.14,0.06,0.0,4.0,3
gax_mod_fet_tlm_nmos_lc_0.40_lch_0.14_lov_0.06_gateasym_0.00_w_4.0_4_2025_08_11_06_24_34,./scripts/die1-1_full_sweep\die_x_1_y_-1\gax_mod_fet_tlm_nmos_lc_0.40_lch_0.14_lov_0.06_gateasym_0.00_w_4.0_4_2025_08_11_06_24_34,nmos,0.4,0.14,0.06,0.0,4.0,4
gax_mod_fet_tlm_nmos_lc_0.40_lch_0.14_lov_0.06_gateasym_0.00_w_4.0_5_2025_08_11_06_23_50,./scripts/die1-1_full_sweep\die_x_1_y_-1\gax_mod_fet_tlm_nmos_lc_0.40_lch_0.14_lov_0.06_gateasym_0.00_w_4.0_5_2025_08_11_06_23_50,nmos,0.4,0.14,0.06,0.0,4.0,5
gax_mod_fet_tlm_nmos_lc_0.40_lch_0.14_lov_0.06_gateasym_0.00_w_4.0_6_2025_08_11_06_23_07,./scripts/die1-1_full_sweep\die_x_1_y_-1\gax_mod_fet_tlm_nmos_lc_0.40_lch_0.14_lov_0.06_gateasym_0.00_w_4.0_6_2025_08_11_06_23_07,nmos,0.4,0.14,0.06,0.0,4.0,6
gax_mod_fet_tlm_nmos_lc_0.40_lch_0.14_lov_0.06_gateasym_0.00_w_4.0_7_2025_08_11_06_22_23,./scripts/die1-1_full_sweep\die_x_1_y_-1\gax_mod_fet_tlm_nmos_lc_0.40_lch_0.14_lov_0.06_gateasym_0.00_w_4.0_7_2025_08_11_06_22_23,nmos,0.4,0.14,0.06,0.0,4.0,7
gax_mod_fet_tlm_nmos_lc_0.40_lch_0.14_lov_0.06_gateasym_0.00_w_4.0_8_2025_08_11_06_21_41,./scripts/die1-1_full_sweep\die_x_1_y_-1\gax_mod_fet_tlm_nmos_lc_0.40_lch_0.14_lov_0.06_gateasym_0.00_w_4.0_8_2025_08_11_06_21_41,nmos,0.4,0.14,0.06,0.0,4.0,8
gax_mod_fet_tlm_nmos_lc_0.40_lch_0.14_lov_0.06_gateasym_0.00_w_4.0_9_2025_08_11_06_20_57,./scripts/die1-1_full_sweep\die_x_1_y_-1\gax_mod_fet_tlm_nmos_lc_0.40_lch_0.14_lov_0.06_gateasym_0.00_w_4.0_9_2025_08_11_06_20_57,nmos,0.4,0.14,0.06,0.0,4.0,9
gax_mod_fet_tlm_nmos_lc_0.40_lch_0.16_lov_0.06_gateasym_0.00_w_4.0_0_2025_08_11_05_52_57,./scripts/die1-1_full_sweep\die_x_1_y_-1\gax_mod_fet_tlm_nmos_lc_0.40_lch_0.16_lov_0.06_gateasym_0.00_w_4.0_0_2025_08_11_05_52_57,nmos,0.4,0.16,0.06,0.0,4.0,0
gax_mod_fet_tlm_nmos_lc_0.40_lch_0.16_lov_0.06_gateasym_0.00_w_4.0_10_2025_08_11_05_45_42,./scripts/die1-1_full_sweep\die_x_1_y_-1\gax_mod_fet_tlm_nmos_lc_0.40_lch_0.16_lov_0.06_gateasym_0.00_w_4.0_10_2025_08_11_05_45_42,nmos,0.4,0.16,0.06,0.0,4.0,10
gax_mod_fet_tlm_nmos_lc_0.40_lch_0.16_lov_0.06_gateasym_0.00_w_4.0_11_2025_08_11_05_45_00,./scripts/die1-1_full_sweep\die_x_1_y_-1\gax_mod_fet_tlm_nmos_lc_0.40_lch_0.16_lov_0.06_gateasym_0.00_w_4.0_11_2025_08_11_05_45_00,nmos,0.4,0.16,0.06,0.0,4.0,11
gax_mod_fet_tlm_nmos_lc_0.40_lch_0.16_lov_0.06_gateasym_0.00_w_4.0_12_2025_08_11_05_44_16,./scripts/die1-1_full_sweep\die_x_1_y_-1\gax_mod_fet_tlm_nmos_lc_0.40_lch_0.16_lov_0.06_gateasym_0.00_w_4.0_12_2025_08_11_05_44_16,nmos,0.4,0.16,0.06,0.0,4.0,12
gax_mod_fet_tlm_nmos_lc_0.40_lch_0.16_lov_0.06_gateasym_0.00_w_4.0_13_2025_08_11_05_43_32,./scripts/die1-1_full_sweep\die_x_1_y_-1\gax_mod_fet_tlm_nmos_lc_0.40_lch_0.16_lov_0.06_gateasym_0.00_w_4.0_13_2025_08_11_05_43_32,nmos,0.4,0.16,0.06,0.0,4.0,13
gax_mod_fet_tlm_nmos_lc_0.40_lch_0.16_lov_0.06_gateasym_0.00_w_4.0_14_2025_08_11_05_42_48,./scripts/die1-1_full_sweep\die_x_1_y_-1\gax_mod_fet_tlm_nmos_lc_0.40_lch_0.16_lov_0.06_gateasym_0.00_w_4.0_14_2025_08_11_05_42_48,nmos,0.4,0.16,0.06,0.0,4.0,14
gax_mod_fet_tlm_nmos_lc_0.40_lch_0.16_lov_0.06_gateasym_0.00_w_4.0_15_2025_08_11_05_42_05,./scripts/die1-1_full_sweep\die_x_1_y_-1\gax_mod_fet_tlm_nmos_lc_0.40_lch_0.16_lov_0.06_gateasym_0.00_w_4.0_15_2025_08_11_05_42_05,nmos,0.4,0.16,0.06,0.0,4.0,15
gax_mod_fet_tlm_nmos_lc_0.40_lch_0.16_lov_0.06_gateasym_0.00_w_4.0_16_2025_08_11_05_41_21,./scripts/die1-1_full_sweep\die_x_1_y_-1\gax_mod_fet_tlm_nmos_lc_0.40_lch_0.16_lov_0.06_gateasym_0.00_w_4.0_16_2025_08_11_05_41_21,nmos,0.4,0.16,0.06,0.0,4.0,16
gax_mod_fet_tlm_nmos_lc_0.40_lch_0.16_lov_0.06_gateasym_0.00_w_4.0_17_2025_08_11_05_40_38,./scripts/die1-1_full_sweep\die_x_1_y_-1\gax_mod_fet_tlm_nmos_lc_0.40_lch_0.16_lov_0.06_gateasym_0.00_w_4.0_17_2025_08_11_05_40_38,nmos,0.4,0.16,0.06,0.0,4.0,17
gax_mod_fet_tlm_nmos_lc_0.40_lch_0.16_lov_0.06_gateasym_0.00_w_4.0_18_2025_08_11_05_39_55,./scripts/die1-1_full_sweep\die_x_1_y_-1\gax_mod_fet_tlm_nmos_lc_0.40_lch_0.16_lov_0.06_gateasym_0.00_w_4.0_18_2025_08_11_05_39_55,nmos,0.4,0.16,0.06,0.0,4.0,18
gax_mod_fet_tlm_nmos_lc_0.40_lch_0.16_lov_0.06_gateasym_0.00_w_4.0_19_2025_08_11_05_39_17,./scripts/die1-1_full_sweep\die_x_1_y_-1\gax_mod_fet_tlm_nmos_lc_0.40_lch_0.16_lov_0.06_gateasym_0.00_w_4.0_19_2025_08_11_05_39_17,nmos,0.4,0.16,0.06,0.0,4.0,19
gax_mod_fet_tlm_nmos_lc_0.40_lch_0.16_lov_0.06_gateasym_0.00_w_4.0_1_2025_08_11_05_52_14,./scripts/die1-1_full_sweep\die_x_1_y_-1\gax_mod_fet_tlm_nmos_lc_0.40_lch_0.16_lov_0.06_gateasym_0.00_w_4.0_1_2025_08_11_05_52_14,nmos,0.4,0.16,0.06,0.0,4.0,1
gax_mod_fet_tlm_nmos_lc_0.40_lch_0.16_lov_0.06_gateasym_0.00_w_4.0_20_2025_08_11_05_38_34,./scripts/die1-1_full_sweep\die_x_1_y_-1\gax_mod_fet_tlm_nmos_lc_0.40_lch_0.16_lov_0.06_gateasym_0.00_w_4.0_20_2025_08_11_05_38_34,nmos,0.4,0.16,0.06,0.0,4.0,20
gax_mod_fet_tlm_nmos_lc_0.40_lch_0.16_lov_0.06_gateasym_0.00_w_4.0_21_2025_08_11_05_37_51,./scripts/die1-1_full_sweep\die_x_1_y_-1\gax_mod_fet_tlm_nmos_lc_0.40_lch_0.16_lov_0.06_gateasym_0.00_w_4.0_21_2025_08_11_05_37_51,nmos,0.4,0.16,0.06,0.0,4.0,21
gax_mod_fet_tlm_nmos_lc_0.40_lch_0.16_lov_0.06_gateasym_0.00_w_4.0_22_2025_08_11_05_37_07,./scripts/die1-1_full_sweep\die_x_1_y_-1\gax_mod_fet_tlm_nmos_lc_0.40_lch_0.16_lov_0.06_gateasym_0.00_w_4.0_22_2025_08_11_05_37_07,nmos,0.4,0.16,0.06,0.0,4.0,22
gax_mod_fet_tlm_nmos_lc_0.40_lch_0.16_lov_0.06_gateasym_0.00_w_4.0_23_2025_08_11_05_36_24,./scripts/die1-1_full_sweep\die_x_1_y_-1\gax_mod_fet_tlm_nmos_lc_0.40_lch_0.16_lov_0.06_gateasym_0.00_w_4.0_23_2025_08_11_05_36_24,nmos,0.4,0.16,0.06,0.0,4.0,23
gax_mod_fet_tlm_nmos_lc_0.40_lch_0.16_lov_0.06_gateasym_0.00_w_4.0_2_2025_08_11_05_51_31,./scripts/die1-1_full_sweep\die_x_1_y_-1\gax_mod_fet_tlm_nmos_lc_0.40_lch_0.16_lov_0.06_gateasym_0.00_w_4.0_2_2025_08_11_05_51_31,nmos,0.4,0.16,0.06,0.0,4.0,2
gax_mod_fet_tlm_nmos_lc_0.40_lch_0.16_lov_0.06_gateasym_0.00_w_4.0_3_2025_08_11_05_50_47,./scripts/die1-1_full_sweep\die_x_1_y_-1\gax_mod_fet_tlm_nmos_lc_0.40_lch_0.16_lov_0.06_gateasym_0.00_w_4.0_3_2025_08_11_05_50_47,nmos,0.4,0.16,0.06,0.0,4.0,3
gax_mod_fet_tlm_nmos_lc_0.40_lch_0.16_lov_0.06_gateasym_0.00_w_4.0_4_2025_08_11_05_50_03,./scripts/die1-1_full_sweep\die_x_1_y_-1\gax_mod_fet_tlm_nmos_lc_0.40_lch_0.16_lov_0.06_gateasym_0.00_w_4.0_4_2025_08_11_05_50_03,nmos,0.4,0.16,0.06,0.0,4.0,4
gax_mod_fet_tlm_nmos_lc_0.40_lch_0.16_lov_0.06_gateasym_0.00_w_4.0_5_2025_08_11_05_49_20,./scripts/die1-1_full_sweep\die_x_1_y_-1\gax_mod_fet_tlm_nmos_lc_0.40_lch_0.16_lov_0.06_gateasym_0.00_w_4.0_5_2025_08_11_05_49_20,nmos,0.4,0.16,0.06,0.0,4.0,5
gax_mod_fet_tlm_nmos_lc_0.40_lch_0.16_lov_0.06_gateasym_0.00_w_4.0_6_2025_08_11_05_48_36,./scripts/die1-1_full_sweep\die_x_1_y_-1\gax_mod_fet_tlm_nmos_lc_0.40_lch_0.16_lov_0.06_gateasym_0.00_w_4.0_6_2025_08_11_05_48_36,nmos,0.4,0.16,0.06,0.0,4.0,6
gax_mod_fet_tlm_nmos_lc_0.40_lch_0.16_lov_0.06_gateasym_0.00_w_4.0_7_2025_08_11_05_47_52,./scripts/die1-1_full_sweep\die_x_1_y_-1\gax_mod_fet_tlm_nmos_lc_0.40_lch_0.16_lov_0.06_gateasym_0.00_w_4.0_7_2025_08_11_05_47_52,nmos,0.4,0.16,0.06,0.0,4.0,7
gax_mod_fet_tlm_nmos_lc_0.40_lch_0.16_lov_0.06_gateasym_0.00_w_4.0_8_2025_08_11_05_47_09,./scripts/die1-1_full_sweep\die_x_1_y_-1\gax_mod_fet_tlm_nmos_lc_0.40_lch_0.16_lov_0.06_gateasym_0.00_w_4.0_8_2025_08_11_05_47_09,nmos,0.4,0.16,0.06,0.0,4.0,8
gax_mod_fet_tlm_nmos_lc_0.40_lch_0.16_lov_0.06_gateasym_0.00_w_4.0_9_2025_08_11_05_46_26,./scripts/die1-1_full_sweep\die_x_1_y_-1\gax_mod_fet_tlm_nmos_lc_0.40_lch_0.16_lov_0.06_gateasym_0.00_w_4.0_9_2025_08_11_05_46_26,nmos,0.4,0.16,0.06,0.0,4.0,9
gax_mod_fet_tlm_nmos_lc_0.40_lch_0.20_lov_0.06_gateasym_0.00_w_4.0_0_2025_08_11_05_18_13,./scripts/die1-1_full_sweep\die_x_1_y_-1\gax_mod_fet_tlm_nmos_lc_0.40_lch_0.20_lov_0.06_gateasym_0.00_w_4.0_0_2025_08_11_05_18_13,nmos,0.4,0.2,0.06,0.0,4.0,0
gax_mod_fet_tlm_nmos_lc_0.40_lch_0.20_lov_0.06_gateasym_0.00_w_4.0_10_2025_08_11_05_10_59,./scripts/die1-1_full_sweep\die_x_1_y_-1\gax_mod_fet_tlm_nmos_lc_0.40_lch_0.20_lov_0.06_gateasym_0.00_w_4.0_10_2025_08_11_05_10_59,nmos,0.4,0.2,0.06,0.0,4.0,10
gax_mod_fet_tlm_nmos_lc_0.40_lch_0.20_lov_0.06_gateasym_0.00_w_4.0_11_2025_08_11_05_10_15,./scripts/die1-1_full_sweep\die_x_1_y_-1\gax_mod_fet_tlm_nmos_lc_0.40_lch_0.20_lov_0.06_gateasym_0.00_w_4.0_11_2025_08_11_05_10_15,nmos,0.4,0.2,0.06,0.0,4.0,11
gax_mod_fet_tlm_nmos_lc_0.40_lch_0.20_lov_0.06_gateasym_0.00_w_4.0_12_2025_08_11_05_09_32,./scripts/die1-1_full_sweep\die_x_1_y_-1\gax_mod_fet_tlm_nmos_lc_0.40_lch_0.20_lov_0.06_gateasym_0.00_w_4.0_12_2025_08_11_05_09_32,nmos,0.4,0.2,0.06,0.0,4.0,12
gax_mod_fet_tlm_nmos_lc_0.40_lch_0.20_lov_0.06_gateasym_0.00_w_4.0_13_2025_08_11_05_08_48,./scripts/die1-1_full_sweep\die_x_1_y_-1\gax_mod_fet_tlm_nmos_lc_0.40_lch_0.20_lov_0.06_gateasym_0.00_w_4.0_13_2025_08_11_05_08_48,nmos,0.4,0.2,0.06,0.0,4.0,13
gax_mod_fet_tlm_nmos_lc_0.40_lch_0.20_lov_0.06_gateasym_0.00_w_4.0_14_2025_08_11_05_08_05,./scripts/die1-1_full_sweep\die_x_1_y_-1\gax_mod_fet_tlm_nmos_lc_0.40_lch_0.20_lov_0.06_gateasym_0.00_w_4.0_14_2025_08_11_05_08_05,nmos,0.4,0.2,0.06,0.0,4.0,14
gax_mod_fet_tlm_nmos_lc_0.40_lch_0.20_lov_0.06_gateasym_0.00_w_4.0_15_2025_08_11_05_07_21,./scripts/die1-1_full_sweep\die_x_1_y_-1\gax_mod_fet_tlm_nmos_lc_0.40_lch_0.20_lov_0.06_gateasym_0.00_w_4.0_15_2025_08_11_05_07_21,nmos,0.4,0.2,0.06,0.0,4.0,15
gax_mod_fet_tlm_nmos_lc_0.40_lch_0.20_lov_0.06_gateasym_0.00_w_4.0_16_2025_08_11_05_06_37,./scripts/die1-1_full_sweep\die_x_1_y_-1\gax_mod_fet_tlm_nmos_lc_0.40_lch_0.20_lov_0.06_gateasym_0.00_w_4.0_16_2025_08_11_05_06_37,nmos,0.4,0.2,0.06,0.0,4.0,16
gax_mod_fet_tlm_nmos_lc_0.40_lch_0.20_lov_0.06_gateasym_0.00_w_4.0_17_2025_08_11_05_05_53,./scripts/die1-1_full_sweep\die_x_1_y_-1\gax_mod_fet_tlm_nmos_lc_0.40_lch_0.20_lov_0.06_gateasym_0.00_w_4.0_17_2025_08_11_05_05_53,nmos,0.4,0.2,0.06,0.0,4.0,17
gax_mod_fet_tlm_nmos_lc_0.40_lch_0.20_lov_0.06_gateasym_0.00_w_4.0_18_2025_08_11_05_05_10,./scripts/die1-1_full_sweep\die_x_1_y_-1\gax_mod_fet_tlm_nmos_lc_0.40_lch_0.20_lov_0.06_gateasym_0.00_w_4.0_18_2025_08_11_05_05_10,nmos,0.4,0.2,0.06,0.0,4.0,18
gax_mod_fet_tlm_nmos_lc_0.40_lch_0.20_lov_0.06_gateasym_0.00_w_4.0_19_2025_08_11_05_04_26,./scripts/die1-1_full_sweep\die_x_1_y_-1\gax_mod_fet_tlm_nmos_lc_0.40_lch_0.20_lov_0.06_gateasym_0.00_w_4.0_19_2025_08_11_05_04_26,nmos,0.4,0.2,0.06,0.0,4.0,19
gax_mod_fet_tlm_nmos_lc_0.40_lch_0.20_lov_0.06_gateasym_0.00_w_4.0_1_2025_08_11_05_17_30,./scripts/die1-1_full_sweep\die_x_1_y_-1\gax_mod_fet_tlm_nmos_lc_0.40_lch_0.20_lov_0.06_gateasym_0.00_w_4.0_1_2025_08_11_05_17_30,nmos,0.4,0.2,0.06,0.0,4.0,1
gax_mod_fet_tlm_nmos_lc_0.40_lch_0.20_lov_0.06_gateasym_0.00_w_4.0_20_2025_08_11_05_03_43,./scripts/die1-1_full_sweep\die_x_1_y_-1\gax_mod_fet_tlm_nmos_lc_0.40_lch_0.20_lov_0.06_gateasym_0.00_w_4.0_20_2025_08_11_05_03_43,nmos,0.4,0.2,0.06,0.0,4.0,20
gax_mod_fet_tlm_nmos_lc_0.40_lch_0.20_lov_0.06_gateasym_0.00_w_4.0_21_2025_08_11_05_02_59,./scripts/die1-1_full_sweep\die_x_1_y_-1\gax_mod_fet_tlm_nmos_lc_0.40_lch_0.20_lov_0.06_gateasym_0.00_w_4.0_21_2025_08_11_05_02_59,nmos,0.4,0.2,0.06,0.0,4.0,21
gax_mod_fet_tlm_nmos_lc_0.40_lch_0.20_lov_0.06_gateasym_0.00_w_4.0_22_2025_08_11_05_02_15,./scripts/die1-1_full_sweep\die_x_1_y_-1\gax_mod_fet_tlm_nmos_lc_0.40_lch_0.20_lov_0.06_gateasym_0.00_w_4.0_22_2025_08_11_05_02_15,nmos,0.4,0.2,0.06,0.0,4.0,22
gax_mod_fet_tlm_nmos_lc_0.40_lch_0.20_lov_0.06_gateasym_0.00_w_4.0_23_2025_08_11_05_01_32,./scripts/die1-1_full_sweep\die_x_1_y_-1\gax_mod_fet_tlm_nmos_lc_0.40_lch_0.20_lov_0.06_gateasym_0.00_w_4.0_23_2025_08_11_05_01_32,nmos,0.4,0.2,0.06,0.0,4.0,23
gax_mod_fet_tlm_nmos_lc_0.40_lch_0.20_lov_0.06_gateasym_0.00_w_4.0_2_2025_08_11_05_16_47,./scripts/die1-1_full_sweep\die_x_1_y_-1\gax_mod_fet_tlm_nmos_lc_0.40_lch_0.20_lov_0.06_gateasym_0.00_w_4.0_2_2025_08_11_05_16_47,nmos,0.4,0.2,0.06,0.0,4.0,2
gax_mod_fet_tlm_nmos_lc_0.40_lch_0.20_lov_0.06_gateasym_0.00_w_4.0_3_2025_08_11_05_16_03,./scripts/die1-1_full_sweep\die_x_1_y_-1\gax_mod_fet_tlm_nmos_lc_0.40_lch_0.20_lov_0.06_gateasym_0.00_w_4.0_3_2025_08_11_05_16_03,nmos,0.4,0.2,0.06,0.0,4.0,3
gax_mod_fet_tlm_nmos_lc_0.40_lch_0.20_lov_0.06_gateasym_0.00_w_4.0_4_2025_08_11_05_15_20,./scripts/die1-1_full_sweep\die_x_1_y_-1\gax_mod_fet_tlm_nmos_lc_0.40_lch_0.20_lov_0.06_gateasym_0.00_w_4.0_4_2025_08_11_05_15_20,nmos,0.4,0.2,0.06,0.0,4.0,4
gax_mod_fet_tlm_nmos_lc_0.40_lch_0.20_lov_0.06_gateasym_0.00_w_4.0_5_2025_08_11_05_14_36,./scripts/die1-1_full_sweep\die_x_1_y_-1\gax_mod_fet_tlm_nmos_lc_0.40_lch_0.20_lov_0.06_gateasym_0.00_w_4.0_5_2025_08_11_05_14_36,nmos,0.4,0.2,0.06,0.0,4.0,5
gax_mod_fet_tlm_nmos_lc_0.40_lch_0.20_lov_0.06_gateasym_0.00_w_4.0_6_2025_08_11_05_13_52,./scripts/die1-1_full_sweep\die_x_1_y_-1\gax_mod_fet_tlm_nmos_lc_0.40_lch_0.20_lov_0.06_gateasym_0.00_w_4.0_6_2025_08_11_05_13_52,nmos,0.4,0.2,0.06,0.0,4.0,6
gax_mod_fet_tlm_nmos_lc_0.40_lch_0.20_lov_0.06_gateasym_0.00_w_4.0_7_2025_08_11_05_13_09,./scripts/die1-1_full_sweep\die_x_1_y_-1\gax_mod_fet_tlm_nmos_lc_0.40_lch_0.20_lov_0.06_gateasym_0.00_w_4.0_7_2025_08_11_05_13_09,nmos,0.4,0.2,0.06,0.0,4.0,7
gax_mod_fet_tlm_nmos_lc_0.40_lch_0.20_lov_0.06_gateasym_0.00_w_4.0_8_2025_08_11_05_12_26,./scripts/die1-1_full_sweep\die_x_1_y_-1\gax_mod_fet_tlm_nmos_lc_0.40_lch_0.20_lov_0.06_gateasym_0.00_w_4.0_8_2025_08_11_05_12_26,nmos,0.4,0.2,0.06,0.0,4.0,8
gax_mod_fet_tlm_nmos_lc_0.40_lch_0.20_lov_0.06_gateasym_0.00_w_4.0_9_2025_08_11_05_11_43,./scripts/die1-1_full_sweep\die_x_1_y_-1\gax_mod_fet_tlm_nmos_lc_0.40_lch_0.20_lov_0.06_gateasym_0.00_w_4.0_9_2025_08_11_05_11_43,nmos,0.4,0.2,0.06,0.0,4.0,9
gax_mod_fet_tlm_nmos_lc_0.40_lch_0.40_lov_0.06_gateasym_0.00_w_4.0_0_2025_08_11_04_43_31,./scripts/die1-1_full_sweep\die_x_1_y_-1\gax_mod_fet_tlm_nmos_lc_0.40_lch_0.40_lov_0.06_gateasym_0.00_w_4.0_0_2025_08_11_04_43_31,nmos,0.4,0.4,0.06,0.0,4.0,0
gax_mod_fet_tlm_nmos_lc_0.40_lch_0.40_lov_0.06_gateasym_0.00_w_4.0_10_2025_08_11_04_36_16,./scripts/die1-1_full_sweep\die_x_1_y_-1\gax_mod_fet_tlm_nmos_lc_0.40_lch_0.40_lov_0.06_gateasym_0.00_w_4.0_10_2025_08_11_04_36_16,nmos,0.4,0.4,0.06,0.0,4.0,10
gax_mod_fet_tlm_nmos_lc_0.40_lch_0.40_lov_0.06_gateasym_0.00_w_4.0_11_2025_08_11_04_35_32,./scripts/die1-1_full_sweep\die_x_1_y_-1\gax_mod_fet_tlm_nmos_lc_0.40_lch_0.40_lov_0.06_gateasym_0.00_w_4.0_11_2025_08_11_04_35_32,nmos,0.4,0.4,0.06,0.0,4.0,11
gax_mod_fet_tlm_nmos_lc_0.40_lch_0.40_lov_0.06_gateasym_0.00_w_4.0_12_2025_08_11_04_34_48,./scripts/die1-1_full_sweep\die_x_1_y_-1\gax_mod_fet_tlm_nmos_lc_0.40_lch_0.40_lov_0.06_gateasym_0.00_w_4.0_12_2025_08_11_04_34_48,nmos,0.4,0.4,0.06,0.0,4.0,12
gax_mod_fet_tlm_nmos_lc_0.40_lch_0.40_lov_0.06_gateasym_0.00_w_4.0_13_2025_08_11_04_34_04,./scripts/die1-1_full_sweep\die_x_1_y_-1\gax_mod_fet_tlm_nmos_lc_0.40_lch_0.40_lov_0.06_gateasym_0.00_w_4.0_13_2025_08_11_04_34_04,nmos,0.4,0.4,0.06,0.0,4.0,13
gax_mod_fet_tlm_nmos_lc_0.40_lch_0.40_lov_0.06_gateasym_0.00_w_4.0_14_2025_08_11_04_33_20,./scripts/die1-1_full_sweep\die_x_1_y_-1\gax_mod_fet_tlm_nmos_lc_0.40_lch_0.40_lov_0.06_gateasym_0.00_w_4.0_14_2025_08_11_04_33_20,nmos,0.4,0.4,0.06,0.0,4.0,14
gax_mod_fet_tlm_nmos_lc_0.40_lch_0.40_lov_0.06_gateasym_0.00_w_4.0_15_2025_08_11_04_32_37,./scripts/die1-1_full_sweep\die_x_1_y_-1\gax_mod_fet_tlm_nmos_lc_0.40_lch_0.40_lov_0.06_gateasym_0.00_w_4.0_15_2025_08_11_04_32_37,nmos,0.4,0.4,0.06,0.0,4.0,15
gax_mod_fet_tlm_nmos_lc_0.40_lch_0.40_lov_0.06_gateasym_0.00_w_4.0_16_2025_08_11_04_31_53,./scripts/die1-1_full_sweep\die_x_1_y_-1\gax_mod_fet_tlm_nmos_lc_0.40_lch_0.40_lov_0.06_gateasym_0.00_w_4.0_16_2025_08_11_04_31_53,nmos,0.4,0.4,0.06,0.0,4.0,16
gax_mod_fet_tlm_nmos_lc_0.40_lch_0.40_lov_0.06_gateasym_0.00_w_4.0_17_2025_08_11_04_31_09,./scripts/die1-1_full_sweep\die_x_1_y_-1\gax_mod_fet_tlm_nmos_lc_0.40_lch_0.40_lov_0.06_gateasym_0.00_w_4.0_17_2025_08_11_04_31_09,nmos,0.4,0.4,0.06,0.0,4.0,17
gax_mod_fet_tlm_nmos_lc_0.40_lch_0.40_lov_0.06_gateasym_0.00_w_4.0_18_2025_08_11_04_30_26,./scripts/die1-1_full_sweep\die_x_1_y_-1\gax_mod_fet_tlm_nmos_lc_0.40_lch_0.40_lov_0.06_gateasym_0.00_w_4.0_18_2025_08_11_04_30_26,nmos,0.4,0.4,0.06,0.0,4.0,18
gax_mod_fet_tlm_nmos_lc_0.40_lch_0.40_lov_0.06_gateasym_0.00_w_4.0_19_2025_08_11_04_29_44,./scripts/die1-1_full_sweep\die_x_1_y_-1\gax_mod_fet_tlm_nmos_lc_0.40_lch_0.40_lov_0.06_gateasym_0.00_w_4.0_19_2025_08_11_04_29_44,nmos,0.4,0.4,0.06,0.0,4.0,19
gax_mod_fet_tlm_nmos_lc_0.40_lch_0.40_lov_0.06_gateasym_0.00_w_4.0_1_2025_08_11_04_42_47,./scripts/die1-1_full_sweep\die_x_1_y_-1\gax_mod_fet_tlm_nmos_lc_0.40_lch_0.40_lov_0.06_gateasym_0.00_w_4.0_1_2025_08_11_04_42_47,nmos,0.4,0.4,0.06,0.0,4.0,1
gax_mod_fet_tlm_nmos_lc_0.40_lch_0.40_lov_0.06_gateasym_0.00_w_4.0_20_2025_08_11_04_29_00,./scripts/die1-1_full_sweep\die_x_1_y_-1\gax_mod_fet_tlm_nmos_lc_0.40_lch_0.40_lov_0.06_gateasym_0.00_w_4.0_20_2025_08_11_04_29_00,nmos,0.4,0.4,0.06,0.0,4.0,20
gax_mod_fet_tlm_nmos_lc_0.40_lch_0.40_lov_0.06_gateasym_0.00_w_4.0_21_2025_08_11_04_28_24,./scripts/die1-1_full_sweep\die_x_1_y_-1\gax_mod_fet_tlm_nmos_lc_0.40_lch_0.40_lov_0.06_gateasym_0.00_w_4.0_21_2025_08_11_04_28_24,nmos,0.4,0.4,0.06,0.0,4.0,21
gax_mod_fet_tlm_nmos_lc_0.40_lch_0.40_lov_0.06_gateasym_0.00_w_4.0_22_2025_08_11_04_27_40,./scripts/die1-1_full_sweep\die_x_1_y_-1\gax_mod_fet_tlm_nmos_lc_0.40_lch_0.40_lov_0.06_gateasym_0.00_w_4.0_22_2025_08_11_04_27_40,nmos,0.4,0.4,0.06,0.0,4.0,22
gax_mod_fet_tlm_nmos_lc_0.40_lch_0.40_lov_0.06_gateasym_0.00_w_4.0_23_2025_08_11_04_26_57,./scripts/die1-1_full_sweep\die_x_1_y_-1\gax_mod_fet_tlm_nmos_lc_0.40_lch_0.40_lov_0.06_gateasym_0.00_w_4.0_23_2025_08_11_04_26_57,nmos,0.4,0.4,0.06,0.0,4.0,23
gax_mod_fet_tlm_nmos_lc_0.40_lch_0.40_lov_0.06_gateasym_0.00_w_4.0_2_2025_08_11_04_42_03,./scripts/die1-1_full_sweep\die_x_1_y_-1\gax_mod_fet_tlm_nmos_lc_0.40_lch_0.40_lov_0.06_gateasym_0.00_w_4.0_2_2025_08_11_04_42_03,nmos,0.4,0.4,0.06,0.0,4.0,2
gax_mod_fet_tlm_nmos_lc_0.40_lch_0.40_lov_0.06_gateasym_0.00_w_4.0_3_2025_08_11_04_41_19,./scripts/die1-1_full_sweep\die_x_1_y_-1\gax_mod_fet_tlm_nmos_lc_0.40_lch_0.40_lov_0.06_gateasym_0.00_w_4.0_3_2025_08_11_04_41_19,nmos,0.4,0.4,0.06,0.0,4.0,3
gax_mod_fet_tlm_nmos_lc_0.40_lch_0.40_lov_0.06_gateasym_0.00_w_4.0_4_2025_08_11_04_40_36,./scripts/die1-1_full_sweep\die_x_1_y_-1\gax_mod_fet_tlm_nmos_lc_0.40_lch_0.40_lov_0.06_gateasym_0.00_w_4.0_4_2025_08_11_04_40_36,nmos,0.4,0.4,0.06,0.0,4.0,4
gax_mod_fet_tlm_nmos_lc_0.40_lch_0.40_lov_0.06_gateasym_0.00_w_4.0_5_2025_08_11_04_39_52,./scripts/die1-1_full_sweep\die_x_1_y_-1\gax_mod_fet_tlm_nmos_lc_0.40_lch_0.40_lov_0.06_gateasym_0.00_w_4.0_5_2025_08_11_04_39_52,nmos,0.4,0.4,0.06,0.0,4.0,5
gax_mod_fet_tlm_nmos_lc_0.40_lch_0.40_lov_0.06_gateasym_0.00_w_4.0_6_2025_08_11_04_39_10,./scripts/die1-1_full_sweep\die_x_1_y_-1\gax_mod_fet_tlm_nmos_lc_0.40_lch_0.40_lov_0.06_gateasym_0.00_w_4.0_6_2025_08_11_04_39_10,nmos,0.4,0.4,0.06,0.0,4.0,6
gax_mod_fet_tlm_nmos_lc_0.40_lch_0.40_lov_0.06_gateasym_0.00_w_4.0_7_2025_08_11_04_38_26,./scripts/die1-1_full_sweep\die_x_1_y_-1\gax_mod_fet_tlm_nmos_lc_0.40_lch_0.40_lov_0.06_gateasym_0.00_w_4.0_7_2025_08_11_04_38_26,nmos,0.4,0.4,0.06,0.0,4.0,7
gax_mod_fet_tlm_nmos_lc_0.40_lch_0.40_lov_0.06_gateasym_0.00_w_4.0_8_2025_08_11_04_37_42,./scripts/die1-1_full_sweep\die_x_1_y_-1\gax_mod_fet_tlm_nmos_lc_0.40_lch_0.40_lov_0.06_gateasym_0.00_w_4.0_8_2025_08_11_04_37_42,nmos,0.4,0.4,0.06,0.0,4.0,8
gax_mod_fet_tlm_nmos_lc_0.40_lch_0.40_lov_0.06_gateasym_0.00_w_4.0_9_2025_08_11_04_36_59,./scripts/die1-1_full_sweep\die_x_1_y_-1\gax_mod_fet_tlm_nmos_lc_0.40_lch_0.40_lov_0.06_gateasym_0.00_w_4.0_9_2025_08_11_04_36_59,nmos,0.4,0.4,0.06,0.0,4.0,9
gax_mod_fet_tlm_pmos_lc_0.16_lch_0.12_lov_0.06_gateasym_0.00_w_4.0_0_2025_08_11_12_57_57,./scripts/die1-1_full_sweep\die_x_1_y_-1\gax_mod_fet_tlm_pmos_lc_0.16_lch_0.12_lov_0.06_gateasym_0.00_w_4.0_0_2025_08_11_12_57_57,pmos,0.16,0.12,0.06,0.0,4.0,0
gax_mod_fet_tlm_pmos_lc_0.16_lch_0.12_lov_0.06_gateasym_0.00_w_4.0_10_2025_08_11_12_50_53,./scripts/die1-1_full_sweep\die_x_1_y_-1\gax_mod_fet_tlm_pmos_lc_0.16_lch_0.12_lov_0.06_gateasym_0.00_w_4.0_10_2025_08_11_12_50_53,pmos,0.16,0.12,0.06,0.0,4.0,10
gax_mod_fet_tlm_pmos_lc_0.16_lch_0.12_lov_0.06_gateasym_0.00_w_4.0_11_2025_08_11_12_50_10,./scripts/die1-1_full_sweep\die_x_1_y_-1\gax_mod_fet_tlm_pmos_lc_0.16_lch_0.12_lov_0.06_gateasym_0.00_w_4.0_11_2025_08_11_12_50_10,pmos,0.16,0.12,0.06,0.0,4.0,11
gax_mod_fet_tlm_pmos_lc_0.16_lch_0.12_lov_0.06_gateasym_0.00_w_4.0_12_2025_08_11_12_49_27,./scripts/die1-1_full_sweep\die_x_1_y_-1\gax_mod_fet_tlm_pmos_lc_0.16_lch_0.12_lov_0.06_gateasym_0.00_w_4.0_12_2025_08_11_12_49_27,pmos,0.16,0.12,0.06,0.0,4.0,12
gax_mod_fet_tlm_pmos_lc_0.16_lch_0.12_lov_0.06_gateasym_0.00_w_4.0_13_2025_08_11_12_48_45,./scripts/die1-1_full_sweep\die_x_1_y_-1\gax_mod_fet_tlm_pmos_lc_0.16_lch_0.12_lov_0.06_gateasym_0.00_w_4.0_13_2025_08_11_12_48_45,pmos,0.16,0.12,0.06,0.0,4.0,13
gax_mod_fet_tlm_pmos_lc_0.16_lch_0.12_lov_0.06_gateasym_0.00_w_4.0_14_2025_08_11_12_48_02,./scripts/die1-1_full_sweep\die_x_1_y_-1\gax_mod_fet_tlm_pmos_lc_0.16_lch_0.12_lov_0.06_gateasym_0.00_w_4.0_14_2025_08_11_12_48_02,pmos,0.16,0.12,0.06,0.0,4.0,14
gax_mod_fet_tlm_pmos_lc_0.16_lch_0.12_lov_0.06_gateasym_0.00_w_4.0_15_2025_08_11_12_47_19,./scripts/die1-1_full_sweep\die_x_1_y_-1\gax_mod_fet_tlm_pmos_lc_0.16_lch_0.12_lov_0.06_gateasym_0.00_w_4.0_15_2025_08_11_12_47_19,pmos,0.16,0.12,0.06,0.0,4.0,15
gax_mod_fet_tlm_pmos_lc_0.16_lch_0.12_lov_0.06_gateasym_0.00_w_4.0_16_2025_08_11_12_46_36,./scripts/die1-1_full_sweep\die_x_1_y_-1\gax_mod_fet_tlm_pmos_lc_0.16_lch_0.12_lov_0.06_gateasym_0.00_w_4.0_16_2025_08_11_12_46_36,pmos,0.16,0.12,0.06,0.0,4.0,16
gax_mod_fet_tlm_pmos_lc_0.16_lch_0.12_lov_0.06_gateasym_0.00_w_4.0_17_2025_08_11_12_45_54,./scripts/die1-1_full_sweep\die_x_1_y_-1\gax_mod_fet_tlm_pmos_lc_0.16_lch_0.12_lov_0.06_gateasym_0.00_w_4.0_17_2025_08_11_12_45_54,pmos,0.16,0.12,0.06,0.0,4.0,17
gax_mod_fet_tlm_pmos_lc_0.16_lch_0.12_lov_0.06_gateasym_0.00_w_4.0_18_2025_08_11_12_45_11,./scripts/die1-1_full_sweep\die_x_1_y_-1\gax_mod_fet_tlm_pmos_lc_0.16_lch_0.12_lov_0.06_gateasym_0.00_w_4.0_18_2025_08_11_12_45_11,pmos,0.16,0.12,0.06,0.0,4.0,18
gax_mod_fet_tlm_pmos_lc_0.16_lch_0.12_lov_0.06_gateasym_0.00_w_4.0_19_2025_08_11_12_44_28,./scripts/die1-1_full_sweep\die_x_1_y_-1\gax_mod_fet_tlm_pmos_lc_0.16_lch_0.12_lov_0.06_gateasym_0.00_w_4.0_19_2025_08_11_12_44_28,pmos,0.16,0.12,0.06,0.0,4.0,19
gax_mod_fet_tlm_pmos_lc_0.16_lch_0.12_lov_0.06_gateasym_0.00_w_4.0_1_2025_08_11_12_57_15,./scripts/die1-1_full_sweep\die_x_1_y_-1\gax_mod_fet_tlm_pmos_lc_0.16_lch_0.12_lov_0.06_gateasym_0.00_w_4.0_1_2025_08_11_12_57_15,pmos,0.16,0.12,0.06,0.0,4.0,1
gax_mod_fet_tlm_pmos_lc_0.16_lch_0.12_lov_0.06_gateasym_0.00_w_4.0_20_2025_08_11_12_43_45,./scripts/die1-1_full_sweep\die_x_1_y_-1\gax_mod_fet_tlm_pmos_lc_0.16_lch_0.12_lov_0.06_gateasym_0.00_w_4.0_20_2025_08_11_12_43_45,pmos,0.16,0.12,0.06,0.0,4.0,20
gax_mod_fet_tlm_pmos_lc_0.16_lch_0.12_lov_0.06_gateasym_0.00_w_4.0_21_2025_08_11_12_43_03,./scripts/die1-1_full_sweep\die_x_1_y_-1\gax_mod_fet_tlm_pmos_lc_0.16_lch_0.12_lov_0.06_gateasym_0.00_w_4.0_21_2025_08_11_12_43_03,pmos,0.16,0.12,0.06,0.0,4.0,21
gax_mod_fet_tlm_pmos_lc_0.16_lch_0.12_lov_0.06_gateasym_0.00_w_4.0_22_2025_08_11_12_42_20,./scripts/die1-1_full_sweep\die_x_1_y_-1\gax_mod_fet_tlm_pmos_lc_0.16_lch_0.12_lov_0.06_gateasym_0.00_w_4.0_22_2025_08_11_12_42_20,pmos,0.16,0.12,0.06,0.0,4.0,22
gax_mod_fet_tlm_pmos_lc_0.16_lch_0.12_lov_0.06_gateasym_0.00_w_4.0_23_2025_08_11_12_41_37,./scripts/die1-1_full_sweep\die_x_1_y_-1\gax_mod_fet_tlm_pmos_lc_0.16_lch_0.12_lov_0.06_gateasym_0.00_w_4.0_23_2025_08_11_12_41_37,pmos,0.16,0.12,0.06,0.0,4.0,23
gax_mod_fet_tlm_pmos_lc_0.16_lch_0.12_lov_0.06_gateasym_0.00_w_4.0_2_2025_08_11_12_56_33,./scripts/die1-1_full_sweep\die_x_1_y_-1\gax_mod_fet_tlm_pmos_lc_0.16_lch_0.12_lov_0.06_gateasym_0.00_w_4.0_2_2025_08_11_12_56_33,pmos,0.16,0.12,0.06,0.0,4.0,2
gax_mod_fet_tlm_pmos_lc_0.16_lch_0.12_lov_0.06_gateasym_0.00_w_4.0_3_2025_08_11_12_55_50,./scripts/die1-1_full_sweep\die_x_1_y_-1\gax_mod_fet_tlm_pmos_lc_0.16_lch_0.12_lov_0.06_gateasym_0.00_w_4.0_3_2025_08_11_12_55_50,pmos,0.16,0.12,0.06,0.0,4.0,3
gax_mod_fet_tlm_pmos_lc_0.16_lch_0.12_lov_0.06_gateasym_0.00_w_4.0_4_2025_08_11_12_55_07,./scripts/die1-1_full_sweep\die_x_1_y_-1\gax_mod_fet_tlm_pmos_lc_0.16_lch_0.12_lov_0.06_gateasym_0.00_w_4.0_4_2025_08_11_12_55_07,pmos,0.16,0.12,0.06,0.0,4.0,4
gax_mod_fet_tlm_pmos_lc_0.16_lch_0.12_lov_0.06_gateasym_0.00_w_4.0_5_2025_08_11_12_54_25,./scripts/die1-1_full_sweep\die_x_1_y_-1\gax_mod_fet_tlm_pmos_lc_0.16_lch_0.12_lov_0.06_gateasym_0.00_w_4.0_5_2025_08_11_12_54_25,pmos,0.16,0.12,0.06,0.0,4.0,5
gax_mod_fet_tlm_pmos_lc_0.16_lch_0.12_lov_0.06_gateasym_0.00_w_4.0_6_2025_08_11_12_53_44,./scripts/die1-1_full_sweep\die_x_1_y_-1\gax_mod_fet_tlm_pmos_lc_0.16_lch_0.12_lov_0.06_gateasym_0.00_w_4.0_6_2025_08_11_12_53_44,pmos,0.16,0.12,0.06,0.0,4.0,6
gax_mod_fet_tlm_pmos_lc_0.16_lch_0.12_lov_0.06_gateasym_0.00_w_4.0_7_2025_08_11_12_53_01,./scripts/die1-1_full_sweep\die_x_1_y_-1\gax_mod_fet_tlm_pmos_lc_0.16_lch_0.12_lov_0.06_gateasym_0.00_w_4.0_7_2025_08_11_12_53_01,pmos,0.16,0.12,0.06,0.0,4.0,7
gax_mod_fet_tlm_pmos_lc_0.16_lch_0.12_lov_0.06_gateasym_0.00_w_4.0_8_2025_08_11_12_52_18,./scripts/die1-1_full_sweep\die_x_1_y_-1\gax_mod_fet_tlm_pmos_lc_0.16_lch_0.12_lov_0.06_gateasym_0.00_w_4.0_8_2025_08_11_12_52_18,pmos,0.16,0.12,0.06,0.0,4.0,8
gax_mod_fet_tlm_pmos_lc_0.16_lch_0.12_lov_0.06_gateasym_0.00_w_4.0_9_2025_08_11_12_51_36,./scripts/die1-1_full_sweep\die_x_1_y_-1\gax_mod_fet_tlm_pmos_lc_0.16_lch_0.12_lov_0.06_gateasym_0.00_w_4.0_9_2025_08_11_12_51_36,pmos,0.16,0.12,0.06,0.0,4.0,9
gax_mod_fet_tlm_pmos_lc_0.16_lch_0.14_lov_0.06_gateasym_0.00_w_4.0_0_2025_08_11_12_23_55,./scripts/die1-1_full_sweep\die_x_1_y_-1\gax_mod_fet_tlm_pmos_lc_0.16_lch_0.14_lov_0.06_gateasym_0.00_w_4.0_0_2025_08_11_12_23_55,pmos,0.16,0.14,0.06,0.0,4.0,0
gax_mod_fet_tlm_pmos_lc_0.16_lch_0.14_lov_0.06_gateasym_0.00_w_4.0_10_2025_08_11_12_16_49,./scripts/die1-1_full_sweep\die_x_1_y_-1\gax_mod_fet_tlm_pmos_lc_0.16_lch_0.14_lov_0.06_gateasym_0.00_w_4.0_10_2025_08_11_12_16_49,pmos,0.16,0.14,0.06,0.0,4.0,10
gax_mod_fet_tlm_pmos_lc_0.16_lch_0.14_lov_0.06_gateasym_0.00_w_4.0_11_2025_08_11_12_16_06,./scripts/die1-1_full_sweep\die_x_1_y_-1\gax_mod_fet_tlm_pmos_lc_0.16_lch_0.14_lov_0.06_gateasym_0.00_w_4.0_11_2025_08_11_12_16_06,pmos,0.16,0.14,0.06,0.0,4.0,11
gax_mod_fet_tlm_pmos_lc_0.16_lch_0.14_lov_0.06_gateasym_0.00_w_4.0_12_2025_08_11_12_15_23,./scripts/die1-1_full_sweep\die_x_1_y_-1\gax_mod_fet_tlm_pmos_lc_0.16_lch_0.14_lov_0.06_gateasym_0.00_w_4.0_12_2025_08_11_12_15_23,pmos,0.16,0.14,0.06,0.0,4.0,12
gax_mod_fet_tlm_pmos_lc_0.16_lch_0.14_lov_0.06_gateasym_0.00_w_4.0_13_2025_08_11_12_14_41,./scripts/die1-1_full_sweep\die_x_1_y_-1\gax_mod_fet_tlm_pmos_lc_0.16_lch_0.14_lov_0.06_gateasym_0.00_w_4.0_13_2025_08_11_12_14_41,pmos,0.16,0.14,0.06,0.0,4.0,13
gax_mod_fet_tlm_pmos_lc_0.16_lch_0.14_lov_0.06_gateasym_0.00_w_4.0_14_2025_08_11_12_13_58,./scripts/die1-1_full_sweep\die_x_1_y_-1\gax_mod_fet_tlm_pmos_lc_0.16_lch_0.14_lov_0.06_gateasym_0.00_w_4.0_14_2025_08_11_12_13_58,pmos,0.16,0.14,0.06,0.0,4.0,14
gax_mod_fet_tlm_pmos_lc_0.16_lch_0.14_lov_0.06_gateasym_0.00_w_4.0_15_2025_08_11_12_13_15,./scripts/die1-1_full_sweep\die_x_1_y_-1\gax_mod_fet_tlm_pmos_lc_0.16_lch_0.14_lov_0.06_gateasym_0.00_w_4.0_15_2025_08_11_12_13_15,pmos,0.16,0.14,0.06,0.0,4.0,15
gax_mod_fet_tlm_pmos_lc_0.16_lch_0.14_lov_0.06_gateasym_0.00_w_4.0_16_2025_08_11_12_12_32,./scripts/die1-1_full_sweep\die_x_1_y_-1\gax_mod_fet_tlm_pmos_lc_0.16_lch_0.14_lov_0.06_gateasym_0.00_w_4.0_16_2025_08_11_12_12_32,pmos,0.16,0.14,0.06,0.0,4.0,16
gax_mod_fet_tlm_pmos_lc_0.16_lch_0.14_lov_0.06_gateasym_0.00_w_4.0_17_2025_08_11_12_11_50,./scripts/die1-1_full_sweep\die_x_1_y_-1\gax_mod_fet_tlm_pmos_lc_0.16_lch_0.14_lov_0.06_gateasym_0.00_w_4.0_17_2025_08_11_12_11_50,pmos,0.16,0.14,0.06,0.0,4.0,17
gax_mod_fet_tlm_pmos_lc_0.16_lch_0.14_lov_0.06_gateasym_0.00_w_4.0_18_2025_08_11_12_11_07,./scripts/die1-1_full_sweep\die_x_1_y_-1\gax_mod_fet_tlm_pmos_lc_0.16_lch_0.14_lov_0.06_gateasym_0.00_w_4.0_18_2025_08_11_12_11_07,pmos,0.16,0.14,0.06,0.0,4.0,18
gax_mod_fet_tlm_pmos_lc_0.16_lch_0.14_lov_0.06_gateasym_0.00_w_4.0_19_2025_08_11_12_10_24,./scripts/die1-1_full_sweep\die_x_1_y_-1\gax_mod_fet_tlm_pmos_lc_0.16_lch_0.14_lov_0.06_gateasym_0.00_w_4.0_19_2025_08_11_12_10_24,pmos,0.16,0.14,0.06,0.0,4.0,19
gax_mod_fet_tlm_pmos_lc_0.16_lch_0.14_lov_0.06_gateasym_0.00_w_4.0_1_2025_08_11_12_23_13,./scripts/die1-1_full_sweep\die_x_1_y_-1\gax_mod_fet_tlm_pmos_lc_0.16_lch_0.14_lov_0.06_gateasym_0.00_w_4.0_1_2025_08_11_12_23_13,pmos,0.16,0.14,0.06,0.0,4.0,1
gax_mod_fet_tlm_pmos_lc_0.16_lch_0.14_lov_0.06_gateasym_0.00_w_4.0_20_2025_08_11_12_09_42,./scripts/die1-1_full_sweep\die_x_1_y_-1\gax_mod_fet_tlm_pmos_lc_0.16_lch_0.14_lov_0.06_gateasym_0.00_w_4.0_20_2025_08_11_12_09_42,pmos,0.16,0.14,0.06,0.0,4.0,20
gax_mod_fet_tlm_pmos_lc_0.16_lch_0.14_lov_0.06_gateasym_0.00_w_4.0_21_2025_08_11_12_08_59,./scripts/die1-1_full_sweep\die_x_1_y_-1\gax_mod_fet_tlm_pmos_lc_0.16_lch_0.14_lov_0.06_gateasym_0.00_w_4.0_21_2025_08_11_12_08_59,pmos,0.16,0.14,0.06,0.0,4.0,21
gax_mod_fet_tlm_pmos_lc_0.16_lch_0.14_lov_0.06_gateasym_0.00_w_4.0_22_2025_08_11_12_08_16,./scripts/die1-1_full_sweep\die_x_1_y_-1\gax_mod_fet_tlm_pmos_lc_0.16_lch_0.14_lov_0.06_gateasym_0.00_w_4.0_22_2025_08_11_12_08_16,pmos,0.16,0.14,0.06,0.0,4.0,22
gax_mod_fet_tlm_pmos_lc_0.16_lch_0.14_lov_0.06_gateasym_0.00_w_4.0_23_2025_08_11_12_07_34,./scripts/die1-1_full_sweep\die_x_1_y_-1\gax_mod_fet_tlm_pmos_lc_0.16_lch_0.14_lov_0.06_gateasym_0.00_w_4.0_23_2025_08_11_12_07_34,pmos,0.16,0.14,0.06,0.0,4.0,23
gax_mod_fet_tlm_pmos_lc_0.16_lch_0.14_lov_0.06_gateasym_0.00_w_4.0_2_2025_08_11_12_22_30,./scripts/die1-1_full_sweep\die_x_1_y_-1\gax_mod_fet_tlm_pmos_lc_0.16_lch_0.14_lov_0.06_gateasym_0.00_w_4.0_2_2025_08_11_12_22_30,pmos,0.16,0.14,0.06,0.0,4.0,2
gax_mod_fet_tlm_pmos_lc_0.16_lch_0.14_lov_0.06_gateasym_0.00_w_4.0_3_2025_08_11_12_21_47,./scripts/die1-1_full_sweep\die_x_1_y_-1\gax_mod_fet_tlm_pmos_lc_0.16_lch_0.14_lov_0.06_gateasym_0.00_w_4.0_3_2025_08_11_12_21_47,pmos,0.16,0.14,0.06,0.0,4.0,3
gax_mod_fet_tlm_pmos_lc_0.16_lch_0.14_lov_0.06_gateasym_0.00_w_4.0_4_2025_08_11_12_21_05,./scripts/die1-1_full_sweep\die_x_1_y_-1\gax_mod_fet_tlm_pmos_lc_0.16_lch_0.14_lov_0.06_gateasym_0.00_w_4.0_4_2025_08_11_12_21_05,pmos,0.16,0.14,0.06,0.0,4.0,4
gax_mod_fet_tlm_pmos_lc_0.16_lch_0.14_lov_0.06_gateasym_0.00_w_4.0_5_2025_08_11_12_20_23,./scripts/die1-1_full_sweep\die_x_1_y_-1\gax_mod_fet_tlm_pmos_lc_0.16_lch_0.14_lov_0.06_gateasym_0.00_w_4.0_5_2025_08_11_12_20_23,pmos,0.16,0.14,0.06,0.0,4.0,5
gax_mod_fet_tlm_pmos_lc_0.16_lch_0.14_lov_0.06_gateasym_0.00_w_4.0_6_2025_08_11_12_19_40,./scripts/die1-1_full_sweep\die_x_1_y_-1\gax_mod_fet_tlm_pmos_lc_0.16_lch_0.14_lov_0.06_gateasym_0.00_w_4.0_6_2025_08_11_12_19_40,pmos,0.16,0.14,0.06,0.0,4.0,6
gax_mod_fet_tlm_pmos_lc_0.16_lch_0.14_lov_0.06_gateasym_0.00_w_4.0_7_2025_08_11_12_18_57,./scripts/die1-1_full_sweep\die_x_1_y_-1\gax_mod_fet_tlm_pmos_lc_0.16_lch_0.14_lov_0.06_gateasym_0.00_w_4.0_7_2025_08_11_12_18_57,pmos,0.16,0.14,0.06,0.0,4.0,7
gax_mod_fet_tlm_pmos_lc_0.16_lch_0.14_lov_0.06_gateasym_0.00_w_4.0_8_2025_08_11_12_18_14,./scripts/die1-1_full_sweep\die_x_1_y_-1\gax_mod_fet_tlm_pmos_lc_0.16_lch_0.14_lov_0.06_gateasym_0.00_w_4.0_8_2025_08_11_12_18_14,pmos,0.16,0.14,0.06,0.0,4.0,8
gax_mod_fet_tlm_pmos_lc_0.16_lch_0.14_lov_0.06_gateasym_0.00_w_4.0_9_2025_08_11_12_17_32,./scripts/die1-1_full_sweep\die_x_1_y_-1\gax_mod_fet_tlm_pmos_lc_0.16_lch_0.14_lov_0.06_gateasym_0.00_w_4.0_9_2025_08_11_12_17_32,pmos,0.16,0.14,0.06,0.0,4.0,9
gax_mod_fet_tlm_pmos_lc_0.16_lch_0.16_lov_0.06_gateasym_0.00_w_4.0_0_2025_08_11_11_49_45,./scripts/die1-1_full_sweep\die_x_1_y_-1\gax_mod_fet_tlm_pmos_lc_0.16_lch_0.16_lov_0.06_gateasym_0.00_w_4.0_0_2025_08_11_11_49_45,pmos,0.16,0.16,0.06,0.0,4.0,0
gax_mod_fet_tlm_pmos_lc_0.16_lch_0.16_lov_0.06_gateasym_0.00_w_4.0_10_2025_08_11_11_42_42,./scripts/die1-1_full_sweep\die_x_1_y_-1\gax_mod_fet_tlm_pmos_lc_0.16_lch_0.16_lov_0.06_gateasym_0.00_w_4.0_10_2025_08_11_11_42_42,pmos,0.16,0.16,0.06,0.0,4.0,10
gax_mod_fet_tlm_pmos_lc_0.16_lch_0.16_lov_0.06_gateasym_0.00_w_4.0_11_2025_08_11_11_42_00,./scripts/die1-1_full_sweep\die_x_1_y_-1\gax_mod_fet_tlm_pmos_lc_0.16_lch_0.16_lov_0.06_gateasym_0.00_w_4.0_11_2025_08_11_11_42_00,pmos,0.16,0.16,0.06,0.0,4.0,11
gax_mod_fet_tlm_pmos_lc_0.16_lch_0.16_lov_0.06_gateasym_0.00_w_4.0_12_2025_08_11_11_41_17,./scripts/die1-1_full_sweep\die_x_1_y_-1\gax_mod_fet_tlm_pmos_lc_0.16_lch_0.16_lov_0.06_gateasym_0.00_w_4.0_12_2025_08_11_11_41_17,pmos,0.16,0.16,0.06,0.0,4.0,12
gax_mod_fet_tlm_pmos_lc_0.16_lch_0.16_lov_0.06_gateasym_0.00_w_4.0_13_2025_08_11_11_40_34,./scripts/die1-1_full_sweep\die_x_1_y_-1\gax_mod_fet_tlm_pmos_lc_0.16_lch_0.16_lov_0.06_gateasym_0.00_w_4.0_13_2025_08_11_11_40_34,pmos,0.16,0.16,0.06,0.0,4.0,13
gax_mod_fet_tlm_pmos_lc_0.16_lch_0.16_lov_0.06_gateasym_0.00_w_4.0_14_2025_08_11_11_39_51,./scripts/die1-1_full_sweep\die_x_1_y_-1\gax_mod_fet_tlm_pmos_lc_0.16_lch_0.16_lov_0.06_gateasym_0.00_w_4.0_14_2025_08_11_11_39_51,pmos,0.16,0.16,0.06,0.0,4.0,14
gax_mod_fet_tlm_pmos_lc_0.16_lch_0.16_lov_0.06_gateasym_0.00_w_4.0_15_2025_08_11_11_39_09,./scripts/die1-1_full_sweep\die_x_1_y_-1\gax_mod_fet_tlm_pmos_lc_0.16_lch_0.16_lov_0.06_gateasym_0.00_w_4.0_15_2025_08_11_11_39_09,pmos,0.16,0.16,0.06,0.0,4.0,15
gax_mod_fet_tlm_pmos_lc_0.16_lch_0.16_lov_0.06_gateasym_0.00_w_4.0_16_2025_08_11_11_38_26,./scripts/die1-1_full_sweep\die_x_1_y_-1\gax_mod_fet_tlm_pmos_lc_0.16_lch_0.16_lov_0.06_gateasym_0.00_w_4.0_16_2025_08_11_11_38_26,pmos,0.16,0.16,0.06,0.0,4.0,16
gax_mod_fet_tlm_pmos_lc_0.16_lch_0.16_lov_0.06_gateasym_0.00_w_4.0_17_2025_08_11_11_37_43,./scripts/die1-1_full_sweep\die_x_1_y_-1\gax_mod_fet_tlm_pmos_lc_0.16_lch_0.16_lov_0.06_gateasym_0.00_w_4.0_17_2025_08_11_11_37_43,pmos,0.16,0.16,0.06,0.0,4.0,17
gax_mod_fet_tlm_pmos_lc_0.16_lch_0.16_lov_0.06_gateasym_0.00_w_4.0_18_2025_08_11_11_37_00,./scripts/die1-1_full_sweep\die_x_1_y_-1\gax_mod_fet_tlm_pmos_lc_0.16_lch_0.16_lov_0.06_gateasym_0.00_w_4.0_18_2025_08_11_11_37_00,pmos,0.16,0.16,0.06,0.0,4.0,18
gax_mod_fet_tlm_pmos_lc_0.16_lch_0.16_lov_0.06_gateasym_0.00_w_4.0_19_2025_08_11_11_36_18,./scripts/die1-1_full_sweep\die_x_1_y_-1\gax_mod_fet_tlm_pmos_lc_0.16_lch_0.16_lov_0.06_gateasym_0.00_w_4.0_19_2025_08_11_11_36_18,pmos,0.16,0.16,0.06,0.0,4.0,19
gax_mod_fet_tlm_pmos_lc_0.16_lch_0.16_lov_0.06_gateasym_0.00_w_4.0_1_2025_08_11_11_49_02,./scripts/die1-1_full_sweep\die_x_1_y_-1\gax_mod_fet_tlm_pmos_lc_0.16_lch_0.16_lov_0.06_gateasym_0.00_w_4.0_1_2025_08_11_11_49_02,pmos,0.16,0.16,0.06,0.0,4.0,1
gax_mod_fet_tlm_pmos_lc_0.16_lch_0.16_lov_0.06_gateasym_0.00_w_4.0_20_2025_08_11_11_35_35,./scripts/die1-1_full_sweep\die_x_1_y_-1\gax_mod_fet_tlm_pmos_lc_0.16_lch_0.16_lov_0.06_gateasym_0.00_w_4.0_20_2025_08_11_11_35_35,pmos,0.16,0.16,0.06,0.0,4.0,20
gax_mod_fet_tlm_pmos_lc_0.16_lch_0.16_lov_0.06_gateasym_0.00_w_4.0_21_2025_08_11_11_34_52,./scripts/die1-1_full_sweep\die_x_1_y_-1\gax_mod_fet_tlm_pmos_lc_0.16_lch_0.16_lov_0.06_gateasym_0.00_w_4.0_21_2025_08_11_11_34_52,pmos,0.16,0.16,0.06,0.0,4.0,21
gax_mod_fet_tlm_pmos_lc_0.16_lch_0.16_lov_0.06_gateasym_0.00_w_4.0_22_2025_08_11_11_34_10,./scripts/die1-1_full_sweep\die_x_1_y_-1\gax_mod_fet_tlm_pmos_lc_0.16_lch_0.16_lov_0.06_gateasym_0.00_w_4.0_22_2025_08_11_11_34_10,pmos,0.16,0.16,0.06,0.0,4.0,22
gax_mod_fet_tlm_pmos_lc_0.16_lch_0.16_lov_0.06_gateasym_0.00_w_4.0_23_2025_08_11_11_33_27,./scripts/die1-1_full_sweep\die_x_1_y_-1\gax_mod_fet_tlm_pmos_lc_0.16_lch_0.16_lov_0.06_gateasym_0.00_w_4.0_23_2025_08_11_11_33_27,pmos,0.16,0.16,0.06,0.0,4.0,23
gax_mod_fet_tlm_pmos_lc_0.16_lch_0.16_lov_0.06_gateasym_0.00_w_4.0_2_2025_08_11_11_48_20,./scripts/die1-1_full_sweep\die_x_1_y_-1\gax_mod_fet_tlm_pmos_lc_0.16_lch_0.16_lov_0.06_gateasym_0.00_w_4.0_2_2025_08_11_11_48_20,pmos,0.16,0.16,0.06,0.0,4.0,2
gax_mod_fet_tlm_pmos_lc_0.16_lch_0.16_lov_0.06_gateasym_0.00_w_4.0_3_2025_08_11_11_47_41,./scripts/die1-1_full_sweep\die_x_1_y_-1\gax_mod_fet_tlm_pmos_lc_0.16_lch_0.16_lov_0.06_gateasym_0.00_w_4.0_3_2025_08_11_11_47_41,pmos,0.16,0.16,0.06,0.0,4.0,3
gax_mod_fet_tlm_pmos_lc_0.16_lch_0.16_lov_0.06_gateasym_0.00_w_4.0_4_2025_08_11_11_46_58,./scripts/die1-1_full_sweep\die_x_1_y_-1\gax_mod_fet_tlm_pmos_lc_0.16_lch_0.16_lov_0.06_gateasym_0.00_w_4.0_4_2025_08_11_11_46_58,pmos,0.16,0.16,0.06,0.0,4.0,4
gax_mod_fet_tlm_pmos_lc_0.16_lch_0.16_lov_0.06_gateasym_0.00_w_4.0_5_2025_08_11_11_46_16,./scripts/die1-1_full_sweep\die_x_1_y_-1\gax_mod_fet_tlm_pmos_lc_0.16_lch_0.16_lov_0.06_gateasym_0.00_w_4.0_5_2025_08_11_11_46_16,pmos,0.16,0.16,0.06,0.0,4.0,5
gax_mod_fet_tlm_pmos_lc_0.16_lch_0.16_lov_0.06_gateasym_0.00_w_4.0_6_2025_08_11_11_45_33,./scripts/die1-1_full_sweep\die_x_1_y_-1\gax_mod_fet_tlm_pmos_lc_0.16_lch_0.16_lov_0.06_gateasym_0.00_w_4.0_6_2025_08_11_11_45_33,pmos,0.16,0.16,0.06,0.0,4.0,6
gax_mod_fet_tlm_pmos_lc_0.16_lch_0.16_lov_0.06_gateasym_0.00_w_4.0_7_2025_08_11_11_44_50,./scripts/die1-1_full_sweep\die_x_1_y_-1\gax_mod_fet_tlm_pmos_lc_0.16_lch_0.16_lov_0.06_gateasym_0.00_w_4.0_7_2025_08_11_11_44_50,pmos,0.16,0.16,0.06,0.0,4.0,7
gax_mod_fet_tlm_pmos_lc_0.16_lch_0.16_lov_0.06_gateasym_0.00_w_4.0_8_2025_08_11_11_44_08,./scripts/die1-1_full_sweep\die_x_1_y_-1\gax_mod_fet_tlm_pmos_lc_0.16_lch_0.16_lov_0.06_gateasym_0.00_w_4.0_8_2025_08_11_11_44_08,pmos,0.16,0.16,0.06,0.0,4.0,8
gax_mod_fet_tlm_pmos_lc_0.16_lch_0.16_lov_0.06_gateasym_0.00_w_4.0_9_2025_08_11_11_43_25,./scripts/die1-1_full_sweep\die_x_1_y_-1\gax_mod_fet_tlm_pmos_lc_0.16_lch_0.16_lov_0.06_gateasym_0.00_w_4.0_9_2025_08_11_11_43_25,pmos,0.16,0.16,0.06,0.0,4.0,9
gax_mod_fet_tlm_pmos_lc_0.16_lch_0.20_lov_0.06_gateasym_0.00_w_4.0_0_2025_08_11_11_15_43,./scripts/die1-1_full_sweep\die_x_1_y_-1\gax_mod_fet_tlm_pmos_lc_0.16_lch_0.20_lov_0.06_gateasym_0.00_w_4.0_0_2025_08_11_11_15_43,pmos,0.16,0.2,0.06,0.0,4.0,0
gax_mod_fet_tlm_pmos_lc_0.16_lch_0.20_lov_0.06_gateasym_0.00_w_4.0_10_2025_08_11_11_08_35,./scripts/die1-1_full_sweep\die_x_1_y_-1\gax_mod_fet_tlm_pmos_lc_0.16_lch_0.20_lov_0.06_gateasym_0.00_w_4.0_10_2025_08_11_11_08_35,pmos,0.16,0.2,0.06,0.0,4.0,10
gax_mod_fet_tlm_pmos_lc_0.16_lch_0.20_lov_0.06_gateasym_0.00_w_4.0_11_2025_08_11_11_07_53,./scripts/die1-1_full_sweep\die_x_1_y_-1\gax_mod_fet_tlm_pmos_lc_0.16_lch_0.20_lov_0.06_gateasym_0.00_w_4.0_11_2025_08_11_11_07_53,pmos,0.16,0.2,0.06,0.0,4.0,11
gax_mod_fet_tlm_pmos_lc_0.16_lch_0.20_lov_0.06_gateasym_0.00_w_4.0_12_2025_08_11_11_07_10,./scripts/die1-1_full_sweep\die_x_1_y_-1\gax_mod_fet_tlm_pmos_lc_0.16_lch_0.20_lov_0.06_gateasym_0.00_w_4.0_12_2025_08_11_11_07_10,pmos,0.16,0.2,0.06,0.0,4.0,12
gax_mod_fet_tlm_pmos_lc_0.16_lch_0.20_lov_0.06_gateasym_0.00_w_4.0_13_2025_08_11_11_06_27,./scripts/die1-1_full_sweep\die_x_1_y_-1\gax_mod_fet_tlm_pmos_lc_0.16_lch_0.20_lov_0.06_gateasym_0.00_w_4.0_13_2025_08_11_11_06_27,pmos,0.16,0.2,0.06,0.0,4.0,13
gax_mod_fet_tlm_pmos_lc_0.16_lch_0.20_lov_0.06_gateasym_0.00_w_4.0_14_2025_08_11_11_05_44,./scripts/die1-1_full_sweep\die_x_1_y_-1\gax_mod_fet_tlm_pmos_lc_0.16_lch_0.20_lov_0.06_gateasym_0.00_w_4.0_14_2025_08_11_11_05_44,pmos,0.16,0.2,0.06,0.0,4.0,14
gax_mod_fet_tlm_pmos_lc_0.16_lch_0.20_lov_0.06_gateasym_0.00_w_4.0_15_2025_08_11_11_05_02,./scripts/die1-1_full_sweep\die_x_1_y_-1\gax_mod_fet_tlm_pmos_lc_0.16_lch_0.20_lov_0.06_gateasym_0.00_w_4.0_15_2025_08_11_11_05_02,pmos,0.16,0.2,0.06,0.0,4.0,15
gax_mod_fet_tlm_pmos_lc_0.16_lch_0.20_lov_0.06_gateasym_0.00_w_4.0_16_2025_08_11_11_04_19,./scripts/die1-1_full_sweep\die_x_1_y_-1\gax_mod_fet_tlm_pmos_lc_0.16_lch_0.20_lov_0.06_gateasym_0.00_w_4.0_16_2025_08_11_11_04_19,pmos,0.16,0.2,0.06,0.0,4.0,16
gax_mod_fet_tlm_pmos_lc_0.16_lch_0.20_lov_0.06_gateasym_0.00_w_4.0_17_2025_08_11_11_03_36,./scripts/die1-1_full_sweep\die_x_1_y_-1\gax_mod_fet_tlm_pmos_lc_0.16_lch_0.20_lov_0.06_gateasym_0.00_w_4.0_17_2025_08_11_11_03_36,pmos,0.16,0.2,0.06,0.0,4.0,17
gax_mod_fet_tlm_pmos_lc_0.16_lch_0.20_lov_0.06_gateasym_0.00_w_4.0_18_2025_08_11_11_02_54,./scripts/die1-1_full_sweep\die_x_1_y_-1\gax_mod_fet_tlm_pmos_lc_0.16_lch_0.20_lov_0.06_gateasym_0.00_w_4.0_18_2025_08_11_11_02_54,pmos,0.16,0.2,0.06,0.0,4.0,18
gax_mod_fet_tlm_pmos_lc_0.16_lch_0.20_lov_0.06_gateasym_0.00_w_4.0_19_2025_08_11_11_02_11,./scripts/die1-1_full_sweep\die_x_1_y_-1\gax_mod_fet_tlm_pmos_lc_0.16_lch_0.20_lov_0.06_gateasym_0.00_w_4.0_19_2025_08_11_11_02_11,pmos,0.16,0.2,0.06,0.0,4.0,19
gax_mod_fet_tlm_pmos_lc_0.16_lch_0.20_lov_0.06_gateasym_0.00_w_4.0_1_2025_08_11_11_15_00,./scripts/die1-1_full_sweep\die_x_1_y_-1\gax_mod_fet_tlm_pmos_lc_0.16_lch_0.20_lov_0.06_gateasym_0.00_w_4.0_1_2025_08_11_11_15_00,pmos,0.16,0.2,0.06,0.0,4.0,1
gax_mod_fet_tlm_pmos_lc_0.16_lch_0.20_lov_0.06_gateasym_0.00_w_4.0_20_2025_08_11_11_01_28,./scripts/die1-1_full_sweep\die_x_1_y_-1\gax_mod_fet_tlm_pmos_lc_0.16_lch_0.20_lov_0.06_gateasym_0.00_w_4.0_20_2025_08_11_11_01_28,pmos,0.16,0.2,0.06,0.0,4.0,20
gax_mod_fet_tlm_pmos_lc_0.16_lch_0.20_lov_0.06_gateasym_0.00_w_4.0_21_2025_08_11_11_00_45,./scripts/die1-1_full_sweep\die_x_1_y_-1\gax_mod_fet_tlm_pmos_lc_0.16_lch_0.20_lov_0.06_gateasym_0.00_w_4.0_21_2025_08_11_11_00_45,pmos,0.16,0.2,0.06,0.0,4.0,21
gax_mod_fet_tlm_pmos_lc_0.16_lch_0.20_lov_0.06_gateasym_0.00_w_4.0_22_2025_08_11_11_00_03,./scripts/die1-1_full_sweep\die_x_1_y_-1\gax_mod_fet_tlm_pmos_lc_0.16_lch_0.20_lov_0.06_gateasym_0.00_w_4.0_22_2025_08_11_11_00_03,pmos,0.16,0.2,0.06,0.0,4.0,22
gax_mod_fet_tlm_pmos_lc_0.16_lch_0.20_lov_0.06_gateasym_0.00_w_4.0_23_2025_08_11_10_59_20,./scripts/die1-1_full_sweep\die_x_1_y_-1\gax_mod_fet_tlm_pmos_lc_0.16_lch_0.20_lov_0.06_gateasym_0.00_w_4.0_23_2025_08_11_10_59_20,pmos,0.16,0.2,0.06,0.0,4.0,23
gax_mod_fet_tlm_pmos_lc_0.16_lch_0.20_lov_0.06_gateasym_0.00_w_4.0_2_2025_08_11_11_14_18,./scripts/die1-1_full_sweep\die_x_1_y_-1\gax_mod_fet_tlm_pmos_lc_0.16_lch_0.20_lov_0.06_gateasym_0.00_w_4.0_2_2025_08_11_11_14_18,pmos,0.16,0.2,0.06,0.0,4.0,2
gax_mod_fet_tlm_pmos_lc_0.16_lch_0.20_lov_0.06_gateasym_0.00_w_4.0_3_2025_08_11_11_13_35,./scripts/die1-1_full_sweep\die_x_1_y_-1\gax_mod_fet_tlm_pmos_lc_0.16_lch_0.20_lov_0.06_gateasym_0.00_w_4.0_3_2025_08_11_11_13_35,pmos,0.16,0.2,0.06,0.0,4.0,3
gax_mod_fet_tlm_pmos_lc_0.16_lch_0.20_lov_0.06_gateasym_0.00_w_4.0_4_2025_08_11_11_12_52,./scripts/die1-1_full_sweep\die_x_1_y_-1\gax_mod_fet_tlm_pmos_lc_0.16_lch_0.20_lov_0.06_gateasym_0.00_w_4.0_4_2025_08_11_11_12_52,pmos,0.16,0.2,0.06,0.0,4.0,4
gax_mod_fet_tlm_pmos_lc_0.16_lch_0.20_lov_0.06_gateasym_0.00_w_4.0_5_2025_08_11_11_12_09,./scripts/die1-1_full_sweep\die_x_1_y_-1\gax_mod_fet_tlm_pmos_lc_0.16_lch_0.20_lov_0.06_gateasym_0.00_w_4.0_5_2025_08_11_11_12_09,pmos,0.16,0.2,0.06,0.0,4.0,5
gax_mod_fet_tlm_pmos_lc_0.16_lch_0.20_lov_0.06_gateasym_0.00_w_4.0_6_2025_08_11_11_11_26,./scripts/die1-1_full_sweep\die_x_1_y_-1\gax_mod_fet_tlm_pmos_lc_0.16_lch_0.20_lov_0.06_gateasym_0.00_w_4.0_6_2025_08_11_11_11_26,pmos,0.16,0.2,0.06,0.0,4.0,6
gax_mod_fet_tlm_pmos_lc_0.16_lch_0.20_lov_0.06_gateasym_0.00_w_4.0_7_2025_08_11_11_10_44,./scripts/die1-1_full_sweep\die_x_1_y_-1\gax_mod_fet_tlm_pmos_lc_0.16_lch_0.20_lov_0.06_gateasym_0.00_w_4.0_7_2025_08_11_11_10_44,pmos,0.16,0.2,0.06,0.0,4.0,7
gax_mod_fet_tlm_pmos_lc_0.16_lch_0.20_lov_0.06_gateasym_0.00_w_4.0_8_2025_08_11_11_10_01,./scripts/die1-1_full_sweep\die_x_1_y_-1\gax_mod_fet_tlm_pmos_lc_0.16_lch_0.20_lov_0.06_gateasym_0.00_w_4.0_8_2025_08_11_11_10_01,pmos,0.16,0.2,0.06,0.0,4.0,8
gax_mod_fet_tlm_pmos_lc_0.16_lch_0.20_lov_0.06_gateasym_0.00_w_4.0_9_2025_08_11_11_09_18,./scripts/die1-1_full_sweep\die_x_1_y_-1\gax_mod_fet_tlm_pmos_lc_0.16_lch_0.20_lov_0.06_gateasym_0.00_w_4.0_9_2025_08_11_11_09_18,pmos,0.16,0.2,0.06,0.0,4.0,9
gax_mod_fet_tlm_pmos_lc_0.16_lch_0.40_lov_0.06_gateasym_0.00_w_4.0_0_2025_08_11_10_41_31,./scripts/die1-1_full_sweep\die_x_1_y_-1\gax_mod_fet_tlm_pmos_lc_0.16_lch_0.40_lov_0.06_gateasym_0.00_w_4.0_0_2025_08_11_10_41_31,pmos,0.16,0.4,0.06,0.0,4.0,0
gax_mod_fet_tlm_pmos_lc_0.16_lch_0.40_lov_0.06_gateasym_0.00_w_4.0_10_2025_08_11_10_34_21,./scripts/die1-1_full_sweep\die_x_1_y_-1\gax_mod_fet_tlm_pmos_lc_0.16_lch_0.40_lov_0.06_gateasym_0.00_w_4.0_10_2025_08_11_10_34_21,pmos,0.16,0.4,0.06,0.0,4.0,10
gax_mod_fet_tlm_pmos_lc_0.16_lch_0.40_lov_0.06_gateasym_0.00_w_4.0_11_2025_08_11_10_33_38,./scripts/die1-1_full_sweep\die_x_1_y_-1\gax_mod_fet_tlm_pmos_lc_0.16_lch_0.40_lov_0.06_gateasym_0.00_w_4.0_11_2025_08_11_10_33_38,pmos,0.16,0.4,0.06,0.0,4.0,11
gax_mod_fet_tlm_pmos_lc_0.16_lch_0.40_lov_0.06_gateasym_0.00_w_4.0_12_2025_08_11_10_32_54,./scripts/die1-1_full_sweep\die_x_1_y_-1\gax_mod_fet_tlm_pmos_lc_0.16_lch_0.40_lov_0.06_gateasym_0.00_w_4.0_12_2025_08_11_10_32_54,pmos,0.16,0.4,0.06,0.0,4.0,12
gax_mod_fet_tlm_pmos_lc_0.16_lch_0.40_lov_0.06_gateasym_0.00_w_4.0_13_2025_08_11_10_32_11,./scripts/die1-1_full_sweep\die_x_1_y_-1\gax_mod_fet_tlm_pmos_lc_0.16_lch_0.40_lov_0.06_gateasym_0.00_w_4.0_13_2025_08_11_10_32_11,pmos,0.16,0.4,0.06,0.0,4.0,13
gax_mod_fet_tlm_pmos_lc_0.16_lch_0.40_lov_0.06_gateasym_0.00_w_4.0_14_2025_08_11_10_31_28,./scripts/die1-1_full_sweep\die_x_1_y_-1\gax_mod_fet_tlm_pmos_lc_0.16_lch_0.40_lov_0.06_gateasym_0.00_w_4.0_14_2025_08_11_10_31_28,pmos,0.16,0.4,0.06,0.0,4.0,14
gax_mod_fet_tlm_pmos_lc_0.16_lch_0.40_lov_0.06_gateasym_0.00_w_4.0_15_2025_08_11_10_30_45,./scripts/die1-1_full_sweep\die_x_1_y_-1\gax_mod_fet_tlm_pmos_lc_0.16_lch_0.40_lov_0.06_gateasym_0.00_w_4.0_15_2025_08_11_10_30_45,pmos,0.16,0.4,0.06,0.0,4.0,15
gax_mod_fet_tlm_pmos_lc_0.16_lch_0.40_lov_0.06_gateasym_0.00_w_4.0_16_2025_08_11_10_30_02,./scripts/die1-1_full_sweep\die_x_1_y_-1\gax_mod_fet_tlm_pmos_lc_0.16_lch_0.40_lov_0.06_gateasym_0.00_w_4.0_16_2025_08_11_10_30_02,pmos,0.16,0.4,0.06,0.0,4.0,16
gax_mod_fet_tlm_pmos_lc_0.16_lch_0.40_lov_0.06_gateasym_0.00_w_4.0_17_2025_08_11_10_29_19,./scripts/die1-1_full_sweep\die_x_1_y_-1\gax_mod_fet_tlm_pmos_lc_0.16_lch_0.40_lov_0.06_gateasym_0.00_w_4.0_17_2025_08_11_10_29_19,pmos,0.16,0.4,0.06,0.0,4.0,17
gax_mod_fet_tlm_pmos_lc_0.16_lch_0.40_lov_0.06_gateasym_0.00_w_4.0_18_2025_08_11_10_28_36,./scripts/die1-1_full_sweep\die_x_1_y_-1\gax_mod_fet_tlm_pmos_lc_0.16_lch_0.40_lov_0.06_gateasym_0.00_w_4.0_18_2025_08_11_10_28_36,pmos,0.16,0.4,0.06,0.0,4.0,18
gax_mod_fet_tlm_pmos_lc_0.16_lch_0.40_lov_0.06_gateasym_0.00_w_4.0_19_2025_08_11_10_27_53,./scripts/die1-1_full_sweep\die_x_1_y_-1\gax_mod_fet_tlm_pmos_lc_0.16_lch_0.40_lov_0.06_gateasym_0.00_w_4.0_19_2025_08_11_10_27_53,pmos,0.16,0.4,0.06,0.0,4.0,19
gax_mod_fet_tlm_pmos_lc_0.16_lch_0.40_lov_0.06_gateasym_0.00_w_4.0_1_2025_08_11_10_40_48,./scripts/die1-1_full_sweep\die_x_1_y_-1\gax_mod_fet_tlm_pmos_lc_0.16_lch_0.40_lov_0.06_gateasym_0.00_w_4.0_1_2025_08_11_10_40_48,pmos,0.16,0.4,0.06,0.0,4.0,1
gax_mod_fet_tlm_pmos_lc_0.16_lch_0.40_lov_0.06_gateasym_0.00_w_4.0_20_2025_08_11_10_27_10,./scripts/die1-1_full_sweep\die_x_1_y_-1\gax_mod_fet_tlm_pmos_lc_0.16_lch_0.40_lov_0.06_gateasym_0.00_w_4.0_20_2025_08_11_10_27_10,pmos,0.16,0.4,0.06,0.0,4.0,20
gax_mod_fet_tlm_pmos_lc_0.16_lch_0.40_lov_0.06_gateasym_0.00_w_4.0_21_2025_08_11_10_26_27,./scripts/die1-1_full_sweep\die_x_1_y_-1\gax_mod_fet_tlm_pmos_lc_0.16_lch_0.40_lov_0.06_gateasym_0.00_w_4.0_21_2025_08_11_10_26_27,pmos,0.16,0.4,0.06,0.0,4.0,21
gax_mod_fet_tlm_pmos_lc_0.16_lch_0.40_lov_0.06_gateasym_0.00_w_4.0_22_2025_08_11_10_25_44,./scripts/die1-1_full_sweep\die_x_1_y_-1\gax_mod_fet_tlm_pmos_lc_0.16_lch_0.40_lov_0.06_gateasym_0.00_w_4.0_22_2025_08_11_10_25_44,pmos,0.16,0.4,0.06,0.0,4.0,22
gax_mod_fet_tlm_pmos_lc_0.16_lch_0.40_lov_0.06_gateasym_0.00_w_4.0_23_2025_08_11_10_25_01,./scripts/die1-1_full_sweep\die_x_1_y_-1\gax_mod_fet_tlm_pmos_lc_0.16_lch_0.40_lov_0.06_gateasym_0.00_w_4.0_23_2025_08_11_10_25_01,pmos,0.16,0.4,0.06,0.0,4.0,23
gax_mod_fet_tlm_pmos_lc_0.16_lch_0.40_lov_0.06_gateasym_0.00_w_4.0_2_2025_08_11_10_40_05,./scripts/die1-1_full_sweep\die_x_1_y_-1\gax_mod_fet_tlm_pmos_lc_0.16_lch_0.40_lov_0.06_gateasym_0.00_w_4.0_2_2025_08_11_10_40_05,pmos,0.16,0.4,0.06,0.0,4.0,2
gax_mod_fet_tlm_pmos_lc_0.16_lch_0.40_lov_0.06_gateasym_0.00_w_4.0_3_2025_08_11_10_39_22,./scripts/die1-1_full_sweep\die_x_1_y_-1\gax_mod_fet_tlm_pmos_lc_0.16_lch_0.40_lov_0.06_gateasym_0.00_w_4.0_3_2025_08_11_10_39_22,pmos,0.16,0.4,0.06,0.0,4.0,3
gax_mod_fet_tlm_pmos_lc_0.16_lch_0.40_lov_0.06_gateasym_0.00_w_4.0_4_2025_08_11_10_38_39,./scripts/die1-1_full_sweep\die_x_1_y_-1\gax_mod_fet_tlm_pmos_lc_0.16_lch_0.40_lov_0.06_gateasym_0.00_w_4.0_4_2025_08_11_10_38_39,pmos,0.16,0.4,0.06,0.0,4.0,4
gax_mod_fet_tlm_pmos_lc_0.16_lch_0.40_lov_0.06_gateasym_0.00_w_4.0_5_2025_08_11_10_37_56,./scripts/die1-1_full_sweep\die_x_1_y_-1\gax_mod_fet_tlm_pmos_lc_0.16_lch_0.40_lov_0.06_gateasym_0.00_w_4.0_5_2025_08_11_10_37_56,pmos,0.16,0.4,0.06,0.0,4.0,5
gax_mod_fet_tlm_pmos_lc_0.16_lch_0.40_lov_0.06_gateasym_0.00_w_4.0_6_2025_08_11_10_37_13,./scripts/die1-1_full_sweep\die_x_1_y_-1\gax_mod_fet_tlm_pmos_lc_0.16_lch_0.40_lov_0.06_gateasym_0.00_w_4.0_6_2025_08_11_10_37_13,pmos,0.16,0.4,0.06,0.0,4.0,6
gax_mod_fet_tlm_pmos_lc_0.16_lch_0.40_lov_0.06_gateasym_0.00_w_4.0_7_2025_08_11_10_36_30,./scripts/die1-1_full_sweep\die_x_1_y_-1\gax_mod_fet_tlm_pmos_lc_0.16_lch_0.40_lov_0.06_gateasym_0.00_w_4.0_7_2025_08_11_10_36_30,pmos,0.16,0.4,0.06,0.0,4.0,7
gax_mod_fet_tlm_pmos_lc_0.16_lch_0.40_lov_0.06_gateasym_0.00_w_4.0_8_2025_08_11_10_35_46,./scripts/die1-1_full_sweep\die_x_1_y_-1\gax_mod_fet_tlm_pmos_lc_0.16_lch_0.40_lov_0.06_gateasym_0.00_w_4.0_8_2025_08_11_10_35_46,pmos,0.16,0.4,0.06,0.0,4.0,8
gax_mod_fet_tlm_pmos_lc_0.16_lch_0.40_lov_0.06_gateasym_0.00_w_4.0_9_2025_08_11_10_35_03,./scripts/die1-1_full_sweep\die_x_1_y_-1\gax_mod_fet_tlm_pmos_lc_0.16_lch_0.40_lov_0.06_gateasym_0.00_w_4.0_9_2025_08_11_10_35_03,pmos,0.16,0.4,0.06,0.0,4.0,9
gax_mod_fet_tlm_pmos_lc_0.20_lch_0.12_lov_0.06_gateasym_0.00_w_4.0_0_2025_08_11_10_07_07,./scripts/die1-1_full_sweep\die_x_1_y_-1\gax_mod_fet_tlm_pmos_lc_0.20_lch_0.12_lov_0.06_gateasym_0.00_w_4.0_0_2025_08_11_10_07_07,pmos,0.2,0.12,0.06,0.0,4.0,0
gax_mod_fet_tlm_pmos_lc_0.20_lch_0.12_lov_0.06_gateasym_0.00_w_4.0_10_2025_08_11_10_00_09,./scripts/die1-1_full_sweep\die_x_1_y_-1\gax_mod_fet_tlm_pmos_lc_0.20_lch_0.12_lov_0.06_gateasym_0.00_w_4.0_10_2025_08_11_10_00_09,pmos,0.2,0.12,0.06,0.0,4.0,10
gax_mod_fet_tlm_pmos_lc_0.20_lch_0.12_lov_0.06_gateasym_0.00_w_4.0_11_2025_08_11_09_59_27,./scripts/die1-1_full_sweep\die_x_1_y_-1\gax_mod_fet_tlm_pmos_lc_0.20_lch_0.12_lov_0.06_gateasym_0.00_w_4.0_11_2025_08_11_09_59_27,pmos,0.2,0.12,0.06,0.0,4.0,11
gax_mod_fet_tlm_pmos_lc_0.20_lch_0.12_lov_0.06_gateasym_0.00_w_4.0_12_2025_08_11_09_58_46,./scripts/die1-1_full_sweep\die_x_1_y_-1\gax_mod_fet_tlm_pmos_lc_0.20_lch_0.12_lov_0.06_gateasym_0.00_w_4.0_12_2025_08_11_09_58_46,pmos,0.2,0.12,0.06,0.0,4.0,12
gax_mod_fet_tlm_pmos_lc_0.20_lch_0.12_lov_0.06_gateasym_0.00_w_4.0_13_2025_08_11_09_58_04,./scripts/die1-1_full_sweep\die_x_1_y_-1\gax_mod_fet_tlm_pmos_lc_0.20_lch_0.12_lov_0.06_gateasym_0.00_w_4.0_13_2025_08_11_09_58_04,pmos,0.2,0.12,0.06,0.0,4.0,13
gax_mod_fet_tlm_pmos_lc_0.20_lch_0.12_lov_0.06_gateasym_0.00_w_4.0_14_2025_08_11_09_57_23,./scripts/die1-1_full_sweep\die_x_1_y_-1\gax_mod_fet_tlm_pmos_lc_0.20_lch_0.12_lov_0.06_gateasym_0.00_w_4.0_14_2025_08_11_09_57_23,pmos,0.2,0.12,0.06,0.0,4.0,14
gax_mod_fet_tlm_pmos_lc_0.20_lch_0.12_lov_0.06_gateasym_0.00_w_4.0_15_2025_08_11_09_56_41,./scripts/die1-1_full_sweep\die_x_1_y_-1\gax_mod_fet_tlm_pmos_lc_0.20_lch_0.12_lov_0.06_gateasym_0.00_w_4.0_15_2025_08_11_09_56_41,pmos,0.2,0.12,0.06,0.0,4.0,15
gax_mod_fet_tlm_pmos_lc_0.20_lch_0.12_lov_0.06_gateasym_0.00_w_4.0_16_2025_08_11_09_56_00,./scripts/die1-1_full_sweep\die_x_1_y_-1\gax_mod_fet_tlm_pmos_lc_0.20_lch_0.12_lov_0.06_gateasym_0.00_w_4.0_16_2025_08_11_09_56_00,pmos,0.2,0.12,0.06,0.0,4.0,16
gax_mod_fet_tlm_pmos_lc_0.20_lch_0.12_lov_0.06_gateasym_0.00_w_4.0_17_2025_08_11_09_55_18,./scripts/die1-1_full_sweep\die_x_1_y_-1\gax_mod_fet_tlm_pmos_lc_0.20_lch_0.12_lov_0.06_gateasym_0.00_w_4.0_17_2025_08_11_09_55_18,pmos,0.2,0.12,0.06,0.0,4.0,17
gax_mod_fet_tlm_pmos_lc_0.20_lch_0.12_lov_0.06_gateasym_0.00_w_4.0_18_2025_08_11_09_54_37,./scripts/die1-1_full_sweep\die_x_1_y_-1\gax_mod_fet_tlm_pmos_lc_0.20_lch_0.12_lov_0.06_gateasym_0.00_w_4.0_18_2025_08_11_09_54_37,pmos,0.2,0.12,0.06,0.0,4.0,18
gax_mod_fet_tlm_pmos_lc_0.20_lch_0.12_lov_0.06_gateasym_0.00_w_4.0_19_2025_08_11_09_53_55,./scripts/die1-1_full_sweep\die_x_1_y_-1\gax_mod_fet_tlm_pmos_lc_0.20_lch_0.12_lov_0.06_gateasym_0.00_w_4.0_19_2025_08_11_09_53_55,pmos,0.2,0.12,0.06,0.0,4.0,19
gax_mod_fet_tlm_pmos_lc_0.20_lch_0.12_lov_0.06_gateasym_0.00_w_4.0_1_2025_08_11_10_06_24,./scripts/die1-1_full_sweep\die_x_1_y_-1\gax_mod_fet_tlm_pmos_lc_0.20_lch_0.12_lov_0.06_gateasym_0.00_w_4.0_1_2025_08_11_10_06_24,pmos,0.2,0.12,0.06,0.0,4.0,1
gax_mod_fet_tlm_pmos_lc_0.20_lch_0.12_lov_0.06_gateasym_0.00_w_4.0_20_2025_08_11_09_53_14,./scripts/die1-1_full_sweep\die_x_1_y_-1\gax_mod_fet_tlm_pmos_lc_0.20_lch_0.12_lov_0.06_gateasym_0.00_w_4.0_20_2025_08_11_09_53_14,pmos,0.2,0.12,0.06,0.0,4.0,20
gax_mod_fet_tlm_pmos_lc_0.20_lch_0.12_lov_0.06_gateasym_0.00_w_4.0_21_2025_08_11_09_52_32,./scripts/die1-1_full_sweep\die_x_1_y_-1\gax_mod_fet_tlm_pmos_lc_0.20_lch_0.12_lov_0.06_gateasym_0.00_w_4.0_21_2025_08_11_09_52_32,pmos,0.2,0.12,0.06,0.0,4.0,21
gax_mod_fet_tlm_pmos_lc_0.20_lch_0.12_lov_0.06_gateasym_0.00_w_4.0_22_2025_08_11_09_51_51,./scripts/die1-1_full_sweep\die_x_1_y_-1\gax_mod_fet_tlm_pmos_lc_0.20_lch_0.12_lov_0.06_gateasym_0.00_w_4.0_22_2025_08_11_09_51_51,pmos,0.2,0.12,0.06,0.0,4.0,22
gax_mod_fet_tlm_pmos_lc_0.20_lch_0.12_lov_0.06_gateasym_0.00_w_4.0_23_2025_08_11_09_51_10,./scripts/die1-1_full_sweep\die_x_1_y_-1\gax_mod_fet_tlm_pmos_lc_0.20_lch_0.12_lov_0.06_gateasym_0.00_w_4.0_23_2025_08_11_09_51_10,pmos,0.2,0.12,0.06,0.0,4.0,23
gax_mod_fet_tlm_pmos_lc_0.20_lch_0.12_lov_0.06_gateasym_0.00_w_4.0_2_2025_08_11_10_05_42,./scripts/die1-1_full_sweep\die_x_1_y_-1\gax_mod_fet_tlm_pmos_lc_0.20_lch_0.12_lov_0.06_gateasym_0.00_w_4.0_2_2025_08_11_10_05_42,pmos,0.2,0.12,0.06,0.0,4.0,2
gax_mod_fet_tlm_pmos_lc_0.20_lch_0.12_lov_0.06_gateasym_0.00_w_4.0_3_2025_08_11_10_05_01,./scripts/die1-1_full_sweep\die_x_1_y_-1\gax_mod_fet_tlm_pmos_lc_0.20_lch_0.12_lov_0.06_gateasym_0.00_w_4.0_3_2025_08_11_10_05_01,pmos,0.2,0.12,0.06,0.0,4.0,3
gax_mod_fet_tlm_pmos_lc_0.20_lch_0.12_lov_0.06_gateasym_0.00_w_4.0_4_2025_08_11_10_04_19,./scripts/die1-1_full_sweep\die_x_1_y_-1\gax_mod_fet_tlm_pmos_lc_0.20_lch_0.12_lov_0.06_gateasym_0.00_w_4.0_4_2025_08_11_10_04_19,pmos,0.2,0.12,0.06,0.0,4.0,4
gax_mod_fet_tlm_pmos_lc_0.20_lch_0.12_lov_0.06_gateasym_0.00_w_4.0_5_2025_08_11_10_03_37,./scripts/die1-1_full_sweep\die_x_1_y_-1\gax_mod_fet_tlm_pmos_lc_0.20_lch_0.12_lov_0.06_gateasym_0.00_w_4.0_5_2025_08_11_10_03_37,pmos,0.2,0.12,0.06,0.0,4.0,5
gax_mod_fet_tlm_pmos_lc_0.20_lch_0.12_lov_0.06_gateasym_0.00_w_4.0_6_2025_08_11_10_02_56,./scripts/die1-1_full_sweep\die_x_1_y_-1\gax_mod_fet_tlm_pmos_lc_0.20_lch_0.12_lov_0.06_gateasym_0.00_w_4.0_6_2025_08_11_10_02_56,pmos,0.2,0.12,0.06,0.0,4.0,6
gax_mod_fet_tlm_pmos_lc_0.20_lch_0.12_lov_0.06_gateasym_0.00_w_4.0_7_2025_08_11_10_02_13,./scripts/die1-1_full_sweep\die_x_1_y_-1\gax_mod_fet_tlm_pmos_lc_0.20_lch_0.12_lov_0.06_gateasym_0.00_w_4.0_7_2025_08_11_10_02_13,pmos,0.2,0.12,0.06,0.0,4.0,7
gax_mod_fet_tlm_pmos_lc_0.20_lch_0.12_lov_0.06_gateasym_0.00_w_4.0_8_2025_08_11_10_01_32,./scripts/die1-1_full_sweep\die_x_1_y_-1\gax_mod_fet_tlm_pmos_lc_0.20_lch_0.12_lov_0.06_gateasym_0.00_w_4.0_8_2025_08_11_10_01_32,pmos,0.2,0.12,0.06,0.0,4.0,8
gax_mod_fet_tlm_pmos_lc_0.20_lch_0.12_lov_0.06_gateasym_0.00_w_4.0_9_2025_08_11_10_00_50,./scripts/die1-1_full_sweep\die_x_1_y_-1\gax_mod_fet_tlm_pmos_lc_0.20_lch_0.12_lov_0.06_gateasym_0.00_w_4.0_9_2025_08_11_10_00_50,pmos,0.2,0.12,0.06,0.0,4.0,9
gax_mod_fet_tlm_pmos_lc_0.20_lch_0.14_lov_0.06_gateasym_0.00_w_4.0_0_2025_08_11_09_33_55,./scripts/die1-1_full_sweep\die_x_1_y_-1\gax_mod_fet_tlm_pmos_lc_0.20_lch_0.14_lov_0.06_gateasym_0.00_w_4.0_0_2025_08_11_09_33_55,pmos,0.2,0.14,0.06,0.0,4.0,0
gax_mod_fet_tlm_pmos_lc_0.20_lch_0.14_lov_0.06_gateasym_0.00_w_4.0_10_2025_08_11_09_26_50,./scripts/die1-1_full_sweep\die_x_1_y_-1\gax_mod_fet_tlm_pmos_lc_0.20_lch_0.14_lov_0.06_gateasym_0.00_w_4.0_10_2025_08_11_09_26_50,pmos,0.2,0.14,0.06,0.0,4.0,10
gax_mod_fet_tlm_pmos_lc_0.20_lch_0.14_lov_0.06_gateasym_0.00_w_4.0_11_2025_08_11_09_26_07,./scripts/die1-1_full_sweep\die_x_1_y_-1\gax_mod_fet_tlm_pmos_lc_0.20_lch_0.14_lov_0.06_gateasym_0.00_w_4.0_11_2025_08_11_09_26_07,pmos,0.2,0.14,0.06,0.0,4.0,11
gax_mod_fet_tlm_pmos_lc_0.20_lch_0.14_lov_0.06_gateasym_0.00_w_4.0_12_2025_08_11_09_25_25,./scripts/die1-1_full_sweep\die_x_1_y_-1\gax_mod_fet_tlm_pmos_lc_0.20_lch_0.14_lov_0.06_gateasym_0.00_w_4.0_12_2025_08_11_09_25_25,pmos,0.2,0.14,0.06,0.0,4.0,12
gax_mod_fet_tlm_pmos_lc_0.20_lch_0.14_lov_0.06_gateasym_0.00_w_4.0_13_2025_08_11_09_24_42,./scripts/die1-1_full_sweep\die_x_1_y_-1\gax_mod_fet_tlm_pmos_lc_0.20_lch_0.14_lov_0.06_gateasym_0.00_w_4.0_13_2025_08_11_09_24_42,pmos,0.2,0.14,0.06,0.0,4.0,13
gax_mod_fet_tlm_pmos_lc_0.20_lch_0.14_lov_0.06_gateasym_0.00_w_4.0_14_2025_08_11_09_23_59,./scripts/die1-1_full_sweep\die_x_1_y_-1\gax_mod_fet_tlm_pmos_lc_0.20_lch_0.14_lov_0.06_gateasym_0.00_w_4.0_14_2025_08_11_09_23_59,pmos,0.2,0.14,0.06,0.0,4.0,14
gax_mod_fet_tlm_pmos_lc_0.20_lch_0.14_lov_0.06_gateasym_0.00_w_4.0_15_2025_08_11_09_23_17,./scripts/die1-1_full_sweep\die_x_1_y_-1\gax_mod_fet_tlm_pmos_lc_0.20_lch_0.14_lov_0.06_gateasym_0.00_w_4.0_15_2025_08_11_09_23_17,pmos,0.2,0.14,0.06,0.0,4.0,15
gax_mod_fet_tlm_pmos_lc_0.20_lch_0.14_lov_0.06_gateasym_0.00_w_4.0_16_2025_08_11_09_22_34,./scripts/die1-1_full_sweep\die_x_1_y_-1\gax_mod_fet_tlm_pmos_lc_0.20_lch_0.14_lov_0.06_gateasym_0.00_w_4.0_16_2025_08_11_09_22_34,pmos,0.2,0.14,0.06,0.0,4.0,16
gax_mod_fet_tlm_pmos_lc_0.20_lch_0.14_lov_0.06_gateasym_0.00_w_4.0_17_2025_08_11_09_21_51,./scripts/die1-1_full_sweep\die_x_1_y_-1\gax_mod_fet_tlm_pmos_lc_0.20_lch_0.14_lov_0.06_gateasym_0.00_w_4.0_17_2025_08_11_09_21_51,pmos,0.2,0.14,0.06,0.0,4.0,17
gax_mod_fet_tlm_pmos_lc_0.20_lch_0.14_lov_0.06_gateasym_0.00_w_4.0_18_2025_08_11_09_21_09,./scripts/die1-1_full_sweep\die_x_1_y_-1\gax_mod_fet_tlm_pmos_lc_0.20_lch_0.14_lov_0.06_gateasym_0.00_w_4.0_18_2025_08_11_09_21_09,pmos,0.2,0.14,0.06,0.0,4.0,18
gax_mod_fet_tlm_pmos_lc_0.20_lch_0.14_lov_0.06_gateasym_0.00_w_4.0_19_2025_08_11_09_20_26,./scripts/die1-1_full_sweep\die_x_1_y_-1\gax_mod_fet_tlm_pmos_lc_0.20_lch_0.14_lov_0.06_gateasym_0.00_w_4.0_19_2025_08_11_09_20_26,pmos,0.2,0.14,0.06,0.0,4.0,19
gax_mod_fet_tlm_pmos_lc_0.20_lch_0.14_lov_0.06_gateasym_0.00_w_4.0_1_2025_08_11_09_33_13,./scripts/die1-1_full_sweep\die_x_1_y_-1\gax_mod_fet_tlm_pmos_lc_0.20_lch_0.14_lov_0.06_gateasym_0.00_w_4.0_1_2025_08_11_09_33_13,pmos,0.2,0.14,0.06,0.0,4.0,1
gax_mod_fet_tlm_pmos_lc_0.20_lch_0.14_lov_0.06_gateasym_0.00_w_4.0_20_2025_08_11_09_19_44,./scripts/die1-1_full_sweep\die_x_1_y_-1\gax_mod_fet_tlm_pmos_lc_0.20_lch_0.14_lov_0.06_gateasym_0.00_w_4.0_20_2025_08_11_09_19_44,pmos,0.2,0.14,0.06,0.0,4.0,20
gax_mod_fet_tlm_pmos_lc_0.20_lch_0.14_lov_0.06_gateasym_0.00_w_4.0_21_2025_08_11_09_19_01,./scripts/die1-1_full_sweep\die_x_1_y_-1\gax_mod_fet_tlm_pmos_lc_0.20_lch_0.14_lov_0.06_gateasym_0.00_w_4.0_21_2025_08_11_09_19_01,pmos,0.2,0.14,0.06,0.0,4.0,21
gax_mod_fet_tlm_pmos_lc_0.20_lch_0.14_lov_0.06_gateasym_0.00_w_4.0_22_2025_08_11_09_18_18,./scripts/die1-1_full_sweep\die_x_1_y_-1\gax_mod_fet_tlm_pmos_lc_0.20_lch_0.14_lov_0.06_gateasym_0.00_w_4.0_22_2025_08_11_09_18_18,pmos,0.2,0.14,0.06,0.0,4.0,22
gax_mod_fet_tlm_pmos_lc_0.20_lch_0.14_lov_0.06_gateasym_0.00_w_4.0_23_2025_08_11_09_17_35,./scripts/die1-1_full_sweep\die_x_1_y_-1\gax_mod_fet_tlm_pmos_lc_0.20_lch_0.14_lov_0.06_gateasym_0.00_w_4.0_23_2025_08_11_09_17_35,pmos,0.2,0.14,0.06,0.0,4.0,23
gax_mod_fet_tlm_pmos_lc_0.20_lch_0.14_lov_0.06_gateasym_0.00_w_4.0_2_2025_08_11_09_32_31,./scripts/die1-1_full_sweep\die_x_1_y_-1\gax_mod_fet_tlm_pmos_lc_0.20_lch_0.14_lov_0.06_gateasym_0.00_w_4.0_2_2025_08_11_09_32_31,pmos,0.2,0.14,0.06,0.0,4.0,2
gax_mod_fet_tlm_pmos_lc_0.20_lch_0.14_lov_0.06_gateasym_0.00_w_4.0_3_2025_08_11_09_31_48,./scripts/die1-1_full_sweep\die_x_1_y_-1\gax_mod_fet_tlm_pmos_lc_0.20_lch_0.14_lov_0.06_gateasym_0.00_w_4.0_3_2025_08_11_09_31_48,pmos,0.2,0.14,0.06,0.0,4.0,3
gax_mod_fet_tlm_pmos_lc_0.20_lch_0.14_lov_0.06_gateasym_0.00_w_4.0_4_2025_08_11_09_31_06,./scripts/die1-1_full_sweep\die_x_1_y_-1\gax_mod_fet_tlm_pmos_lc_0.20_lch_0.14_lov_0.06_gateasym_0.00_w_4.0_4_2025_08_11_09_31_06,pmos,0.2,0.14,0.06,0.0,4.0,4
gax_mod_fet_tlm_pmos_lc_0.20_lch_0.14_lov_0.06_gateasym_0.00_w_4.0_5_2025_08_11_09_30_23,./scripts/die1-1_full_sweep\die_x_1_y_-1\gax_mod_fet_tlm_pmos_lc_0.20_lch_0.14_lov_0.06_gateasym_0.00_w_4.0_5_2025_08_11_09_30_23,pmos,0.2,0.14,0.06,0.0,4.0,5
gax_mod_fet_tlm_pmos_lc_0.20_lch_0.14_lov_0.06_gateasym_0.00_w_4.0_6_2025_08_11_09_29_40,./scripts/die1-1_full_sweep\die_x_1_y_-1\gax_mod_fet_tlm_pmos_lc_0.20_lch_0.14_lov_0.06_gateasym_0.00_w_4.0_6_2025_08_11_09_29_40,pmos,0.2,0.14,0.06,0.0,4.0,6
gax_mod_fet_tlm_pmos_lc_0.20_lch_0.14_lov_0.06_gateasym_0.00_w_4.0_7_2025_08_11_09_28_58,./scripts/die1-1_full_sweep\die_x_1_y_-1\gax_mod_fet_tlm_pmos_lc_0.20_lch_0.14_lov_0.06_gateasym_0.00_w_4.0_7_2025_08_11_09_28_58,pmos,0.2,0.14,0.06,0.0,4.0,7
gax_mod_fet_tlm_pmos_lc_0.20_lch_0.14_lov_0.06_gateasym_0.00_w_4.0_8_2025_08_11_09_28_15,./scripts/die1-1_full_sweep\die_x_1_y_-1\gax_mod_fet_tlm_pmos_lc_0.20_lch_0.14_lov_0.06_gateasym_0.00_w_4.0_8_2025_08_11_09_28_15,pmos,0.2,0.14,0.06,0.0,4.0,8
gax_mod_fet_tlm_pmos_lc_0.20_lch_0.14_lov_0.06_gateasym_0.00_w_4.0_9_2025_08_11_09_27_32,./scripts/die1-1_full_sweep\die_x_1_y_-1\gax_mod_fet_tlm_pmos_lc_0.20_lch_0.14_lov_0.06_gateasym_0.00_w_4.0_9_2025_08_11_09_27_32,pmos,0.2,0.14,0.06,0.0,4.0,9
gax_mod_fet_tlm_pmos_lc_0.20_lch_0.16_lov_0.06_gateasym_0.00_w_4.0_0_2025_08_11_08_59_48,./scripts/die1-1_full_sweep\die_x_1_y_-1\gax_mod_fet_tlm_pmos_lc_0.20_lch_0.16_lov_0.06_gateasym_0.00_w_4.0_0_2025_08_11_08_59_48,pmos,0.2,0.16,0.06,0.0,4.0,0
gax_mod_fet_tlm_pmos_lc_0.20_lch_0.16_lov_0.06_gateasym_0.00_w_4.0_10_2025_08_11_08_52_41,./scripts/die1-1_full_sweep\die_x_1_y_-1\gax_mod_fet_tlm_pmos_lc_0.20_lch_0.16_lov_0.06_gateasym_0.00_w_4.0_10_2025_08_11_08_52_41,pmos,0.2,0.16,0.06,0.0,4.0,10
gax_mod_fet_tlm_pmos_lc_0.20_lch_0.16_lov_0.06_gateasym_0.00_w_4.0_11_2025_08_11_08_51_58,./scripts/die1-1_full_sweep\die_x_1_y_-1\gax_mod_fet_tlm_pmos_lc_0.20_lch_0.16_lov_0.06_gateasym_0.00_w_4.0_11_2025_08_11_08_51_58,pmos,0.2,0.16,0.06,0.0,4.0,11
gax_mod_fet_tlm_pmos_lc_0.20_lch_0.16_lov_0.06_gateasym_0.00_w_4.0_12_2025_08_11_08_51_16,./scripts/die1-1_full_sweep\die_x_1_y_-1\gax_mod_fet_tlm_pmos_lc_0.20_lch_0.16_lov_0.06_gateasym_0.00_w_4.0_12_2025_08_11_08_51_16,pmos,0.2,0.16,0.06,0.0,4.0,12
gax_mod_fet_tlm_pmos_lc_0.20_lch_0.16_lov_0.06_gateasym_0.00_w_4.0_13_2025_08_11_08_50_33,./scripts/die1-1_full_sweep\die_x_1_y_-1\gax_mod_fet_tlm_pmos_lc_0.20_lch_0.16_lov_0.06_gateasym_0.00_w_4.0_13_2025_08_11_08_50_33,pmos,0.2,0.16,0.06,0.0,4.0,13
gax_mod_fet_tlm_pmos_lc_0.20_lch_0.16_lov_0.06_gateasym_0.00_w_4.0_14_2025_08_11_08_49_51,./scripts/die1-1_full_sweep\die_x_1_y_-1\gax_mod_fet_tlm_pmos_lc_0.20_lch_0.16_lov_0.06_gateasym_0.00_w_4.0_14_2025_08_11_08_49_51,pmos,0.2,0.16,0.06,0.0,4.0,14
gax_mod_fet_tlm_pmos_lc_0.20_lch_0.16_lov_0.06_gateasym_0.00_w_4.0_15_2025_08_11_08_49_08,./scripts/die1-1_full_sweep\die_x_1_y_-1\gax_mod_fet_tlm_pmos_lc_0.20_lch_0.16_lov_0.06_gateasym_0.00_w_4.0_15_2025_08_11_08_49_08,pmos,0.2,0.16,0.06,0.0,4.0,15
gax_mod_fet_tlm_pmos_lc_0.20_lch_0.16_lov_0.06_gateasym_0.00_w_4.0_16_2025_08_11_08_48_26,./scripts/die1-1_full_sweep\die_x_1_y_-1\gax_mod_fet_tlm_pmos_lc_0.20_lch_0.16_lov_0.06_gateasym_0.00_w_4.0_16_2025_08_11_08_48_26,pmos,0.2,0.16,0.06,0.0,4.0,16
gax_mod_fet_tlm_pmos_lc_0.20_lch_0.16_lov_0.06_gateasym_0.00_w_4.0_17_2025_08_11_08_47_43,./scripts/die1-1_full_sweep\die_x_1_y_-1\gax_mod_fet_tlm_pmos_lc_0.20_lch_0.16_lov_0.06_gateasym_0.00_w_4.0_17_2025_08_11_08_47_43,pmos,0.2,0.16,0.06,0.0,4.0,17
gax_mod_fet_tlm_pmos_lc_0.20_lch_0.16_lov_0.06_gateasym_0.00_w_4.0_18_2025_08_11_08_47_00,./scripts/die1-1_full_sweep\die_x_1_y_-1\gax_mod_fet_tlm_pmos_lc_0.20_lch_0.16_lov_0.06_gateasym_0.00_w_4.0_18_2025_08_11_08_47_00,pmos,0.2,0.16,0.06,0.0,4.0,18
gax_mod_fet_tlm_pmos_lc_0.20_lch_0.16_lov_0.06_gateasym_0.00_w_4.0_19_2025_08_11_08_46_17,./scripts/die1-1_full_sweep\die_x_1_y_-1\gax_mod_fet_tlm_pmos_lc_0.20_lch_0.16_lov_0.06_gateasym_0.00_w_4.0_19_2025_08_11_08_46_17,pmos,0.2,0.16,0.06,0.0,4.0,19
gax_mod_fet_tlm_pmos_lc_0.20_lch_0.16_lov_0.06_gateasym_0.00_w_4.0_1_2025_08_11_08_59_05,./scripts/die1-1_full_sweep\die_x_1_y_-1\gax_mod_fet_tlm_pmos_lc_0.20_lch_0.16_lov_0.06_gateasym_0.00_w_4.0_1_2025_08_11_08_59_05,pmos,0.2,0.16,0.06,0.0,4.0,1
gax_mod_fet_tlm_pmos_lc_0.20_lch_0.16_lov_0.06_gateasym_0.00_w_4.0_20_2025_08_11_08_45_35,./scripts/die1-1_full_sweep\die_x_1_y_-1\gax_mod_fet_tlm_pmos_lc_0.20_lch_0.16_lov_0.06_gateasym_0.00_w_4.0_20_2025_08_11_08_45_35,pmos,0.2,0.16,0.06,0.0,4.0,20
gax_mod_fet_tlm_pmos_lc_0.20_lch_0.16_lov_0.06_gateasym_0.00_w_4.0_21_2025_08_11_08_44_52,./scripts/die1-1_full_sweep\die_x_1_y_-1\gax_mod_fet_tlm_pmos_lc_0.20_lch_0.16_lov_0.06_gateasym_0.00_w_4.0_21_2025_08_11_08_44_52,pmos,0.2,0.16,0.06,0.0,4.0,21
gax_mod_fet_tlm_pmos_lc_0.20_lch_0.16_lov_0.06_gateasym_0.00_w_4.0_22_2025_08_11_08_44_09,./scripts/die1-1_full_sweep\die_x_1_y_-1\gax_mod_fet_tlm_pmos_lc_0.20_lch_0.16_lov_0.06_gateasym_0.00_w_4.0_22_2025_08_11_08_44_09,pmos,0.2,0.16,0.06,0.0,4.0,22
gax_mod_fet_tlm_pmos_lc_0.20_lch_0.16_lov_0.06_gateasym_0.00_w_4.0_23_2025_08_11_08_43_26,./scripts/die1-1_full_sweep\die_x_1_y_-1\gax_mod_fet_tlm_pmos_lc_0.20_lch_0.16_lov_0.06_gateasym_0.00_w_4.0_23_2025_08_11_08_43_26,pmos,0.2,0.16,0.06,0.0,4.0,23
gax_mod_fet_tlm_pmos_lc_0.20_lch_0.16_lov_0.06_gateasym_0.00_w_4.0_2_2025_08_11_08_58_22,./scripts/die1-1_full_sweep\die_x_1_y_-1\gax_mod_fet_tlm_pmos_lc_0.20_lch_0.16_lov_0.06_gateasym_0.00_w_4.0_2_2025_08_11_08_58_22,pmos,0.2,0.16,0.06,0.0,4.0,2
gax_mod_fet_tlm_pmos_lc_0.20_lch_0.16_lov_0.06_gateasym_0.00_w_4.0_3_2025_08_11_08_57_40,./scripts/die1-1_full_sweep\die_x_1_y_-1\gax_mod_fet_tlm_pmos_lc_0.20_lch_0.16_lov_0.06_gateasym_0.00_w_4.0_3_2025_08_11_08_57_40,pmos,0.2,0.16,0.06,0.0,4.0,3
gax_mod_fet_tlm_pmos_lc_0.20_lch_0.16_lov_0.06_gateasym_0.00_w_4.0_4_2025_08_11_08_56_57,./scripts/die1-1_full_sweep\die_x_1_y_-1\gax_mod_fet_tlm_pmos_lc_0.20_lch_0.16_lov_0.06_gateasym_0.00_w_4.0_4_2025_08_11_08_56_57,pmos,0.2,0.16,0.06,0.0,4.0,4
gax_mod_fet_tlm_pmos_lc_0.20_lch_0.16_lov_0.06_gateasym_0.00_w_4.0_5_2025_08_11_08_56_14,./scripts/die1-1_full_sweep\die_x_1_y_-1\gax_mod_fet_tlm_pmos_lc_0.20_lch_0.16_lov_0.06_gateasym_0.00_w_4.0_5_2025_08_11_08_56_14,pmos,0.2,0.16,0.06,0.0,4.0,5
gax_mod_fet_tlm_pmos_lc_0.20_lch_0.16_lov_0.06_gateasym_0.00_w_4.0_6_2025_08_11_08_55_32,./scripts/die1-1_full_sweep\die_x_1_y_-1\gax_mod_fet_tlm_pmos_lc_0.20_lch_0.16_lov_0.06_gateasym_0.00_w_4.0_6_2025_08_11_08_55_32,pmos,0.2,0.16,0.06,0.0,4.0,6
gax_mod_fet_tlm_pmos_lc_0.20_lch_0.16_lov_0.06_gateasym_0.00_w_4.0_7_2025_08_11_08_54_49,./scripts/die1-1_full_sweep\die_x_1_y_-1\gax_mod_fet_tlm_pmos_lc_0.20_lch_0.16_lov_0.06_gateasym_0.00_w_4.0_7_2025_08_11_08_54_49,pmos,0.2,0.16,0.06,0.0,4.0,7
gax_mod_fet_tlm_pmos_lc_0.20_lch_0.16_lov_0.06_gateasym_0.00_w_4.0_8_2025_08_11_08_54_07,./scripts/die1-1_full_sweep\die_x_1_y_-1\gax_mod_fet_tlm_pmos_lc_0.20_lch_0.16_lov_0.06_gateasym_0.00_w_4.0_8_2025_08_11_08_54_07,pmos,0.2,0.16,0.06,0.0,4.0,8
gax_mod_fet_tlm_pmos_lc_0.20_lch_0.16_lov_0.06_gateasym_0.00_w_4.0_9_2025_08_11_08_53_24,./scripts/die1-1_full_sweep\die_x_1_y_-1\gax_mod_fet_tlm_pmos_lc_0.20_lch_0.16_lov_0.06_gateasym_0.00_w_4.0_9_2025_08_11_08_53_24,pmos,0.2,0.16,0.06,0.0,4.0,9
gax_mod_fet_tlm_pmos_lc_0.20_lch_0.20_lov_0.06_gateasym_0.00_w_4.0_0_2025_08_11_08_25_38,./scripts/die1-1_full_sweep\die_x_1_y_-1\gax_mod_fet_tlm_pmos_lc_0.20_lch_0.20_lov_0.06_gateasym_0.00_w_4.0_0_2025_08_11_08_25_38,pmos,0.2,0.2,0.06,0.0,4.0,0
gax_mod_fet_tlm_pmos_lc_0.20_lch_0.20_lov_0.06_gateasym_0.00_w_4.0_10_2025_08_11_08_18_30,./scripts/die1-1_full_sweep\die_x_1_y_-1\gax_mod_fet_tlm_pmos_lc_0.20_lch_0.20_lov_0.06_gateasym_0.00_w_4.0_10_2025_08_11_08_18_30,pmos,0.2,0.2,0.06,0.0,4.0,10
gax_mod_fet_tlm_pmos_lc_0.20_lch_0.20_lov_0.06_gateasym_0.00_w_4.0_11_2025_08_11_08_17_47,./scripts/die1-1_full_sweep\die_x_1_y_-1\gax_mod_fet_tlm_pmos_lc_0.20_lch_0.20_lov_0.06_gateasym_0.00_w_4.0_11_2025_08_11_08_17_47,pmos,0.2,0.2,0.06,0.0,4.0,11
gax_mod_fet_tlm_pmos_lc_0.20_lch_0.20_lov_0.06_gateasym_0.00_w_4.0_12_2025_08_11_08_17_05,./scripts/die1-1_full_sweep\die_x_1_y_-1\gax_mod_fet_tlm_pmos_lc_0.20_lch_0.20_lov_0.06_gateasym_0.00_w_4.0_12_2025_08_11_08_17_05,pmos,0.2,0.2,0.06,0.0,4.0,12
gax_mod_fet_tlm_pmos_lc_0.20_lch_0.20_lov_0.06_gateasym_0.00_w_4.0_13_2025_08_11_08_16_22,./scripts/die1-1_full_sweep\die_x_1_y_-1\gax_mod_fet_tlm_pmos_lc_0.20_lch_0.20_lov_0.06_gateasym_0.00_w_4.0_13_2025_08_11_08_16_22,pmos,0.2,0.2,0.06,0.0,4.0,13
gax_mod_fet_tlm_pmos_lc_0.20_lch_0.20_lov_0.06_gateasym_0.00_w_4.0_14_2025_08_11_08_15_39,./scripts/die1-1_full_sweep\die_x_1_y_-1\gax_mod_fet_tlm_pmos_lc_0.20_lch_0.20_lov_0.06_gateasym_0.00_w_4.0_14_2025_08_11_08_15_39,pmos,0.2,0.2,0.06,0.0,4.0,14
gax_mod_fet_tlm_pmos_lc_0.20_lch_0.20_lov_0.06_gateasym_0.00_w_4.0_15_2025_08_11_08_15_01,./scripts/die1-1_full_sweep\die_x_1_y_-1\gax_mod_fet_tlm_pmos_lc_0.20_lch_0.20_lov_0.06_gateasym_0.00_w_4.0_15_2025_08_11_08_15_01,pmos,0.2,0.2,0.06,0.0,4.0,15
gax_mod_fet_tlm_pmos_lc_0.20_lch_0.20_lov_0.06_gateasym_0.00_w_4.0_16_2025_08_11_08_14_19,./scripts/die1-1_full_sweep\die_x_1_y_-1\gax_mod_fet_tlm_pmos_lc_0.20_lch_0.20_lov_0.06_gateasym_0.00_w_4.0_16_2025_08_11_08_14_19,pmos,0.2,0.2,0.06,0.0,4.0,16
gax_mod_fet_tlm_pmos_lc_0.20_lch_0.20_lov_0.06_gateasym_0.00_w_4.0_17_2025_08_11_08_13_36,./scripts/die1-1_full_sweep\die_x_1_y_-1\gax_mod_fet_tlm_pmos_lc_0.20_lch_0.20_lov_0.06_gateasym_0.00_w_4.0_17_2025_08_11_08_13_36,pmos,0.2,0.2,0.06,0.0,4.0,17
gax_mod_fet_tlm_pmos_lc_0.20_lch_0.20_lov_0.06_gateasym_0.00_w_4.0_18_2025_08_11_08_12_52,./scripts/die1-1_full_sweep\die_x_1_y_-1\gax_mod_fet_tlm_pmos_lc_0.20_lch_0.20_lov_0.06_gateasym_0.00_w_4.0_18_2025_08_11_08_12_52,pmos,0.2,0.2,0.06,0.0,4.0,18
gax_mod_fet_tlm_pmos_lc_0.20_lch_0.20_lov_0.06_gateasym_0.00_w_4.0_19_2025_08_11_08_12_10,./scripts/die1-1_full_sweep\die_x_1_y_-1\gax_mod_fet_tlm_pmos_lc_0.20_lch_0.20_lov_0.06_gateasym_0.00_w_4.0_19_2025_08_11_08_12_10,pmos,0.2,0.2,0.06,0.0,4.0,19
gax_mod_fet_tlm_pmos_lc_0.20_lch_0.20_lov_0.06_gateasym_0.00_w_4.0_1_2025_08_11_08_24_56,./scripts/die1-1_full_sweep\die_x_1_y_-1\gax_mod_fet_tlm_pmos_lc_0.20_lch_0.20_lov_0.06_gateasym_0.00_w_4.0_1_2025_08_11_08_24_56,pmos,0.2,0.2,0.06,0.0,4.0,1
gax_mod_fet_tlm_pmos_lc_0.20_lch_0.20_lov_0.06_gateasym_0.00_w_4.0_20_2025_08_11_08_11_27,./scripts/die1-1_full_sweep\die_x_1_y_-1\gax_mod_fet_tlm_pmos_lc_0.20_lch_0.20_lov_0.06_gateasym_0.00_w_4.0_20_2025_08_11_08_11_27,pmos,0.2,0.2,0.06,0.0,4.0,20
gax_mod_fet_tlm_pmos_lc_0.20_lch_0.20_lov_0.06_gateasym_0.00_w_4.0_21_2025_08_11_08_10_44,./scripts/die1-1_full_sweep\die_x_1_y_-1\gax_mod_fet_tlm_pmos_lc_0.20_lch_0.20_lov_0.06_gateasym_0.00_w_4.0_21_2025_08_11_08_10_44,pmos,0.2,0.2,0.06,0.0,4.0,21
gax_mod_fet_tlm_pmos_lc_0.20_lch_0.20_lov_0.06_gateasym_0.00_w_4.0_22_2025_08_11_08_10_01,./scripts/die1-1_full_sweep\die_x_1_y_-1\gax_mod_fet_tlm_pmos_lc_0.20_lch_0.20_lov_0.06_gateasym_0.00_w_4.0_22_2025_08_11_08_10_01,pmos,0.2,0.2,0.06,0.0,4.0,22
gax_mod_fet_tlm_pmos_lc_0.20_lch_0.20_lov_0.06_gateasym_0.00_w_4.0_23_2025_08_11_08_09_18,./scripts/die1-1_full_sweep\die_x_1_y_-1\gax_mod_fet_tlm_pmos_lc_0.20_lch_0.20_lov_0.06_gateasym_0.00_w_4.0_23_2025_08_11_08_09_18,pmos,0.2,0.2,0.06,0.0,4.0,23
gax_mod_fet_tlm_pmos_lc_0.20_lch_0.20_lov_0.06_gateasym_0.00_w_4.0_2_2025_08_11_08_24_13,./scripts/die1-1_full_sweep\die_x_1_y_-1\gax_mod_fet_tlm_pmos_lc_0.20_lch_0.20_lov_0.06_gateasym_0.00_w_4.0_2_2025_08_11_08_24_13,pmos,0.2,0.2,0.06,0.0,4.0,2
gax_mod_fet_tlm_pmos_lc_0.20_lch_0.20_lov_0.06_gateasym_0.00_w_4.0_3_2025_08_11_08_23_30,./scripts/die1-1_full_sweep\die_x_1_y_-1\gax_mod_fet_tlm_pmos_lc_0.20_lch_0.20_lov_0.06_gateasym_0.00_w_4.0_3_2025_08_11_08_23_30,pmos,0.2,0.2,0.06,0.0,4.0,3
gax_mod_fet_tlm_pmos_lc_0.20_lch_0.20_lov_0.06_gateasym_0.00_w_4.0_4_2025_08_11_08_22_47,./scripts/die1-1_full_sweep\die_x_1_y_-1\gax_mod_fet_tlm_pmos_lc_0.20_lch_0.20_lov_0.06_gateasym_0.00_w_4.0_4_2025_08_11_08_22_47,pmos,0.2,0.2,0.06,0.0,4.0,4
gax_mod_fet_tlm_pmos_lc_0.20_lch_0.20_lov_0.06_gateasym_0.00_w_4.0_5_2025_08_11_08_22_04,./scripts/die1-1_full_sweep\die_x_1_y_-1\gax_mod_fet_tlm_pmos_lc_0.20_lch_0.20_lov_0.06_gateasym_0.00_w_4.0_5_2025_08_11_08_22_04,pmos,0.2,0.2,0.06,0.0,4.0,5
gax_mod_fet_tlm_pmos_lc_0.20_lch_0.20_lov_0.06_gateasym_0.00_w_4.0_6_2025_08_11_08_21_21,./scripts/die1-1_full_sweep\die_x_1_y_-1\gax_mod_fet_tlm_pmos_lc_0.20_lch_0.20_lov_0.06_gateasym_0.00_w_4.0_6_2025_08_11_08_21_21,pmos,0.2,0.2,0.06,0.0,4.0,6
gax_mod_fet_tlm_pmos_lc_0.20_lch_0.20_lov_0.06_gateasym_0.00_w_4.0_7_2025_08_11_08_20_38,./scripts/die1-1_full_sweep\die_x_1_y_-1\gax_mod_fet_tlm_pmos_lc_0.20_lch_0.20_lov_0.06_gateasym_0.00_w_4.0_7_2025_08_11_08_20_38,pmos,0.2,0.2,0.06,0.0,4.0,7
gax_mod_fet_tlm_pmos_lc_0.20_lch_0.20_lov_0.06_gateasym_0.00_w_4.0_8_2025_08_11_08_19_56,./scripts/die1-1_full_sweep\die_x_1_y_-1\gax_mod_fet_tlm_pmos_lc_0.20_lch_0.20_lov_0.06_gateasym_0.00_w_4.0_8_2025_08_11_08_19_56,pmos,0.2,0.2,0.06,0.0,4.0,8
gax_mod_fet_tlm_pmos_lc_0.20_lch_0.20_lov_0.06_gateasym_0.00_w_4.0_9_2025_08_11_08_19_13,./scripts/die1-1_full_sweep\die_x_1_y_-1\gax_mod_fet_tlm_pmos_lc_0.20_lch_0.20_lov_0.06_gateasym_0.00_w_4.0_9_2025_08_11_08_19_13,pmos,0.2,0.2,0.06,0.0,4.0,9
gax_mod_fet_tlm_pmos_lc_0.20_lch_0.40_lov_0.06_gateasym_0.00_w_4.0_0_2025_08_11_07_51_36,./scripts/die1-1_full_sweep\die_x_1_y_-1\gax_mod_fet_tlm_pmos_lc_0.20_lch_0.40_lov_0.06_gateasym_0.00_w_4.0_0_2025_08_11_07_51_36,pmos,0.2,0.4,0.06,0.0,4.0,0
gax_mod_fet_tlm_pmos_lc_0.20_lch_0.40_lov_0.06_gateasym_0.00_w_4.0_10_2025_08_11_07_44_26,./scripts/die1-1_full_sweep\die_x_1_y_-1\gax_mod_fet_tlm_pmos_lc_0.20_lch_0.40_lov_0.06_gateasym_0.00_w_4.0_10_2025_08_11_07_44_26,pmos,0.2,0.4,0.06,0.0,4.0,10
gax_mod_fet_tlm_pmos_lc_0.20_lch_0.40_lov_0.06_gateasym_0.00_w_4.0_11_2025_08_11_07_43_43,./scripts/die1-1_full_sweep\die_x_1_y_-1\gax_mod_fet_tlm_pmos_lc_0.20_lch_0.40_lov_0.06_gateasym_0.00_w_4.0_11_2025_08_11_07_43_43,pmos,0.2,0.4,0.06,0.0,4.0,11
gax_mod_fet_tlm_pmos_lc_0.20_lch_0.40_lov_0.06_gateasym_0.00_w_4.0_12_2025_08_11_07_43_01,./scripts/die1-1_full_sweep\die_x_1_y_-1\gax_mod_fet_tlm_pmos_lc_0.20_lch_0.40_lov_0.06_gateasym_0.00_w_4.0_12_2025_08_11_07_43_01,pmos,0.2,0.4,0.06,0.0,4.0,12
gax_mod_fet_tlm_pmos_lc_0.20_lch_0.40_lov_0.06_gateasym_0.00_w_4.0_13_2025_08_11_07_42_17,./scripts/die1-1_full_sweep\die_x_1_y_-1\gax_mod_fet_tlm_pmos_lc_0.20_lch_0.40_lov_0.06_gateasym_0.00_w_4.0_13_2025_08_11_07_42_17,pmos,0.2,0.4,0.06,0.0,4.0,13
gax_mod_fet_tlm_pmos_lc_0.20_lch_0.40_lov_0.06_gateasym_0.00_w_4.0_14_2025_08_11_07_41_37,./scripts/die1-1_full_sweep\die_x_1_y_-1\gax_mod_fet_tlm_pmos_lc_0.20_lch_0.40_lov_0.06_gateasym_0.00_w_4.0_14_2025_08_11_07_41_37,pmos,0.2,0.4,0.06,0.0,4.0,14
gax_mod_fet_tlm_pmos_lc_0.20_lch_0.40_lov_0.06_gateasym_0.00_w_4.0_15_2025_08_11_07_40_54,./scripts/die1-1_full_sweep\die_x_1_y_-1\gax_mod_fet_tlm_pmos_lc_0.20_lch_0.40_lov_0.06_gateasym_0.00_w_4.0_15_2025_08_11_07_40_54,pmos,0.2,0.4,0.06,0.0,4.0,15
gax_mod_fet_tlm_pmos_lc_0.20_lch_0.40_lov_0.06_gateasym_0.00_w_4.0_16_2025_08_11_07_40_21,./scripts/die1-1_full_sweep\die_x_1_y_-1\gax_mod_fet_tlm_pmos_lc_0.20_lch_0.40_lov_0.06_gateasym_0.00_w_4.0_16_2025_08_11_07_40_21,pmos,0.2,0.4,0.06,0.0,4.0,16
gax_mod_fet_tlm_pmos_lc_0.20_lch_0.40_lov_0.06_gateasym_0.00_w_4.0_17_2025_08_11_07_39_38,./scripts/die1-1_full_sweep\die_x_1_y_-1\gax_mod_fet_tlm_pmos_lc_0.20_lch_0.40_lov_0.06_gateasym_0.00_w_4.0_17_2025_08_11_07_39_38,pmos,0.2,0.4,0.06,0.0,4.0,17
gax_mod_fet_tlm_pmos_lc_0.20_lch_0.40_lov_0.06_gateasym_0.00_w_4.0_18_2025_08_11_07_38_55,./scripts/die1-1_full_sweep\die_x_1_y_-1\gax_mod_fet_tlm_pmos_lc_0.20_lch_0.40_lov_0.06_gateasym_0.00_w_4.0_18_2025_08_11_07_38_55,pmos,0.2,0.4,0.06,0.0,4.0,18
gax_mod_fet_tlm_pmos_lc_0.20_lch_0.40_lov_0.06_gateasym_0.00_w_4.0_19_2025_08_11_07_38_12,./scripts/die1-1_full_sweep\die_x_1_y_-1\gax_mod_fet_tlm_pmos_lc_0.20_lch_0.40_lov_0.06_gateasym_0.00_w_4.0_19_2025_08_11_07_38_12,pmos,0.2,0.4,0.06,0.0,4.0,19
gax_mod_fet_tlm_pmos_lc_0.20_lch_0.40_lov_0.06_gateasym_0.00_w_4.0_1_2025_08_11_07_50_53,./scripts/die1-1_full_sweep\die_x_1_y_-1\gax_mod_fet_tlm_pmos_lc_0.20_lch_0.40_lov_0.06_gateasym_0.00_w_4.0_1_2025_08_11_07_50_53,pmos,0.2,0.4,0.06,0.0,4.0,1
gax_mod_fet_tlm_pmos_lc_0.20_lch_0.40_lov_0.06_gateasym_0.00_w_4.0_20_2025_08_11_07_37_29,./scripts/die1-1_full_sweep\die_x_1_y_-1\gax_mod_fet_tlm_pmos_lc_0.20_lch_0.40_lov_0.06_gateasym_0.00_w_4.0_20_2025_08_11_07_37_29,pmos,0.2,0.4,0.06,0.0,4.0,20
gax_mod_fet_tlm_pmos_lc_0.20_lch_0.40_lov_0.06_gateasym_0.00_w_4.0_21_2025_08_11_07_36_46,./scripts/die1-1_full_sweep\die_x_1_y_-1\gax_mod_fet_tlm_pmos_lc_0.20_lch_0.40_lov_0.06_gateasym_0.00_w_4.0_21_2025_08_11_07_36_46,pmos,0.2,0.4,0.06,0.0,4.0,21
gax_mod_fet_tlm_pmos_lc_0.20_lch_0.40_lov_0.06_gateasym_0.00_w_4.0_22_2025_08_11_07_36_02,./scripts/die1-1_full_sweep\die_x_1_y_-1\gax_mod_fet_tlm_pmos_lc_0.20_lch_0.40_lov_0.06_gateasym_0.00_w_4.0_22_2025_08_11_07_36_02,pmos,0.2,0.4,0.06,0.0,4.0,22
gax_mod_fet_tlm_pmos_lc_0.20_lch_0.40_lov_0.06_gateasym_0.00_w_4.0_23_2025_08_11_07_35_20,./scripts/die1-1_full_sweep\die_x_1_y_-1\gax_mod_fet_tlm_pmos_lc_0.20_lch_0.40_lov_0.06_gateasym_0.00_w_4.0_23_2025_08_11_07_35_20,pmos,0.2,0.4,0.06,0.0,4.0,23
gax_mod_fet_tlm_pmos_lc_0.20_lch_0.40_lov_0.06_gateasym_0.00_w_4.0_2_2025_08_11_07_50_10,./scripts/die1-1_full_sweep\die_x_1_y_-1\gax_mod_fet_tlm_pmos_lc_0.20_lch_0.40_lov_0.06_gateasym_0.00_w_4.0_2_2025_08_11_07_50_10,pmos,0.2,0.4,0.06,0.0,4.0,2
gax_mod_fet_tlm_pmos_lc_0.20_lch_0.40_lov_0.06_gateasym_0.00_w_4.0_3_2025_08_11_07_49_26,./scripts/die1-1_full_sweep\die_x_1_y_-1\gax_mod_fet_tlm_pmos_lc_0.20_lch_0.40_lov_0.06_gateasym_0.00_w_4.0_3_2025_08_11_07_49_26,pmos,0.2,0.4,0.06,0.0,4.0,3
gax_mod_fet_tlm_pmos_lc_0.20_lch_0.40_lov_0.06_gateasym_0.00_w_4.0_4_2025_08_11_07_48_44,./scripts/die1-1_full_sweep\die_x_1_y_-1\gax_mod_fet_tlm_pmos_lc_0.20_lch_0.40_lov_0.06_gateasym_0.00_w_4.0_4_2025_08_11_07_48_44,pmos,0.2,0.4,0.06,0.0,4.0,4
gax_mod_fet_tlm_pmos_lc_0.20_lch_0.40_lov_0.06_gateasym_0.00_w_4.0_5_2025_08_11_07_48_01,./scripts/die1-1_full_sweep\die_x_1_y_-1\gax_mod_fet_tlm_pmos_lc_0.20_lch_0.40_lov_0.06_gateasym_0.00_w_4.0_5_2025_08_11_07_48_01,pmos,0.2,0.4,0.06,0.0,4.0,5
gax_mod_fet_tlm_pmos_lc_0.20_lch_0.40_lov_0.06_gateasym_0.00_w_4.0_6_2025_08_11_07_47_18,./scripts/die1-1_full_sweep\die_x_1_y_-1\gax_mod_fet_tlm_pmos_lc_0.20_lch_0.40_lov_0.06_gateasym_0.00_w_4.0_6_2025_08_11_07_47_18,pmos,0.2,0.4,0.06,0.0,4.0,6
gax_mod_fet_tlm_pmos_lc_0.20_lch_0.40_lov_0.06_gateasym_0.00_w_4.0_7_2025_08_11_07_46_35,./scripts/die1-1_full_sweep\die_x_1_y_-1\gax_mod_fet_tlm_pmos_lc_0.20_lch_0.40_lov_0.06_gateasym_0.00_w_4.0_7_2025_08_11_07_46_35,pmos,0.2,0.4,0.06,0.0,4.0,7
gax_mod_fet_tlm_pmos_lc_0.20_lch_0.40_lov_0.06_gateasym_0.00_w_4.0_8_2025_08_11_07_45_52,./scripts/die1-1_full_sweep\die_x_1_y_-1\gax_mod_fet_tlm_pmos_lc_0.20_lch_0.40_lov_0.06_gateasym_0.00_w_4.0_8_2025_08_11_07_45_52,pmos,0.2,0.4,0.06,0.0,4.0,8
gax_mod_fet_tlm_pmos_lc_0.20_lch_0.40_lov_0.06_gateasym_0.00_w_4.0_9_2025_08_11_07_45_09,./scripts/die1-1_full_sweep\die_x_1_y_-1\gax_mod_fet_tlm_pmos_lc_0.20_lch_0.40_lov_0.06_gateasym_0.00_w_4.0_9_2025_08_11_07_45_09,pmos,0.2,0.4,0.06,0.0,4.0,9
gax_mod_fet_tlm_pmos_lc_0.40_lch_0.12_lov_0.06_gateasym_0.00_w_4.0_0_2025_08_11_07_17_24,./scripts/die1-1_full_sweep\die_x_1_y_-1\gax_mod_fet_tlm_pmos_lc_0.40_lch_0.12_lov_0.06_gateasym_0.00_w_4.0_0_2025_08_11_07_17_24,pmos,0.4,0.12,0.06,0.0,4.0,0
gax_mod_fet_tlm_pmos_lc_0.40_lch_0.12_lov_0.06_gateasym_0.00_w_4.0_10_2025_08_11_07_10_29,./scripts/die1-1_full_sweep\die_x_1_y_-1\gax_mod_fet_tlm_pmos_lc_0.40_lch_0.12_lov_0.06_gateasym_0.00_w_4.0_10_2025_08_11_07_10_29,pmos,0.4,0.12,0.06,0.0,4.0,10
gax_mod_fet_tlm_pmos_lc_0.40_lch_0.12_lov_0.06_gateasym_0.00_w_4.0_11_2025_08_11_07_09_47,./scripts/die1-1_full_sweep\die_x_1_y_-1\gax_mod_fet_tlm_pmos_lc_0.40_lch_0.12_lov_0.06_gateasym_0.00_w_4.0_11_2025_08_11_07_09_47,pmos,0.4,0.12,0.06,0.0,4.0,11
gax_mod_fet_tlm_pmos_lc_0.40_lch_0.12_lov_0.06_gateasym_0.00_w_4.0_12_2025_08_11_07_09_06,./scripts/die1-1_full_sweep\die_x_1_y_-1\gax_mod_fet_tlm_pmos_lc_0.40_lch_0.12_lov_0.06_gateasym_0.00_w_4.0_12_2025_08_11_07_09_06,pmos,0.4,0.12,0.06,0.0,4.0,12
gax_mod_fet_tlm_pmos_lc_0.40_lch_0.12_lov_0.06_gateasym_0.00_w_4.0_13_2025_08_11_07_08_24,./scripts/die1-1_full_sweep\die_x_1_y_-1\gax_mod_fet_tlm_pmos_lc_0.40_lch_0.12_lov_0.06_gateasym_0.00_w_4.0_13_2025_08_11_07_08_24,pmos,0.4,0.12,0.06,0.0,4.0,13
gax_mod_fet_tlm_pmos_lc_0.40_lch_0.12_lov_0.06_gateasym_0.00_w_4.0_14_2025_08_11_07_07_43,./scripts/die1-1_full_sweep\die_x_1_y_-1\gax_mod_fet_tlm_pmos_lc_0.40_lch_0.12_lov_0.06_gateasym_0.00_w_4.0_14_2025_08_11_07_07_43,pmos,0.4,0.12,0.06,0.0,4.0,14
gax_mod_fet_tlm_pmos_lc_0.40_lch_0.12_lov_0.06_gateasym_0.00_w_4.0_15_2025_08_11_07_07_01,./scripts/die1-1_full_sweep\die_x_1_y_-1\gax_mod_fet_tlm_pmos_lc_0.40_lch_0.12_lov_0.06_gateasym_0.00_w_4.0_15_2025_08_11_07_07_01,pmos,0.4,0.12,0.06,0.0,4.0,15
gax_mod_fet_tlm_pmos_lc_0.40_lch_0.12_lov_0.06_gateasym_0.00_w_4.0_16_2025_08_11_07_06_20,./scripts/die1-1_full_sweep\die_x_1_y_-1\gax_mod_fet_tlm_pmos_lc_0.40_lch_0.12_lov_0.06_gateasym_0.00_w_4.0_16_2025_08_11_07_06_20,pmos,0.4,0.12,0.06,0.0,4.0,16
gax_mod_fet_tlm_pmos_lc_0.40_lch_0.12_lov_0.06_gateasym_0.00_w_4.0_17_2025_08_11_07_05_38,./scripts/die1-1_full_sweep\die_x_1_y_-1\gax_mod_fet_tlm_pmos_lc_0.40_lch_0.12_lov_0.06_gateasym_0.00_w_4.0_17_2025_08_11_07_05_38,pmos,0.4,0.12,0.06,0.0,4.0,17
gax_mod_fet_tlm_pmos_lc_0.40_lch_0.12_lov_0.06_gateasym_0.00_w_4.0_18_2025_08_11_07_04_57,./scripts/die1-1_full_sweep\die_x_1_y_-1\gax_mod_fet_tlm_pmos_lc_0.40_lch_0.12_lov_0.06_gateasym_0.00_w_4.0_18_2025_08_11_07_04_57,pmos,0.4,0.12,0.06,0.0,4.0,18
gax_mod_fet_tlm_pmos_lc_0.40_lch_0.12_lov_0.06_gateasym_0.00_w_4.0_19_2025_08_11_07_04_15,./scripts/die1-1_full_sweep\die_x_1_y_-1\gax_mod_fet_tlm_pmos_lc_0.40_lch_0.12_lov_0.06_gateasym_0.00_w_4.0_19_2025_08_11_07_04_15,pmos,0.4,0.12,0.06,0.0,4.0,19
gax_mod_fet_tlm_pmos_lc_0.40_lch_0.12_lov_0.06_gateasym_0.00_w_4.0_1_2025_08_11_07_16_42,./scripts/die1-1_full_sweep\die_x_1_y_-1\gax_mod_fet_tlm_pmos_lc_0.40_lch_0.12_lov_0.06_gateasym_0.00_w_4.0_1_2025_08_11_07_16_42,pmos,0.4,0.12,0.06,0.0,4.0,1
gax_mod_fet_tlm_pmos_lc_0.40_lch_0.12_lov_0.06_gateasym_0.00_w_4.0_20_2025_08_11_07_03_34,./scripts/die1-1_full_sweep\die_x_1_y_-1\gax_mod_fet_tlm_pmos_lc_0.40_lch_0.12_lov_0.06_gateasym_0.00_w_4.0_20_2025_08_11_07_03_34,pmos,0.4,0.12,0.06,0.0,4.0,20
gax_mod_fet_tlm_pmos_lc_0.40_lch_0.12_lov_0.06_gateasym_0.00_w_4.0_21_2025_08_11_07_03_04,./scripts/die1-1_full_sweep\die_x_1_y_-1\gax_mod_fet_tlm_pmos_lc_0.40_lch_0.12_lov_0.06_gateasym_0.00_w_4.0_21_2025_08_11_07_03_04,pmos,0.4,0.12,0.06,0.0,4.0,21
gax_mod_fet_tlm_pmos_lc_0.40_lch_0.12_lov_0.06_gateasym_0.00_w_4.0_22_2025_08_11_07_02_22,./scripts/die1-1_full_sweep\die_x_1_y_-1\gax_mod_fet_tlm_pmos_lc_0.40_lch_0.12_lov_0.06_gateasym_0.00_w_4.0_22_2025_08_11_07_02_22,pmos,0.4,0.12,0.06,0.0,4.0,22
gax_mod_fet_tlm_pmos_lc_0.40_lch_0.12_lov_0.06_gateasym_0.00_w_4.0_23_2025_08_11_07_01_41,./scripts/die1-1_full_sweep\die_x_1_y_-1\gax_mod_fet_tlm_pmos_lc_0.40_lch_0.12_lov_0.06_gateasym_0.00_w_4.0_23_2025_08_11_07_01_41,pmos,0.4,0.12,0.06,0.0,4.0,23
gax_mod_fet_tlm_pmos_lc_0.40_lch_0.12_lov_0.06_gateasym_0.00_w_4.0_2_2025_08_11_07_16_01,./scripts/die1-1_full_sweep\die_x_1_y_-1\gax_mod_fet_tlm_pmos_lc_0.40_lch_0.12_lov_0.06_gateasym_0.00_w_4.0_2_2025_08_11_07_16_01,pmos,0.4,0.12,0.06,0.0,4.0,2
gax_mod_fet_tlm_pmos_lc_0.40_lch_0.12_lov_0.06_gateasym_0.00_w_4.0_3_2025_08_11_07_15_19,./scripts/die1-1_full_sweep\die_x_1_y_-1\gax_mod_fet_tlm_pmos_lc_0.40_lch_0.12_lov_0.06_gateasym_0.00_w_4.0_3_2025_08_11_07_15_19,pmos,0.4,0.12,0.06,0.0,4.0,3
gax_mod_fet_tlm_pmos_lc_0.40_lch_0.12_lov_0.06_gateasym_0.00_w_4.0_4_2025_08_11_07_14_38,./scripts/die1-1_full_sweep\die_x_1_y_-1\gax_mod_fet_tlm_pmos_lc_0.40_lch_0.12_lov_0.06_gateasym_0.00_w_4.0_4_2025_08_11_07_14_38,pmos,0.4,0.12,0.06,0.0,4.0,4
gax_mod_fet_tlm_pmos_lc_0.40_lch_0.12_lov_0.06_gateasym_0.00_w_4.0_5_2025_08_11_07_13_56,./scripts/die1-1_full_sweep\die_x_1_y_-1\gax_mod_fet_tlm_pmos_lc_0.40_lch_0.12_lov_0.06_gateasym_0.00_w_4.0_5_2025_08_11_07_13_56,pmos,0.4,0.12,0.06,0.0,4.0,5
gax_mod_fet_tlm_pmos_lc_0.40_lch_0.12_lov_0.06_gateasym_0.00_w_4.0_6_2025_08_11_07_13_15,./scripts/die1-1_full_sweep\die_x_1_y_-1\gax_mod_fet_tlm_pmos_lc_0.40_lch_0.12_lov_0.06_gateasym_0.00_w_4.0_6_2025_08_11_07_13_15,pmos,0.4,0.12,0.06,0.0,4.0,6
gax_mod_fet_tlm_pmos_lc_0.40_lch_0.12_lov_0.06_gateasym_0.00_w_4.0_7_2025_08_11_07_12_33,./scripts/die1-1_full_sweep\die_x_1_y_-1\gax_mod_fet_tlm_pmos_lc_0.40_lch_0.12_lov_0.06_gateasym_0.00_w_4.0_7_2025_08_11_07_12_33,pmos,0.4,0.12,0.06,0.0,4.0,7
gax_mod_fet_tlm_pmos_lc_0.40_lch_0.12_lov_0.06_gateasym_0.00_w_4.0_8_2025_08_11_07_11_52,./scripts/die1-1_full_sweep\die_x_1_y_-1\gax_mod_fet_tlm_pmos_lc_0.40_lch_0.12_lov_0.06_gateasym_0.00_w_4.0_8_2025_08_11_07_11_52,pmos,0.4,0.12,0.06,0.0,4.0,8
gax_mod_fet_tlm_pmos_lc_0.40_lch_0.12_lov_0.06_gateasym_0.00_w_4.0_9_2025_08_11_07_11_10,./scripts/die1-1_full_sweep\die_x_1_y_-1\gax_mod_fet_tlm_pmos_lc_0.40_lch_0.12_lov_0.06_gateasym_0.00_w_4.0_9_2025_08_11_07_11_10,pmos,0.4,0.12,0.06,0.0,4.0,9
gax_mod_fet_tlm_pmos_lc_0.40_lch_0.14_lov_0.06_gateasym_0.00_w_4.0_0_2025_08_11_06_44_24,./scripts/die1-1_full_sweep\die_x_1_y_-1\gax_mod_fet_tlm_pmos_lc_0.40_lch_0.14_lov_0.06_gateasym_0.00_w_4.0_0_2025_08_11_06_44_24,pmos,0.4,0.14,0.06,0.0,4.0,0
gax_mod_fet_tlm_pmos_lc_0.40_lch_0.14_lov_0.06_gateasym_0.00_w_4.0_10_2025_08_11_06_37_15,./scripts/die1-1_full_sweep\die_x_1_y_-1\gax_mod_fet_tlm_pmos_lc_0.40_lch_0.14_lov_0.06_gateasym_0.00_w_4.0_10_2025_08_11_06_37_15,pmos,0.4,0.14,0.06,0.0,4.0,10
gax_mod_fet_tlm_pmos_lc_0.40_lch_0.14_lov_0.06_gateasym_0.00_w_4.0_11_2025_08_11_06_36_31,./scripts/die1-1_full_sweep\die_x_1_y_-1\gax_mod_fet_tlm_pmos_lc_0.40_lch_0.14_lov_0.06_gateasym_0.00_w_4.0_11_2025_08_11_06_36_31,pmos,0.4,0.14,0.06,0.0,4.0,11
gax_mod_fet_tlm_pmos_lc_0.40_lch_0.14_lov_0.06_gateasym_0.00_w_4.0_12_2025_08_11_06_35_49,./scripts/die1-1_full_sweep\die_x_1_y_-1\gax_mod_fet_tlm_pmos_lc_0.40_lch_0.14_lov_0.06_gateasym_0.00_w_4.0_12_2025_08_11_06_35_49,pmos,0.4,0.14,0.06,0.0,4.0,12
gax_mod_fet_tlm_pmos_lc_0.40_lch_0.14_lov_0.06_gateasym_0.00_w_4.0_13_2025_08_11_06_35_06,./scripts/die1-1_full_sweep\die_x_1_y_-1\gax_mod_fet_tlm_pmos_lc_0.40_lch_0.14_lov_0.06_gateasym_0.00_w_4.0_13_2025_08_11_06_35_06,pmos,0.4,0.14,0.06,0.0,4.0,13
gax_mod_fet_tlm_pmos_lc_0.40_lch_0.14_lov_0.06_gateasym_0.00_w_4.0_14_2025_08_11_06_34_24,./scripts/die1-1_full_sweep\die_x_1_y_-1\gax_mod_fet_tlm_pmos_lc_0.40_lch_0.14_lov_0.06_gateasym_0.00_w_4.0_14_2025_08_11_06_34_24,pmos,0.4,0.14,0.06,0.0,4.0,14
gax_mod_fet_tlm_pmos_lc_0.40_lch_0.14_lov_0.06_gateasym_0.00_w_4.0_15_2025_08_11_06_33_40,./scripts/die1-1_full_sweep\die_x_1_y_-1\gax_mod_fet_tlm_pmos_lc_0.40_lch_0.14_lov_0.06_gateasym_0.00_w_4.0_15_2025_08_11_06_33_40,pmos,0.4,0.14,0.06,0.0,4.0,15
gax_mod_fet_tlm_pmos_lc_0.40_lch_0.14_lov_0.06_gateasym_0.00_w_4.0_16_2025_08_11_06_32_57,./scripts/die1-1_full_sweep\die_x_1_y_-1\gax_mod_fet_tlm_pmos_lc_0.40_lch_0.14_lov_0.06_gateasym_0.00_w_4.0_16_2025_08_11_06_32_57,pmos,0.4,0.14,0.06,0.0,4.0,16
gax_mod_fet_tlm_pmos_lc_0.40_lch_0.14_lov_0.06_gateasym_0.00_w_4.0_17_2025_08_11_06_32_13,./scripts/die1-1_full_sweep\die_x_1_y_-1\gax_mod_fet_tlm_pmos_lc_0.40_lch_0.14_lov_0.06_gateasym_0.00_w_4.0_17_2025_08_11_06_32_13,pmos,0.4,0.14,0.06,0.0,4.0,17
gax_mod_fet_tlm_pmos_lc_0.40_lch_0.14_lov_0.06_gateasym_0.00_w_4.0_18_2025_08_11_06_31_46,./scripts/die1-1_full_sweep\die_x_1_y_-1\gax_mod_fet_tlm_pmos_lc_0.40_lch_0.14_lov_0.06_gateasym_0.00_w_4.0_18_2025_08_11_06_31_46,pmos,0.4,0.14,0.06,0.0,4.0,18
gax_mod_fet_tlm_pmos_lc_0.40_lch_0.14_lov_0.06_gateasym_0.00_w_4.0_19_2025_08_11_06_31_03,./scripts/die1-1_full_sweep\die_x_1_y_-1\gax_mod_fet_tlm_pmos_lc_0.40_lch_0.14_lov_0.06_gateasym_0.00_w_4.0_19_2025_08_11_06_31_03,pmos,0.4,0.14,0.06,0.0,4.0,19
gax_mod_fet_tlm_pmos_lc_0.40_lch_0.14_lov_0.06_gateasym_0.00_w_4.0_1_2025_08_11_06_43_40,./scripts/die1-1_full_sweep\die_x_1_y_-1\gax_mod_fet_tlm_pmos_lc_0.40_lch_0.14_lov_0.06_gateasym_0.00_w_4.0_1_2025_08_11_06_43_40,pmos,0.4,0.14,0.06,0.0,4.0,1
gax_mod_fet_tlm_pmos_lc_0.40_lch_0.14_lov_0.06_gateasym_0.00_w_4.0_20_2025_08_11_06_30_20,./scripts/die1-1_full_sweep\die_x_1_y_-1\gax_mod_fet_tlm_pmos_lc_0.40_lch_0.14_lov_0.06_gateasym_0.00_w_4.0_20_2025_08_11_06_30_20,pmos,0.4,0.14,0.06,0.0,4.0,20
gax_mod_fet_tlm_pmos_lc_0.40_lch_0.14_lov_0.06_gateasym_0.00_w_4.0_21_2025_08_11_06_29_36,./scripts/die1-1_full_sweep\die_x_1_y_-1\gax_mod_fet_tlm_pmos_lc_0.40_lch_0.14_lov_0.06_gateasym_0.00_w_4.0_21_2025_08_11_06_29_36,pmos,0.4,0.14,0.06,0.0,4.0,21
gax_mod_fet_tlm_pmos_lc_0.40_lch_0.14_lov_0.06_gateasym_0.00_w_4.0_22_2025_08_11_06_28_53,./scripts/die1-1_full_sweep\die_x_1_y_-1\gax_mod_fet_tlm_pmos_lc_0.40_lch_0.14_lov_0.06_gateasym_0.00_w_4.0_22_2025_08_11_06_28_53,pmos,0.4,0.14,0.06,0.0,4.0,22
gax_mod_fet_tlm_pmos_lc_0.40_lch_0.14_lov_0.06_gateasym_0.00_w_4.0_23_2025_08_11_06_28_10,./scripts/die1-1_full_sweep\die_x_1_y_-1\gax_mod_fet_tlm_pmos_lc_0.40_lch_0.14_lov_0.06_gateasym_0.00_w_4.0_23_2025_08_11_06_28_10,pmos,0.4,0.14,0.06,0.0,4.0,23
gax_mod_fet_tlm_pmos_lc_0.40_lch_0.14_lov_0.06_gateasym_0.00_w_4.0_2_2025_08_11_06_42_58,./scripts/die1-1_full_sweep\die_x_1_y_-1\gax_mod_fet_tlm_pmos_lc_0.40_lch_0.14_lov_0.06_gateasym_0.00_w_4.0_2_2025_08_11_06_42_58,pmos,0.4,0.14,0.06,0.0,4.0,2
gax_mod_fet_tlm_pmos_lc_0.40_lch_0.14_lov_0.06_gateasym_0.00_w_4.0_3_2025_08_11_06_42_14,./scripts/die1-1_full_sweep\die_x_1_y_-1\gax_mod_fet_tlm_pmos_lc_0.40_lch_0.14_lov_0.06_gateasym_0.00_w_4.0_3_2025_08_11_06_42_14,pmos,0.4,0.14,0.06,0.0,4.0,3
gax_mod_fet_tlm_pmos_lc_0.40_lch_0.14_lov_0.06_gateasym_0.00_w_4.0_4_2025_08_11_06_41_31,./scripts/die1-1_full_sweep\die_x_1_y_-1\gax_mod_fet_tlm_pmos_lc_0.40_lch_0.14_lov_0.06_gateasym_0.00_w_4.0_4_2025_08_11_06_41_31,pmos,0.4,0.14,0.06,0.0,4.0,4
gax_mod_fet_tlm_pmos_lc_0.40_lch_0.14_lov_0.06_gateasym_0.00_w_4.0_5_2025_08_11_06_40_49,./scripts/die1-1_full_sweep\die_x_1_y_-1\gax_mod_fet_tlm_pmos_lc_0.40_lch_0.14_lov_0.06_gateasym_0.00_w_4.0_5_2025_08_11_06_40_49,pmos,0.4,0.14,0.06,0.0,4.0,5
gax_mod_fet_tlm_pmos_lc_0.40_lch_0.14_lov_0.06_gateasym_0.00_w_4.0_6_2025_08_11_06_40_06,./scripts/die1-1_full_sweep\die_x_1_y_-1\gax_mod_fet_tlm_pmos_lc_0.40_lch_0.14_lov_0.06_gateasym_0.00_w_4.0_6_2025_08_11_06_40_06,pmos,0.4,0.14,0.06,0.0,4.0,6
gax_mod_fet_tlm_pmos_lc_0.40_lch_0.14_lov_0.06_gateasym_0.00_w_4.0_7_2025_08_11_06_39_23,./scripts/die1-1_full_sweep\die_x_1_y_-1\gax_mod_fet_tlm_pmos_lc_0.40_lch_0.14_lov_0.06_gateasym_0.00_w_4.0_7_2025_08_11_06_39_23,pmos,0.4,0.14,0.06,0.0,4.0,7
gax_mod_fet_tlm_pmos_lc_0.40_lch_0.14_lov_0.06_gateasym_0.00_w_4.0_8_2025_08_11_06_38_41,./scripts/die1-1_full_sweep\die_x_1_y_-1\gax_mod_fet_tlm_pmos_lc_0.40_lch_0.14_lov_0.06_gateasym_0.00_w_4.0_8_2025_08_11_06_38_41,pmos,0.4,0.14,0.06,0.0,4.0,8
gax_mod_fet_tlm_pmos_lc_0.40_lch_0.14_lov_0.06_gateasym_0.00_w_4.0_9_2025_08_11_06_37_57,./scripts/die1-1_full_sweep\die_x_1_y_-1\gax_mod_fet_tlm_pmos_lc_0.40_lch_0.14_lov_0.06_gateasym_0.00_w_4.0_9_2025_08_11_06_37_57,pmos,0.4,0.14,0.06,0.0,4.0,9
gax_mod_fet_tlm_pmos_lc_0.40_lch_0.16_lov_0.06_gateasym_0.00_w_4.0_0_2025_08_11_06_10_09,./scripts/die1-1_full_sweep\die_x_1_y_-1\gax_mod_fet_tlm_pmos_lc_0.40_lch_0.16_lov_0.06_gateasym_0.00_w_4.0_0_2025_08_11_06_10_09,pmos,0.4,0.16,0.06,0.0,4.0,0
gax_mod_fet_tlm_pmos_lc_0.40_lch_0.16_lov_0.06_gateasym_0.00_w_4.0_10_2025_08_11_06_02_58,./scripts/die1-1_full_sweep\die_x_1_y_-1\gax_mod_fet_tlm_pmos_lc_0.40_lch_0.16_lov_0.06_gateasym_0.00_w_4.0_10_2025_08_11_06_02_58,pmos,0.4,0.16,0.06,0.0,4.0,10
gax_mod_fet_tlm_pmos_lc_0.40_lch_0.16_lov_0.06_gateasym_0.00_w_4.0_11_2025_08_11_06_02_15,./scripts/die1-1_full_sweep\die_x_1_y_-1\gax_mod_fet_tlm_pmos_lc_0.40_lch_0.16_lov_0.06_gateasym_0.00_w_4.0_11_2025_08_11_06_02_15,pmos,0.4,0.16,0.06,0.0,4.0,11
gax_mod_fet_tlm_pmos_lc_0.40_lch_0.16_lov_0.06_gateasym_0.00_w_4.0_12_2025_08_11_06_01_31,./scripts/die1-1_full_sweep\die_x_1_y_-1\gax_mod_fet_tlm_pmos_lc_0.40_lch_0.16_lov_0.06_gateasym_0.00_w_4.0_12_2025_08_11_06_01_31,pmos,0.4,0.16,0.06,0.0,4.0,12
gax_mod_fet_tlm_pmos_lc_0.40_lch_0.16_lov_0.06_gateasym_0.00_w_4.0_13_2025_08_11_06_00_49,./scripts/die1-1_full_sweep\die_x_1_y_-1\gax_mod_fet_tlm_pmos_lc_0.40_lch_0.16_lov_0.06_gateasym_0.00_w_4.0_13_2025_08_11_06_00_49,pmos,0.4,0.16,0.06,0.0,4.0,13
gax_mod_fet_tlm_pmos_lc_0.40_lch_0.16_lov_0.06_gateasym_0.00_w_4.0_14_2025_08_11_06_00_06,./scripts/die1-1_full_sweep\die_x_1_y_-1\gax_mod_fet_tlm_pmos_lc_0.40_lch_0.16_lov_0.06_gateasym_0.00_w_4.0_14_2025_08_11_06_00_06,pmos,0.4,0.16,0.06,0.0,4.0,14
gax_mod_fet_tlm_pmos_lc_0.40_lch_0.16_lov_0.06_gateasym_0.00_w_4.0_15_2025_08_11_05_59_22,./scripts/die1-1_full_sweep\die_x_1_y_-1\gax_mod_fet_tlm_pmos_lc_0.40_lch_0.16_lov_0.06_gateasym_0.00_w_4.0_15_2025_08_11_05_59_22,pmos,0.4,0.16,0.06,0.0,4.0,15
gax_mod_fet_tlm_pmos_lc_0.40_lch_0.16_lov_0.06_gateasym_0.00_w_4.0_16_2025_08_11_05_58_39,./scripts/die1-1_full_sweep\die_x_1_y_-1\gax_mod_fet_tlm_pmos_lc_0.40_lch_0.16_lov_0.06_gateasym_0.00_w_4.0_16_2025_08_11_05_58_39,pmos,0.4,0.16,0.06,0.0,4.0,16
gax_mod_fet_tlm_pmos_lc_0.40_lch_0.16_lov_0.06_gateasym_0.00_w_4.0_17_2025_08_11_05_57_55,./scripts/die1-1_full_sweep\die_x_1_y_-1\gax_mod_fet_tlm_pmos_lc_0.40_lch_0.16_lov_0.06_gateasym_0.00_w_4.0_17_2025_08_11_05_57_55,pmos,0.4,0.16,0.06,0.0,4.0,17
gax_mod_fet_tlm_pmos_lc_0.40_lch_0.16_lov_0.06_gateasym_0.00_w_4.0_18_2025_08_11_05_57_11,./scripts/die1-1_full_sweep\die_x_1_y_-1\gax_mod_fet_tlm_pmos_lc_0.40_lch_0.16_lov_0.06_gateasym_0.00_w_4.0_18_2025_08_11_05_57_11,pmos,0.4,0.16,0.06,0.0,4.0,18
gax_mod_fet_tlm_pmos_lc_0.40_lch_0.16_lov_0.06_gateasym_0.00_w_4.0_19_2025_08_11_05_56_29,./scripts/die1-1_full_sweep\die_x_1_y_-1\gax_mod_fet_tlm_pmos_lc_0.40_lch_0.16_lov_0.06_gateasym_0.00_w_4.0_19_2025_08_11_05_56_29,pmos,0.4,0.16,0.06,0.0,4.0,19
gax_mod_fet_tlm_pmos_lc_0.40_lch_0.16_lov_0.06_gateasym_0.00_w_4.0_1_2025_08_11_06_09_25,./scripts/die1-1_full_sweep\die_x_1_y_-1\gax_mod_fet_tlm_pmos_lc_0.40_lch_0.16_lov_0.06_gateasym_0.00_w_4.0_1_2025_08_11_06_09_25,pmos,0.4,0.16,0.06,0.0,4.0,1
gax_mod_fet_tlm_pmos_lc_0.40_lch_0.16_lov_0.06_gateasym_0.00_w_4.0_20_2025_08_11_05_55_45,./scripts/die1-1_full_sweep\die_x_1_y_-1\gax_mod_fet_tlm_pmos_lc_0.40_lch_0.16_lov_0.06_gateasym_0.00_w_4.0_20_2025_08_11_05_55_45,pmos,0.4,0.16,0.06,0.0,4.0,20
gax_mod_fet_tlm_pmos_lc_0.40_lch_0.16_lov_0.06_gateasym_0.00_w_4.0_21_2025_08_11_05_55_01,./scripts/die1-1_full_sweep\die_x_1_y_-1\gax_mod_fet_tlm_pmos_lc_0.40_lch_0.16_lov_0.06_gateasym_0.00_w_4.0_21_2025_08_11_05_55_01,pmos,0.4,0.16,0.06,0.0,4.0,21
gax_mod_fet_tlm_pmos_lc_0.40_lch_0.16_lov_0.06_gateasym_0.00_w_4.0_22_2025_08_11_05_54_17,./scripts/die1-1_full_sweep\die_x_1_y_-1\gax_mod_fet_tlm_pmos_lc_0.40_lch_0.16_lov_0.06_gateasym_0.00_w_4.0_22_2025_08_11_05_54_17,pmos,0.4,0.16,0.06,0.0,4.0,22
gax_mod_fet_tlm_pmos_lc_0.40_lch_0.16_lov_0.06_gateasym_0.00_w_4.0_23_2025_08_11_05_53_41,./scripts/die1-1_full_sweep\die_x_1_y_-1\gax_mod_fet_tlm_pmos_lc_0.40_lch_0.16_lov_0.06_gateasym_0.00_w_4.0_23_2025_08_11_05_53_41,pmos,0.4,0.16,0.06,0.0,4.0,23
gax_mod_fet_tlm_pmos_lc_0.40_lch_0.16_lov_0.06_gateasym_0.00_w_4.0_2_2025_08_11_06_08_42,./scripts/die1-1_full_sweep\die_x_1_y_-1\gax_mod_fet_tlm_pmos_lc_0.40_lch_0.16_lov_0.06_gateasym_0.00_w_4.0_2_2025_08_11_06_08_42,pmos,0.4,0.16,0.06,0.0,4.0,2
gax_mod_fet_tlm_pmos_lc_0.40_lch_0.16_lov_0.06_gateasym_0.00_w_4.0_3_2025_08_11_06_07_58,./scripts/die1-1_full_sweep\die_x_1_y_-1\gax_mod_fet_tlm_pmos_lc_0.40_lch_0.16_lov_0.06_gateasym_0.00_w_4.0_3_2025_08_11_06_07_58,pmos,0.4,0.16,0.06,0.0,4.0,3
gax_mod_fet_tlm_pmos_lc_0.40_lch_0.16_lov_0.06_gateasym_0.00_w_4.0_4_2025_08_11_06_07_17,./scripts/die1-1_full_sweep\die_x_1_y_-1\gax_mod_fet_tlm_pmos_lc_0.40_lch_0.16_lov_0.06_gateasym_0.00_w_4.0_4_2025_08_11_06_07_17,pmos,0.4,0.16,0.06,0.0,4.0,4
gax_mod_fet_tlm_pmos_lc_0.40_lch_0.16_lov_0.06_gateasym_0.00_w_4.0_5_2025_08_11_06_06_34,./scripts/die1-1_full_sweep\die_x_1_y_-1\gax_mod_fet_tlm_pmos_lc_0.40_lch_0.16_lov_0.06_gateasym_0.00_w_4.0_5_2025_08_11_06_06_34,pmos,0.4,0.16,0.06,0.0,4.0,5
gax_mod_fet_tlm_pmos_lc_0.40_lch_0.16_lov_0.06_gateasym_0.00_w_4.0_6_2025_08_11_06_05_50,./scripts/die1-1_full_sweep\die_x_1_y_-1\gax_mod_fet_tlm_pmos_lc_0.40_lch_0.16_lov_0.06_gateasym_0.00_w_4.0_6_2025_08_11_06_05_50,pmos,0.4,0.16,0.06,0.0,4.0,6
gax_mod_fet_tlm_pmos_lc_0.40_lch_0.16_lov_0.06_gateasym_0.00_w_4.0_7_2025_08_11_06_05_07,./scripts/die1-1_full_sweep\die_x_1_y_-1\gax_mod_fet_tlm_pmos_lc_0.40_lch_0.16_lov_0.06_gateasym_0.00_w_4.0_7_2025_08_11_06_05_07,pmos,0.4,0.16,0.06,0.0,4.0,7
gax_mod_fet_tlm_pmos_lc_0.40_lch_0.16_lov_0.06_gateasym_0.00_w_4.0_8_2025_08_11_06_04_22,./scripts/die1-1_full_sweep\die_x_1_y_-1\gax_mod_fet_tlm_pmos_lc_0.40_lch_0.16_lov_0.06_gateasym_0.00_w_4.0_8_2025_08_11_06_04_22,pmos,0.4,0.16,0.06,0.0,4.0,8
gax_mod_fet_tlm_pmos_lc_0.40_lch_0.16_lov_0.06_gateasym_0.00_w_4.0_9_2025_08_11_06_03_41,./scripts/die1-1_full_sweep\die_x_1_y_-1\gax_mod_fet_tlm_pmos_lc_0.40_lch_0.16_lov_0.06_gateasym_0.00_w_4.0_9_2025_08_11_06_03_41,pmos,0.4,0.16,0.06,0.0,4.0,9
gax_mod_fet_tlm_pmos_lc_0.40_lch_0.20_lov_0.06_gateasym_0.00_w_4.0_0_2025_08_11_05_35_39,./scripts/die1-1_full_sweep\die_x_1_y_-1\gax_mod_fet_tlm_pmos_lc_0.40_lch_0.20_lov_0.06_gateasym_0.00_w_4.0_0_2025_08_11_05_35_39,pmos,0.4,0.2,0.06,0.0,4.0,0
gax_mod_fet_tlm_pmos_lc_0.40_lch_0.20_lov_0.06_gateasym_0.00_w_4.0_10_2025_08_11_05_28_24,./scripts/die1-1_full_sweep\die_x_1_y_-1\gax_mod_fet_tlm_pmos_lc_0.40_lch_0.20_lov_0.06_gateasym_0.00_w_4.0_10_2025_08_11_05_28_24,pmos,0.4,0.2,0.06,0.0,4.0,10
gax_mod_fet_tlm_pmos_lc_0.40_lch_0.20_lov_0.06_gateasym_0.00_w_4.0_11_2025_08_11_05_27_40,./scripts/die1-1_full_sweep\die_x_1_y_-1\gax_mod_fet_tlm_pmos_lc_0.40_lch_0.20_lov_0.06_gateasym_0.00_w_4.0_11_2025_08_11_05_27_40,pmos,0.4,0.2,0.06,0.0,4.0,11
gax_mod_fet_tlm_pmos_lc_0.40_lch_0.20_lov_0.06_gateasym_0.00_w_4.0_12_2025_08_11_05_26_57,./scripts/die1-1_full_sweep\die_x_1_y_-1\gax_mod_fet_tlm_pmos_lc_0.40_lch_0.20_lov_0.06_gateasym_0.00_w_4.0_12_2025_08_11_05_26_57,pmos,0.4,0.2,0.06,0.0,4.0,12
gax_mod_fet_tlm_pmos_lc_0.40_lch_0.20_lov_0.06_gateasym_0.00_w_4.0_13_2025_08_11_05_26_13,./scripts/die1-1_full_sweep\die_x_1_y_-1\gax_mod_fet_tlm_pmos_lc_0.40_lch_0.20_lov_0.06_gateasym_0.00_w_4.0_13_2025_08_11_05_26_13,pmos,0.4,0.2,0.06,0.0,4.0,13
gax_mod_fet_tlm_pmos_lc_0.40_lch_0.20_lov_0.06_gateasym_0.00_w_4.0_14_2025_08_11_05_25_29,./scripts/die1-1_full_sweep\die_x_1_y_-1\gax_mod_fet_tlm_pmos_lc_0.40_lch_0.20_lov_0.06_gateasym_0.00_w_4.0_14_2025_08_11_05_25_29,pmos,0.4,0.2,0.06,0.0,4.0,14
gax_mod_fet_tlm_pmos_lc_0.40_lch_0.20_lov_0.06_gateasym_0.00_w_4.0_15_2025_08_11_05_24_46,./scripts/die1-1_full_sweep\die_x_1_y_-1\gax_mod_fet_tlm_pmos_lc_0.40_lch_0.20_lov_0.06_gateasym_0.00_w_4.0_15_2025_08_11_05_24_46,pmos,0.4,0.2,0.06,0.0,4.0,15
gax_mod_fet_tlm_pmos_lc_0.40_lch_0.20_lov_0.06_gateasym_0.00_w_4.0_16_2025_08_11_05_24_02,./scripts/die1-1_full_sweep\die_x_1_y_-1\gax_mod_fet_tlm_pmos_lc_0.40_lch_0.20_lov_0.06_gateasym_0.00_w_4.0_16_2025_08_11_05_24_02,pmos,0.4,0.2,0.06,0.0,4.0,16
gax_mod_fet_tlm_pmos_lc_0.40_lch_0.20_lov_0.06_gateasym_0.00_w_4.0_17_2025_08_11_05_23_18,./scripts/die1-1_full_sweep\die_x_1_y_-1\gax_mod_fet_tlm_pmos_lc_0.40_lch_0.20_lov_0.06_gateasym_0.00_w_4.0_17_2025_08_11_05_23_18,pmos,0.4,0.2,0.06,0.0,4.0,17
gax_mod_fet_tlm_pmos_lc_0.40_lch_0.20_lov_0.06_gateasym_0.00_w_4.0_18_2025_08_11_05_22_35,./scripts/die1-1_full_sweep\die_x_1_y_-1\gax_mod_fet_tlm_pmos_lc_0.40_lch_0.20_lov_0.06_gateasym_0.00_w_4.0_18_2025_08_11_05_22_35,pmos,0.4,0.2,0.06,0.0,4.0,18
gax_mod_fet_tlm_pmos_lc_0.40_lch_0.20_lov_0.06_gateasym_0.00_w_4.0_19_2025_08_11_05_21_51,./scripts/die1-1_full_sweep\die_x_1_y_-1\gax_mod_fet_tlm_pmos_lc_0.40_lch_0.20_lov_0.06_gateasym_0.00_w_4.0_19_2025_08_11_05_21_51,pmos,0.4,0.2,0.06,0.0,4.0,19
gax_mod_fet_tlm_pmos_lc_0.40_lch_0.20_lov_0.06_gateasym_0.00_w_4.0_1_2025_08_11_05_34_56,./scripts/die1-1_full_sweep\die_x_1_y_-1\gax_mod_fet_tlm_pmos_lc_0.40_lch_0.20_lov_0.06_gateasym_0.00_w_4.0_1_2025_08_11_05_34_56,pmos,0.4,0.2,0.06,0.0,4.0,1
gax_mod_fet_tlm_pmos_lc_0.40_lch_0.20_lov_0.06_gateasym_0.00_w_4.0_20_2025_08_11_05_21_07,./scripts/die1-1_full_sweep\die_x_1_y_-1\gax_mod_fet_tlm_pmos_lc_0.40_lch_0.20_lov_0.06_gateasym_0.00_w_4.0_20_2025_08_11_05_21_07,pmos,0.4,0.2,0.06,0.0,4.0,20
gax_mod_fet_tlm_pmos_lc_0.40_lch_0.20_lov_0.06_gateasym_0.00_w_4.0_21_2025_08_11_05_20_24,./scripts/die1-1_full_sweep\die_x_1_y_-1\gax_mod_fet_tlm_pmos_lc_0.40_lch_0.20_lov_0.06_gateasym_0.00_w_4.0_21_2025_08_11_05_20_24,pmos,0.4,0.2,0.06,0.0,4.0,21
gax_mod_fet_tlm_pmos_lc_0.40_lch_0.20_lov_0.06_gateasym_0.00_w_4.0_22_2025_08_11_05_19_41,./scripts/die1-1_full_sweep\die_x_1_y_-1\gax_mod_fet_tlm_pmos_lc_0.40_lch_0.20_lov_0.06_gateasym_0.00_w_4.0_22_2025_08_11_05_19_41,pmos,0.4,0.2,0.06,0.0,4.0,22
gax_mod_fet_tlm_pmos_lc_0.40_lch_0.20_lov_0.06_gateasym_0.00_w_4.0_23_2025_08_11_05_18_57,./scripts/die1-1_full_sweep\die_x_1_y_-1\gax_mod_fet_tlm_pmos_lc_0.40_lch_0.20_lov_0.06_gateasym_0.00_w_4.0_23_2025_08_11_05_18_57,pmos,0.4,0.2,0.06,0.0,4.0,23
gax_mod_fet_tlm_pmos_lc_0.40_lch_0.20_lov_0.06_gateasym_0.00_w_4.0_2_2025_08_11_05_34_12,./scripts/die1-1_full_sweep\die_x_1_y_-1\gax_mod_fet_tlm_pmos_lc_0.40_lch_0.20_lov_0.06_gateasym_0.00_w_4.0_2_2025_08_11_05_34_12,pmos,0.4,0.2,0.06,0.0,4.0,2
gax_mod_fet_tlm_pmos_lc_0.40_lch_0.20_lov_0.06_gateasym_0.00_w_4.0_3_2025_08_11_05_33_29,./scripts/die1-1_full_sweep\die_x_1_y_-1\gax_mod_fet_tlm_pmos_lc_0.40_lch_0.20_lov_0.06_gateasym_0.00_w_4.0_3_2025_08_11_05_33_29,pmos,0.4,0.2,0.06,0.0,4.0,3
gax_mod_fet_tlm_pmos_lc_0.40_lch_0.20_lov_0.06_gateasym_0.00_w_4.0_4_2025_08_11_05_32_45,./scripts/die1-1_full_sweep\die_x_1_y_-1\gax_mod_fet_tlm_pmos_lc_0.40_lch_0.20_lov_0.06_gateasym_0.00_w_4.0_4_2025_08_11_05_32_45,pmos,0.4,0.2,0.06,0.0,4.0,4
gax_mod_fet_tlm_pmos_lc_0.40_lch_0.20_lov_0.06_gateasym_0.00_w_4.0_5_2025_08_11_05_32_01,./scripts/die1-1_full_sweep\die_x_1_y_-1\gax_mod_fet_tlm_pmos_lc_0.40_lch_0.20_lov_0.06_gateasym_0.00_w_4.0_5_2025_08_11_05_32_01,pmos,0.4,0.2,0.06,0.0,4.0,5
gax_mod_fet_tlm_pmos_lc_0.40_lch_0.20_lov_0.06_gateasym_0.00_w_4.0_6_2025_08_11_05_31_17,./scripts/die1-1_full_sweep\die_x_1_y_-1\gax_mod_fet_tlm_pmos_lc_0.40_lch_0.20_lov_0.06_gateasym_0.00_w_4.0_6_2025_08_11_05_31_17,pmos,0.4,0.2,0.06,0.0,4.0,6
gax_mod_fet_tlm_pmos_lc_0.40_lch_0.20_lov_0.06_gateasym_0.00_w_4.0_7_2025_08_11_05_30_34,./scripts/die1-1_full_sweep\die_x_1_y_-1\gax_mod_fet_tlm_pmos_lc_0.40_lch_0.20_lov_0.06_gateasym_0.00_w_4.0_7_2025_08_11_05_30_34,pmos,0.4,0.2,0.06,0.0,4.0,7
gax_mod_fet_tlm_pmos_lc_0.40_lch_0.20_lov_0.06_gateasym_0.00_w_4.0_8_2025_08_11_05_29_51,./scripts/die1-1_full_sweep\die_x_1_y_-1\gax_mod_fet_tlm_pmos_lc_0.40_lch_0.20_lov_0.06_gateasym_0.00_w_4.0_8_2025_08_11_05_29_51,pmos,0.4,0.2,0.06,0.0,4.0,8
gax_mod_fet_tlm_pmos_lc_0.40_lch_0.20_lov_0.06_gateasym_0.00_w_4.0_9_2025_08_11_05_29_07,./scripts/die1-1_full_sweep\die_x_1_y_-1\gax_mod_fet_tlm_pmos_lc_0.40_lch_0.20_lov_0.06_gateasym_0.00_w_4.0_9_2025_08_11_05_29_07,pmos,0.4,0.2,0.06,0.0,4.0,9
gax_mod_fet_tlm_pmos_lc_0.40_lch_0.40_lov_0.06_gateasym_0.00_w_4.0_0_2025_08_11_05_00_48,./scripts/die1-1_full_sweep\die_x_1_y_-1\gax_mod_fet_tlm_pmos_lc_0.40_lch_0.40_lov_0.06_gateasym_0.00_w_4.0_0_2025_08_11_05_00_48,pmos,0.4,0.4,0.06,0.0,4.0,0
gax_mod_fet_tlm_pmos_lc_0.40_lch_0.40_lov_0.06_gateasym_0.00_w_4.0_10_2025_08_11_04_53_32,./scripts/die1-1_full_sweep\die_x_1_y_-1\gax_mod_fet_tlm_pmos_lc_0.40_lch_0.40_lov_0.06_gateasym_0.00_w_4.0_10_2025_08_11_04_53_32,pmos,0.4,0.4,0.06,0.0,4.0,10
gax_mod_fet_tlm_pmos_lc_0.40_lch_0.40_lov_0.06_gateasym_0.00_w_4.0_11_2025_08_11_04_52_48,./scripts/die1-1_full_sweep\die_x_1_y_-1\gax_mod_fet_tlm_pmos_lc_0.40_lch_0.40_lov_0.06_gateasym_0.00_w_4.0_11_2025_08_11_04_52_48,pmos,0.4,0.4,0.06,0.0,4.0,11
gax_mod_fet_tlm_pmos_lc_0.40_lch_0.40_lov_0.06_gateasym_0.00_w_4.0_12_2025_08_11_04_52_05,./scripts/die1-1_full_sweep\die_x_1_y_-1\gax_mod_fet_tlm_pmos_lc_0.40_lch_0.40_lov_0.06_gateasym_0.00_w_4.0_12_2025_08_11_04_52_05,pmos,0.4,0.4,0.06,0.0,4.0,12
gax_mod_fet_tlm_pmos_lc_0.40_lch_0.40_lov_0.06_gateasym_0.00_w_4.0_13_2025_08_11_04_51_21,./scripts/die1-1_full_sweep\die_x_1_y_-1\gax_mod_fet_tlm_pmos_lc_0.40_lch_0.40_lov_0.06_gateasym_0.00_w_4.0_13_2025_08_11_04_51_21,pmos,0.4,0.4,0.06,0.0,4.0,13
gax_mod_fet_tlm_pmos_lc_0.40_lch_0.40_lov_0.06_gateasym_0.00_w_4.0_14_2025_08_11_04_50_37,./scripts/die1-1_full_sweep\die_x_1_y_-1\gax_mod_fet_tlm_pmos_lc_0.40_lch_0.40_lov_0.06_gateasym_0.00_w_4.0_14_2025_08_11_04_50_37,pmos,0.4,0.4,0.06,0.0,4.0,14
gax_mod_fet_tlm_pmos_lc_0.40_lch_0.40_lov_0.06_gateasym_0.00_w_4.0_15_2025_08_11_04_49_53,./scripts/die1-1_full_sweep\die_x_1_y_-1\gax_mod_fet_tlm_pmos_lc_0.40_lch_0.40_lov_0.06_gateasym_0.00_w_4.0_15_2025_08_11_04_49_53,pmos,0.4,0.4,0.06,0.0,4.0,15
gax_mod_fet_tlm_pmos_lc_0.40_lch_0.40_lov_0.06_gateasym_0.00_w_4.0_16_2025_08_11_04_49_10,./scripts/die1-1_full_sweep\die_x_1_y_-1\gax_mod_fet_tlm_pmos_lc_0.40_lch_0.40_lov_0.06_gateasym_0.00_w_4.0_16_2025_08_11_04_49_10,pmos,0.4,0.4,0.06,0.0,4.0,16
gax_mod_fet_tlm_pmos_lc_0.40_lch_0.40_lov_0.06_gateasym_0.00_w_4.0_17_2025_08_11_04_48_27,./scripts/die1-1_full_sweep\die_x_1_y_-1\gax_mod_fet_tlm_pmos_lc_0.40_lch_0.40_lov_0.06_gateasym_0.00_w_4.0_17_2025_08_11_04_48_27,pmos,0.4,0.4,0.06,0.0,4.0,17
gax_mod_fet_tlm_pmos_lc_0.40_lch_0.40_lov_0.06_gateasym_0.00_w_4.0_18_2025_08_11_04_47_43,./scripts/die1-1_full_sweep\die_x_1_y_-1\gax_mod_fet_tlm_pmos_lc_0.40_lch_0.40_lov_0.06_gateasym_0.00_w_4.0_18_2025_08_11_04_47_43,pmos,0.4,0.4,0.06,0.0,4.0,18
gax_mod_fet_tlm_pmos_lc_0.40_lch_0.40_lov_0.06_gateasym_0.00_w_4.0_19_2025_08_11_04_46_59,./scripts/die1-1_full_sweep\die_x_1_y_-1\gax_mod_fet_tlm_pmos_lc_0.40_lch_0.40_lov_0.06_gateasym_0.00_w_4.0_19_2025_08_11_04_46_59,pmos,0.4,0.4,0.06,0.0,4.0,19
gax_mod_fet_tlm_pmos_lc_0.40_lch_0.40_lov_0.06_gateasym_0.00_w_4.0_1_2025_08_11_05_00_05,./scripts/die1-1_full_sweep\die_x_1_y_-1\gax_mod_fet_tlm_pmos_lc_0.40_lch_0.40_lov_0.06_gateasym_0.00_w_4.0_1_2025_08_11_05_00_05,pmos,0.4,0.4,0.06,0.0,4.0,1
gax_mod_fet_tlm_pmos_lc_0.40_lch_0.40_lov_0.06_gateasym_0.00_w_4.0_20_2025_08_11_04_46_16,./scripts/die1-1_full_sweep\die_x_1_y_-1\gax_mod_fet_tlm_pmos_lc_0.40_lch_0.40_lov_0.06_gateasym_0.00_w_4.0_20_2025_08_11_04_46_16,pmos,0.4,0.4,0.06,0.0,4.0,20
gax_mod_fet_tlm_pmos_lc_0.40_lch_0.40_lov_0.06_gateasym_0.00_w_4.0_21_2025_08_11_04_45_32,./scripts/die1-1_full_sweep\die_x_1_y_-1\gax_mod_fet_tlm_pmos_lc_0.40_lch_0.40_lov_0.06_gateasym_0.00_w_4.0_21_2025_08_11_04_45_32,pmos,0.4,0.4,0.06,0.0,4.0,21
gax_mod_fet_tlm_pmos_lc_0.40_lch_0.40_lov_0.06_gateasym_0.00_w_4.0_22_2025_08_11_04_44_48,./scripts/die1-1_full_sweep\die_x_1_y_-1\gax_mod_fet_tlm_pmos_lc_0.40_lch_0.40_lov_0.06_gateasym_0.00_w_4.0_22_2025_08_11_04_44_48,pmos,0.4,0.4,0.06,0.0,4.0,22
gax_mod_fet_tlm_pmos_lc_0.40_lch_0.40_lov_0.06_gateasym_0.00_w_4.0_23_2025_08_11_04_44_04,./scripts/die1-1_full_sweep\die_x_1_y_-1\gax_mod_fet_tlm_pmos_lc_0.40_lch_0.40_lov_0.06_gateasym_0.00_w_4.0_23_2025_08_11_04_44_04,pmos,0.4,0.4,0.06,0.0,4.0,23
gax_mod_fet_tlm_pmos_lc_0.40_lch_0.40_lov_0.06_gateasym_0.00_w_4.0_2_2025_08_11_04_59_21,./scripts/die1-1_full_sweep\die_x_1_y_-1\gax_mod_fet_tlm_pmos_lc_0.40_lch_0.40_lov_0.06_gateasym_0.00_w_4.0_2_2025_08_11_04_59_21,pmos,0.4,0.4,0.06,0.0,4.0,2
gax_mod_fet_tlm_pmos_lc_0.40_lch_0.40_lov_0.06_gateasym_0.00_w_4.0_3_2025_08_11_04_58_37,./scripts/die1-1_full_sweep\die_x_1_y_-1\gax_mod_fet_tlm_pmos_lc_0.40_lch_0.40_lov_0.06_gateasym_0.00_w_4.0_3_2025_08_11_04_58_37,pmos,0.4,0.4,0.06,0.0,4.0,3
gax_mod_fet_tlm_pmos_lc_0.40_lch_0.40_lov_0.06_gateasym_0.00_w_4.0_4_2025_08_11_04_57_54,./scripts/die1-1_full_sweep\die_x_1_y_-1\gax_mod_fet_tlm_pmos_lc_0.40_lch_0.40_lov_0.06_gateasym_0.00_w_4.0_4_2025_08_11_04_57_54,pmos,0.4,0.4,0.06,0.0,4.0,4
gax_mod_fet_tlm_pmos_lc_0.40_lch_0.40_lov_0.06_gateasym_0.00_w_4.0_5_2025_08_11_04_57_10,./scripts/die1-1_full_sweep\die_x_1_y_-1\gax_mod_fet_tlm_pmos_lc_0.40_lch_0.40_lov_0.06_gateasym_0.00_w_4.0_5_2025_08_11_04_57_10,pmos,0.4,0.4,0.06,0.0,4.0,5
gax_mod_fet_tlm_pmos_lc_0.40_lch_0.40_lov_0.06_gateasym_0.00_w_4.0_6_2025_08_11_04_56_27,./scripts/die1-1_full_sweep\die_x_1_y_-1\gax_mod_fet_tlm_pmos_lc_0.40_lch_0.40_lov_0.06_gateasym_0.00_w_4.0_6_2025_08_11_04_56_27,pmos,0.4,0.4,0.06,0.0,4.0,6
gax_mod_fet_tlm_pmos_lc_0.40_lch_0.40_lov_0.06_gateasym_0.00_w_4.0_7_2025_08_11_04_55_43,./scripts/die1-1_full_sweep\die_x_1_y_-1\gax_mod_fet_tlm_pmos_lc_0.40_lch_0.40_lov_0.06_gateasym_0.00_w_4.0_7_2025_08_11_04_55_43,pmos,0.4,0.4,0.06,0.0,4.0,7
gax_mod_fet_tlm_pmos_lc_0.40_lch_0.40_lov_0.06_gateasym_0.00_w_4.0_8_2025_08_11_04_54_59,./scripts/die1-1_full_sweep\die_x_1_y_-1\gax_mod_fet_tlm_pmos_lc_0.40_lch_0.40_lov_0.06_gateasym_0.00_w_4.0_8_2025_08_11_04_54_59,pmos,0.4,0.4,0.06,0.0,4.0,8
gax_mod_fet_tlm_pmos_lc_0.40_lch_0.40_lov_0.06_gateasym_0.00_w_4.0_9_2025_08_11_04_54_16,./scripts/die1-1_full_sweep\die_x_1_y_-1\gax_mod_fet_tlm_pmos_lc_0.40_lch_0.40_lov_0.06_gateasym_0.00_w_4.0_9_2025_08_11_04_54_16,pmos,0.4,0.4,0.06,0.0,4.0,9
