module id,category,module gds name,origin x [um],origin y [um],count,wchannel [nm],num fingers,lchannel [nm],lcontact [nm],loverlap [nm],gate asymmetry [nm],w_nmos [nm],w_pmos [nm],module description
'0000',TEST,mod_short_test_700_400_200,16350.0,0.0,1,0,None,0,0,0,0,None,None,"Contact metal short test (line widths = 700 nm, 400 nm, 200 nm)"
'0001',TEST,mod_short_test_160_120_100,16400.0,0.0,1,0,None,0,0,0,0,None,None,"Contact metal short test (line widths = 160 nm, 120 nm, 100 nm)"
'0002',TEST,mod_short_test_90_80_70,16450.0,0.0,1,0,None,0,0,0,0,None,None,"Contact metal short test (line widths = 90 nm, 80 nm, 70 nm)"
'0003',TEST,mod_via_etch_test_400,16500.0,0.0,1,0,None,0,0,0,0,None,None,"Via etch short test (via size = 400 nm)"
'0004',TEST,mod_via_etch_test_200,16550.0,0.0,1,0,None,0,0,0,0,None,None,"Via etch short test (via size = 200 nm)"
'0005',TEST,mod_via_etch_test_100,16600.0,0.0,1,0,None,0,0,0,0,None,None,"Via etch short test (via size = 100 nm)"
'0006',TEST,mod_res_lw_700_spacing_500,16700.0,0.0,1,0,None,0,0,0,0,None,None,"Resistor metal lines (line_width = 700 nm, spacing = 500 nm, num_lines = [11, 21, 31], line length = 40 um)"
'0007',TEST,mod_res_lw_160_spacing_200,16750.0,0.0,1,0,None,0,0,0,0,None,None,"Resistor metal lines (line_width = 160 nm, spacing = 200 nm, num_lines = [11, 21, 31], line length = 40 um)"
'0008',TEST,mod_res_lw_120_spacing_200,16800.0,0.0,1,0,None,0,0,0,0,None,None,"Resistor metal lines (line_width = 120 nm, spacing = 200 nm, num_lines = [11, 21, 31], line length = 40 um)"
'0009',TEST,mod_res_lw_80_spacing_140,16850.0,0.0,1,0,None,0,0,0,0,None,None,"Resistor metal lines (line_width = 80 nm, spacing = 140 nm, num_lines = [11, 21, 31], line length = 40 um)"
'0010',TEST,mod_res_lw_70_spacing_120,16900.0,0.0,1,0,None,0,0,0,0,None,None,"Resistor metal lines (line_width = 70 nm, spacing = 120 nm, num_lines = [11, 21, 31], line length = 40 um)"
'0011',TEST,mod_res_lw_60_spacing_100,16950.0,0.0,1,0,None,0,0,0,0,None,None,"Resistor metal lines (line_width = 60 nm, spacing = 100 nm, num_lines = [11, 21, 31], line length = 40 um)"
'0012',TEST,mod_mimcap_lw_750_spacing_250,17000.0,0.0,1,0,None,0,0,0,0,None,None,"MIM capacitor for gate dielectric (fill factor = 75%, size = [10, 20, 30] um)"
'0013',TEST,mod_mimcap_lw_500_spacing_500,17050.0,0.0,1,0,None,0,0,0,0,None,None,"MIM capacitor for gate dielectric (fill factor = 50%, size = [10, 20, 30] um)"
'0014',TEST,mod_mimcap_lw_250_spacing_750,17100.0,0.0,1,0,None,0,0,0,0,None,None,"MIM capacitor for gate dielectric (fill factor = 25%, size = [10, 20, 30] um)"
'0015',TEST,cap_offset_horizontal_-50,17200.0,0.0,1,0,None,0,0,0,0,None,None,"Photo offset cap test (direction = horizontal, offset = -50 nm)"
'0016',TEST,cap_offset_horizontal_-40,17250.0,0.0,1,0,None,0,0,0,0,None,None,"Photo offset cap test (direction = horizontal, offset = -40 nm)"
'0017',TEST,cap_offset_horizontal_-30,17300.0,0.0,1,0,None,0,0,0,0,None,None,"Photo offset cap test (direction = horizontal, offset = -30 nm)"
'0018',TEST,cap_offset_horizontal_-20,17350.0,0.0,1,0,None,0,0,0,0,None,None,"Photo offset cap test (direction = horizontal, offset = -20 nm)"
'0019',TEST,cap_offset_horizontal_-10,17400.0,0.0,1,0,None,0,0,0,0,None,None,"Photo offset cap test (direction = horizontal, offset = -10 nm)"
'0020',TEST,cap_offset_horizontal_0,17450.0,0.0,1,0,None,0,0,0,0,None,None,"Photo offset cap test (direction = horizontal, offset = 0 nm)"
'0021',TEST,cap_offset_horizontal_10,17500.0,0.0,1,0,None,0,0,0,0,None,None,"Photo offset cap test (direction = horizontal, offset = 10 nm)"
'0022',TEST,cap_offset_horizontal_20,17550.0,0.0,1,0,None,0,0,0,0,None,None,"Photo offset cap test (direction = horizontal, offset = 20 nm)"
'0023',TEST,cap_offset_horizontal_30,17600.0,0.0,1,0,None,0,0,0,0,None,None,"Photo offset cap test (direction = horizontal, offset = 30 nm)"
'0024',TEST,cap_offset_horizontal_40,17650.0,0.0,1,0,None,0,0,0,0,None,None,"Photo offset cap test (direction = horizontal, offset = 40 nm)"
'0025',TEST,cap_offset_horizontal_50,17700.0,0.0,1,0,None,0,0,0,0,None,None,"Photo offset cap test (direction = horizontal, offset = 50 nm)"
'0026',TEST,cap_offset_vertical_-50,17800.0,0.0,1,0,None,0,0,0,0,None,None,"Photo offset cap test (direction = vertical, offset = -50 nm)"
'0027',TEST,cap_offset_vertical_-40,17850.0,0.0,1,0,None,0,0,0,0,None,None,"Photo offset cap test (direction = vertical, offset = -40 nm)"
'0028',TEST,cap_offset_vertical_-30,17900.0,0.0,1,0,None,0,0,0,0,None,None,"Photo offset cap test (direction = vertical, offset = -30 nm)"
'0029',TEST,cap_offset_vertical_-20,17950.0,0.0,1,0,None,0,0,0,0,None,None,"Photo offset cap test (direction = vertical, offset = -20 nm)"
'0030',TEST,cap_offset_vertical_-10,18000.0,0.0,1,0,None,0,0,0,0,None,None,"Photo offset cap test (direction = vertical, offset = -10 nm)"
'0031',TEST,cap_offset_vertical_0,18050.0,0.0,1,0,None,0,0,0,0,None,None,"Photo offset cap test (direction = vertical, offset = 0 nm)"
'0032',TEST,cap_offset_vertical_10,18100.0,0.0,1,0,None,0,0,0,0,None,None,"Photo offset cap test (direction = vertical, offset = 10 nm)"
'0033',TEST,cap_offset_vertical_20,18150.0,0.0,1,0,None,0,0,0,0,None,None,"Photo offset cap test (direction = vertical, offset = 20 nm)"
'0034',TEST,cap_offset_vertical_30,18200.0,0.0,1,0,None,0,0,0,0,None,None,"Photo offset cap test (direction = vertical, offset = 30 nm)"
'0035',TEST,cap_offset_vertical_40,18250.0,0.0,1,0,None,0,0,0,0,None,None,"Photo offset cap test (direction = vertical, offset = 40 nm)"
'0036',TEST,cap_offset_vertical_50,18300.0,0.0,1,0,None,0,0,0,0,None,None,"Photo offset cap test (direction = vertical, offset = 50 nm)"
'0037',TEST,mod_cnt4pp_n_contact,18400.0,0.0,1,0,None,0,0,0,0,None,None,"CNT 4 point probe (patch width = 2000 nm, 4000 nm, 8000 nm)"
'0038',TEST,mod_cnt4pp_p_contact,18500.0,0.0,1,0,None,0,0,0,0,None,None,"CNT 4 point probe (patch width = 2000 nm, 4000 nm, 8000 nm)"
'1000',FET,mod_dummy_fet_tlm_nmos_lc_0.40_lch_0.40_lov_0.06_gateasym_0.00_w_4.0,0,0,1,4000.0,None,400.0,400.0,60.0,0.0,None,None,"(DUMMY) 3-Terminal FETs NMOS Pads are ordered (from bottom-to-top): S, D, G, S, D, G, S, D, G, S, D, G"
'1001',FET,mod_dummy_fet_tlm_pmos_lc_0.40_lch_0.40_lov_0.06_gateasym_0.00_w_4.0,50,0,1,4000.0,None,400.0,400.0,60.0,0.0,None,None,"(DUMMY) 3-Terminal FETs PMOS Pads are ordered (from bottom-to-top): S, D, G, S, D, G, S, D, G, S, D, G"
'1002',FET,mod_dummy_fet_tlm_nmos_lc_0.40_lch_0.20_lov_0.06_gateasym_0.00_w_4.0,100,0,1,4000.0,None,200.0,400.0,60.0,0.0,None,None,"(DUMMY) 3-Terminal FETs NMOS Pads are ordered (from bottom-to-top): S, D, G, S, D, G, S, D, G, S, D, G"
'1003',FET,mod_dummy_fet_tlm_pmos_lc_0.40_lch_0.20_lov_0.06_gateasym_0.00_w_4.0,150,0,1,4000.0,None,200.0,400.0,60.0,0.0,None,None,"(DUMMY) 3-Terminal FETs PMOS Pads are ordered (from bottom-to-top): S, D, G, S, D, G, S, D, G, S, D, G"
'1004',FET,mod_dummy_fet_tlm_nmos_lc_0.40_lch_0.16_lov_0.06_gateasym_0.00_w_4.0,200,0,1,4000.0,None,160.0,400.0,60.0,0.0,None,None,"(DUMMY) 3-Terminal FETs NMOS Pads are ordered (from bottom-to-top): S, D, G, S, D, G, S, D, G, S, D, G"
'1005',FET,mod_dummy_fet_tlm_pmos_lc_0.40_lch_0.16_lov_0.06_gateasym_0.00_w_4.0,250,0,1,4000.0,None,160.0,400.0,60.0,0.0,None,None,"(DUMMY) 3-Terminal FETs PMOS Pads are ordered (from bottom-to-top): S, D, G, S, D, G, S, D, G, S, D, G"
'1006',FET,mod_dummy_fet_tlm_nmos_lc_0.40_lch_0.14_lov_0.06_gateasym_0.00_w_4.0,300,0,1,4000.0,None,140.0,400.0,60.0,0.0,None,None,"(DUMMY) 3-Terminal FETs NMOS Pads are ordered (from bottom-to-top): S, D, G, S, D, G, S, D, G, S, D, G"
'1007',FET,mod_dummy_fet_tlm_pmos_lc_0.40_lch_0.14_lov_0.06_gateasym_0.00_w_4.0,350,0,1,4000.0,None,140.0,400.0,60.0,0.0,None,None,"(DUMMY) 3-Terminal FETs PMOS Pads are ordered (from bottom-to-top): S, D, G, S, D, G, S, D, G, S, D, G"
'1008',FET,mod_dummy_fet_tlm_nmos_lc_0.40_lch_0.12_lov_0.06_gateasym_0.00_w_4.0,400,0,1,4000.0,None,120.0,400.0,60.0,0.0,None,None,"(DUMMY) 3-Terminal FETs NMOS Pads are ordered (from bottom-to-top): S, D, G, S, D, G, S, D, G, S, D, G"
'1009',FET,mod_dummy_fet_tlm_pmos_lc_0.40_lch_0.12_lov_0.06_gateasym_0.00_w_4.0,450,0,1,4000.0,None,120.0,400.0,60.0,0.0,None,None,"(DUMMY) 3-Terminal FETs PMOS Pads are ordered (from bottom-to-top): S, D, G, S, D, G, S, D, G, S, D, G"
'1010',FET,mod_dummy_fet_tlm_nmos_lc_0.40_lch_0.10_lov_0.06_gateasym_0.00_w_4.0,500,0,1,4000.0,None,100.0,400.0,60.0,0.0,None,None,"(DUMMY) 3-Terminal FETs NMOS Pads are ordered (from bottom-to-top): S, D, G, S, D, G, S, D, G, S, D, G"
'1011',FET,mod_dummy_fet_tlm_pmos_lc_0.40_lch_0.10_lov_0.06_gateasym_0.00_w_4.0,550,0,1,4000.0,None,100.0,400.0,60.0,0.0,None,None,"(DUMMY) 3-Terminal FETs PMOS Pads are ordered (from bottom-to-top): S, D, G, S, D, G, S, D, G, S, D, G"
'1012',FET,mod_dummy_fet_tlm_nmos_lc_0.40_lch_0.08_lov_0.06_gateasym_0.00_w_4.0,600,0,1,4000.0,None,80.0,400.0,60.0,0.0,None,None,"(DUMMY) 3-Terminal FETs NMOS Pads are ordered (from bottom-to-top): S, D, G, S, D, G, S, D, G, S, D, G"
'1013',FET,mod_dummy_fet_tlm_pmos_lc_0.40_lch_0.08_lov_0.06_gateasym_0.00_w_4.0,650,0,1,4000.0,None,80.0,400.0,60.0,0.0,None,None,"(DUMMY) 3-Terminal FETs PMOS Pads are ordered (from bottom-to-top): S, D, G, S, D, G, S, D, G, S, D, G"
'1014',FET,mod_dummy_fet_tlm_nmos_lc_0.40_lch_0.07_lov_0.06_gateasym_0.00_w_4.0,700,0,1,4000.0,None,70.0,400.0,60.0,0.0,None,None,"(DUMMY) 3-Terminal FETs NMOS Pads are ordered (from bottom-to-top): S, D, G, S, D, G, S, D, G, S, D, G"
'1015',FET,mod_dummy_fet_tlm_pmos_lc_0.40_lch_0.07_lov_0.06_gateasym_0.00_w_4.0,750,0,1,4000.0,None,70.0,400.0,60.0,0.0,None,None,"(DUMMY) 3-Terminal FETs PMOS Pads are ordered (from bottom-to-top): S, D, G, S, D, G, S, D, G, S, D, G"
'1016',FET,mod_dummy_fet_tlm_nmos_lc_0.40_lch_0.06_lov_0.06_gateasym_0.00_w_4.0,800,0,1,4000.0,None,60.0,400.0,60.0,0.0,None,None,"(DUMMY) 3-Terminal FETs NMOS Pads are ordered (from bottom-to-top): S, D, G, S, D, G, S, D, G, S, D, G"
'1017',FET,mod_dummy_fet_tlm_pmos_lc_0.40_lch_0.06_lov_0.06_gateasym_0.00_w_4.0,850,0,1,4000.0,None,60.0,400.0,60.0,0.0,None,None,"(DUMMY) 3-Terminal FETs PMOS Pads are ordered (from bottom-to-top): S, D, G, S, D, G, S, D, G, S, D, G"
'1018',FET,mod_dummy_fet_tlm_nmos_lc_0.20_lch_0.40_lov_0.06_gateasym_0.00_w_4.0,900,0,1,4000.0,None,400.0,200.0,60.0,0.0,None,None,"(DUMMY) 3-Terminal FETs NMOS Pads are ordered (from bottom-to-top): S, D, G, S, D, G, S, D, G, S, D, G"
'1019',FET,mod_dummy_fet_tlm_pmos_lc_0.20_lch_0.40_lov_0.06_gateasym_0.00_w_4.0,950,0,1,4000.0,None,400.0,200.0,60.0,0.0,None,None,"(DUMMY) 3-Terminal FETs PMOS Pads are ordered (from bottom-to-top): S, D, G, S, D, G, S, D, G, S, D, G"
'1020',FET,mod_dummy_fet_tlm_nmos_lc_0.20_lch_0.20_lov_0.06_gateasym_0.00_w_4.0,1000,0,1,4000.0,None,200.0,200.0,60.0,0.0,None,None,"(DUMMY) 3-Terminal FETs NMOS Pads are ordered (from bottom-to-top): S, D, G, S, D, G, S, D, G, S, D, G"
'1021',FET,mod_dummy_fet_tlm_pmos_lc_0.20_lch_0.20_lov_0.06_gateasym_0.00_w_4.0,1050,0,1,4000.0,None,200.0,200.0,60.0,0.0,None,None,"(DUMMY) 3-Terminal FETs PMOS Pads are ordered (from bottom-to-top): S, D, G, S, D, G, S, D, G, S, D, G"
'1022',FET,mod_dummy_fet_tlm_nmos_lc_0.20_lch_0.16_lov_0.06_gateasym_0.00_w_4.0,1100,0,1,4000.0,None,160.0,200.0,60.0,0.0,None,None,"(DUMMY) 3-Terminal FETs NMOS Pads are ordered (from bottom-to-top): S, D, G, S, D, G, S, D, G, S, D, G"
'1023',FET,mod_dummy_fet_tlm_pmos_lc_0.20_lch_0.16_lov_0.06_gateasym_0.00_w_4.0,1150,0,1,4000.0,None,160.0,200.0,60.0,0.0,None,None,"(DUMMY) 3-Terminal FETs PMOS Pads are ordered (from bottom-to-top): S, D, G, S, D, G, S, D, G, S, D, G"
'1024',FET,mod_dummy_fet_tlm_nmos_lc_0.20_lch_0.14_lov_0.06_gateasym_0.00_w_4.0,1200,0,1,4000.0,None,140.0,200.0,60.0,0.0,None,None,"(DUMMY) 3-Terminal FETs NMOS Pads are ordered (from bottom-to-top): S, D, G, S, D, G, S, D, G, S, D, G"
'1025',FET,mod_dummy_fet_tlm_pmos_lc_0.20_lch_0.14_lov_0.06_gateasym_0.00_w_4.0,1250,0,1,4000.0,None,140.0,200.0,60.0,0.0,None,None,"(DUMMY) 3-Terminal FETs PMOS Pads are ordered (from bottom-to-top): S, D, G, S, D, G, S, D, G, S, D, G"
'1026',FET,mod_dummy_fet_tlm_nmos_lc_0.20_lch_0.12_lov_0.06_gateasym_0.00_w_4.0,1300,0,1,4000.0,None,120.0,200.0,60.0,0.0,None,None,"(DUMMY) 3-Terminal FETs NMOS Pads are ordered (from bottom-to-top): S, D, G, S, D, G, S, D, G, S, D, G"
'1027',FET,mod_dummy_fet_tlm_pmos_lc_0.20_lch_0.12_lov_0.06_gateasym_0.00_w_4.0,1350,0,1,4000.0,None,120.0,200.0,60.0,0.0,None,None,"(DUMMY) 3-Terminal FETs PMOS Pads are ordered (from bottom-to-top): S, D, G, S, D, G, S, D, G, S, D, G"
'1028',FET,mod_dummy_fet_tlm_nmos_lc_0.20_lch_0.10_lov_0.06_gateasym_0.00_w_4.0,1400,0,1,4000.0,None,100.0,200.0,60.0,0.0,None,None,"(DUMMY) 3-Terminal FETs NMOS Pads are ordered (from bottom-to-top): S, D, G, S, D, G, S, D, G, S, D, G"
'1029',FET,mod_dummy_fet_tlm_pmos_lc_0.20_lch_0.10_lov_0.06_gateasym_0.00_w_4.0,1450,0,1,4000.0,None,100.0,200.0,60.0,0.0,None,None,"(DUMMY) 3-Terminal FETs PMOS Pads are ordered (from bottom-to-top): S, D, G, S, D, G, S, D, G, S, D, G"
'1030',FET,mod_dummy_fet_tlm_nmos_lc_0.20_lch_0.08_lov_0.06_gateasym_0.00_w_4.0,1500,0,1,4000.0,None,80.0,200.0,60.0,0.0,None,None,"(DUMMY) 3-Terminal FETs NMOS Pads are ordered (from bottom-to-top): S, D, G, S, D, G, S, D, G, S, D, G"
'1031',FET,mod_dummy_fet_tlm_pmos_lc_0.20_lch_0.08_lov_0.06_gateasym_0.00_w_4.0,1550,0,1,4000.0,None,80.0,200.0,60.0,0.0,None,None,"(DUMMY) 3-Terminal FETs PMOS Pads are ordered (from bottom-to-top): S, D, G, S, D, G, S, D, G, S, D, G"
'1032',FET,mod_dummy_fet_tlm_nmos_lc_0.20_lch_0.07_lov_0.06_gateasym_0.00_w_4.0,1600,0,1,4000.0,None,70.0,200.0,60.0,0.0,None,None,"(DUMMY) 3-Terminal FETs NMOS Pads are ordered (from bottom-to-top): S, D, G, S, D, G, S, D, G, S, D, G"
'1033',FET,mod_dummy_fet_tlm_pmos_lc_0.20_lch_0.07_lov_0.06_gateasym_0.00_w_4.0,1650,0,1,4000.0,None,70.0,200.0,60.0,0.0,None,None,"(DUMMY) 3-Terminal FETs PMOS Pads are ordered (from bottom-to-top): S, D, G, S, D, G, S, D, G, S, D, G"
'1034',FET,mod_dummy_fet_tlm_nmos_lc_0.20_lch_0.06_lov_0.06_gateasym_0.00_w_4.0,1700,0,1,4000.0,None,60.0,200.0,60.0,0.0,None,None,"(DUMMY) 3-Terminal FETs NMOS Pads are ordered (from bottom-to-top): S, D, G, S, D, G, S, D, G, S, D, G"
'1035',FET,mod_dummy_fet_tlm_pmos_lc_0.20_lch_0.06_lov_0.06_gateasym_0.00_w_4.0,1750,0,1,4000.0,None,60.0,200.0,60.0,0.0,None,None,"(DUMMY) 3-Terminal FETs PMOS Pads are ordered (from bottom-to-top): S, D, G, S, D, G, S, D, G, S, D, G"
'1036',FET,mod_dummy_fet_tlm_nmos_lc_0.16_lch_0.40_lov_0.06_gateasym_0.00_w_4.0,1800,0,1,4000.0,None,400.0,160.0,60.0,0.0,None,None,"(DUMMY) 3-Terminal FETs NMOS Pads are ordered (from bottom-to-top): S, D, G, S, D, G, S, D, G, S, D, G"
'1037',FET,mod_dummy_fet_tlm_pmos_lc_0.16_lch_0.40_lov_0.06_gateasym_0.00_w_4.0,1850,0,1,4000.0,None,400.0,160.0,60.0,0.0,None,None,"(DUMMY) 3-Terminal FETs PMOS Pads are ordered (from bottom-to-top): S, D, G, S, D, G, S, D, G, S, D, G"
'1038',FET,mod_dummy_fet_tlm_nmos_lc_0.16_lch_0.20_lov_0.06_gateasym_0.00_w_4.0,1900,0,1,4000.0,None,200.0,160.0,60.0,0.0,None,None,"(DUMMY) 3-Terminal FETs NMOS Pads are ordered (from bottom-to-top): S, D, G, S, D, G, S, D, G, S, D, G"
'1039',FET,mod_dummy_fet_tlm_pmos_lc_0.16_lch_0.20_lov_0.06_gateasym_0.00_w_4.0,1950,0,1,4000.0,None,200.0,160.0,60.0,0.0,None,None,"(DUMMY) 3-Terminal FETs PMOS Pads are ordered (from bottom-to-top): S, D, G, S, D, G, S, D, G, S, D, G"
'1040',FET,mod_dummy_fet_tlm_nmos_lc_0.16_lch_0.16_lov_0.06_gateasym_0.00_w_4.0,2000,0,1,4000.0,None,160.0,160.0,60.0,0.0,None,None,"(DUMMY) 3-Terminal FETs NMOS Pads are ordered (from bottom-to-top): S, D, G, S, D, G, S, D, G, S, D, G"
'1041',FET,mod_dummy_fet_tlm_pmos_lc_0.16_lch_0.16_lov_0.06_gateasym_0.00_w_4.0,2050,0,1,4000.0,None,160.0,160.0,60.0,0.0,None,None,"(DUMMY) 3-Terminal FETs PMOS Pads are ordered (from bottom-to-top): S, D, G, S, D, G, S, D, G, S, D, G"
'1042',FET,mod_dummy_fet_tlm_nmos_lc_0.16_lch_0.14_lov_0.06_gateasym_0.00_w_4.0,2100,0,1,4000.0,None,140.0,160.0,60.0,0.0,None,None,"(DUMMY) 3-Terminal FETs NMOS Pads are ordered (from bottom-to-top): S, D, G, S, D, G, S, D, G, S, D, G"
'1043',FET,mod_dummy_fet_tlm_pmos_lc_0.16_lch_0.14_lov_0.06_gateasym_0.00_w_4.0,2150,0,1,4000.0,None,140.0,160.0,60.0,0.0,None,None,"(DUMMY) 3-Terminal FETs PMOS Pads are ordered (from bottom-to-top): S, D, G, S, D, G, S, D, G, S, D, G"
'1044',FET,mod_dummy_fet_tlm_nmos_lc_0.16_lch_0.12_lov_0.06_gateasym_0.00_w_4.0,2200,0,1,4000.0,None,120.0,160.0,60.0,0.0,None,None,"(DUMMY) 3-Terminal FETs NMOS Pads are ordered (from bottom-to-top): S, D, G, S, D, G, S, D, G, S, D, G"
'1045',FET,mod_dummy_fet_tlm_pmos_lc_0.16_lch_0.12_lov_0.06_gateasym_0.00_w_4.0,2250,0,1,4000.0,None,120.0,160.0,60.0,0.0,None,None,"(DUMMY) 3-Terminal FETs PMOS Pads are ordered (from bottom-to-top): S, D, G, S, D, G, S, D, G, S, D, G"
'1046',FET,mod_dummy_fet_tlm_nmos_lc_0.16_lch_0.10_lov_0.06_gateasym_0.00_w_4.0,2300,0,1,4000.0,None,100.0,160.0,60.0,0.0,None,None,"(DUMMY) 3-Terminal FETs NMOS Pads are ordered (from bottom-to-top): S, D, G, S, D, G, S, D, G, S, D, G"
'1047',FET,mod_dummy_fet_tlm_pmos_lc_0.16_lch_0.10_lov_0.06_gateasym_0.00_w_4.0,2350,0,1,4000.0,None,100.0,160.0,60.0,0.0,None,None,"(DUMMY) 3-Terminal FETs PMOS Pads are ordered (from bottom-to-top): S, D, G, S, D, G, S, D, G, S, D, G"
'1048',FET,mod_dummy_fet_tlm_nmos_lc_0.16_lch_0.08_lov_0.06_gateasym_0.00_w_4.0,2400,0,1,4000.0,None,80.0,160.0,60.0,0.0,None,None,"(DUMMY) 3-Terminal FETs NMOS Pads are ordered (from bottom-to-top): S, D, G, S, D, G, S, D, G, S, D, G"
'1049',FET,mod_dummy_fet_tlm_pmos_lc_0.16_lch_0.08_lov_0.06_gateasym_0.00_w_4.0,2450,0,1,4000.0,None,80.0,160.0,60.0,0.0,None,None,"(DUMMY) 3-Terminal FETs PMOS Pads are ordered (from bottom-to-top): S, D, G, S, D, G, S, D, G, S, D, G"
'1050',FET,mod_dummy_fet_tlm_nmos_lc_0.16_lch_0.07_lov_0.06_gateasym_0.00_w_4.0,2500,0,1,4000.0,None,70.0,160.0,60.0,0.0,None,None,"(DUMMY) 3-Terminal FETs NMOS Pads are ordered (from bottom-to-top): S, D, G, S, D, G, S, D, G, S, D, G"
'1051',FET,mod_dummy_fet_tlm_pmos_lc_0.16_lch_0.07_lov_0.06_gateasym_0.00_w_4.0,2550,0,1,4000.0,None,70.0,160.0,60.0,0.0,None,None,"(DUMMY) 3-Terminal FETs PMOS Pads are ordered (from bottom-to-top): S, D, G, S, D, G, S, D, G, S, D, G"
'1052',FET,mod_dummy_fet_tlm_nmos_lc_0.16_lch_0.06_lov_0.06_gateasym_0.00_w_4.0,2600,0,1,4000.0,None,60.0,160.0,60.0,0.0,None,None,"(DUMMY) 3-Terminal FETs NMOS Pads are ordered (from bottom-to-top): S, D, G, S, D, G, S, D, G, S, D, G"
'1053',FET,mod_dummy_fet_tlm_pmos_lc_0.16_lch_0.06_lov_0.06_gateasym_0.00_w_4.0,2650,0,1,4000.0,None,60.0,160.0,60.0,0.0,None,None,"(DUMMY) 3-Terminal FETs PMOS Pads are ordered (from bottom-to-top): S, D, G, S, D, G, S, D, G, S, D, G"
'1054',FET,mod_dummy_fet_tlm_nmos_lc_0.12_lch_0.40_lov_0.06_gateasym_0.00_w_4.0,2700,0,1,4000.0,None,400.0,120.0,60.0,0.0,None,None,"(DUMMY) 3-Terminal FETs NMOS Pads are ordered (from bottom-to-top): S, D, G, S, D, G, S, D, G, S, D, G"
'1055',FET,mod_dummy_fet_tlm_pmos_lc_0.12_lch_0.40_lov_0.06_gateasym_0.00_w_4.0,2750,0,1,4000.0,None,400.0,120.0,60.0,0.0,None,None,"(DUMMY) 3-Terminal FETs PMOS Pads are ordered (from bottom-to-top): S, D, G, S, D, G, S, D, G, S, D, G"
'1056',FET,mod_dummy_fet_tlm_nmos_lc_0.12_lch_0.20_lov_0.06_gateasym_0.00_w_4.0,2800,0,1,4000.0,None,200.0,120.0,60.0,0.0,None,None,"(DUMMY) 3-Terminal FETs NMOS Pads are ordered (from bottom-to-top): S, D, G, S, D, G, S, D, G, S, D, G"
'1057',FET,mod_dummy_fet_tlm_pmos_lc_0.12_lch_0.20_lov_0.06_gateasym_0.00_w_4.0,2850,0,1,4000.0,None,200.0,120.0,60.0,0.0,None,None,"(DUMMY) 3-Terminal FETs PMOS Pads are ordered (from bottom-to-top): S, D, G, S, D, G, S, D, G, S, D, G"
'1058',FET,mod_dummy_fet_tlm_nmos_lc_0.12_lch_0.16_lov_0.06_gateasym_0.00_w_4.0,2900,0,1,4000.0,None,160.0,120.0,60.0,0.0,None,None,"(DUMMY) 3-Terminal FETs NMOS Pads are ordered (from bottom-to-top): S, D, G, S, D, G, S, D, G, S, D, G"
'1059',FET,mod_dummy_fet_tlm_pmos_lc_0.12_lch_0.16_lov_0.06_gateasym_0.00_w_4.0,2950,0,1,4000.0,None,160.0,120.0,60.0,0.0,None,None,"(DUMMY) 3-Terminal FETs PMOS Pads are ordered (from bottom-to-top): S, D, G, S, D, G, S, D, G, S, D, G"
'1060',FET,mod_dummy_fet_tlm_nmos_lc_0.12_lch_0.14_lov_0.06_gateasym_0.00_w_4.0,3000,0,1,4000.0,None,140.0,120.0,60.0,0.0,None,None,"(DUMMY) 3-Terminal FETs NMOS Pads are ordered (from bottom-to-top): S, D, G, S, D, G, S, D, G, S, D, G"
'1061',FET,mod_dummy_fet_tlm_pmos_lc_0.12_lch_0.14_lov_0.06_gateasym_0.00_w_4.0,3050,0,1,4000.0,None,140.0,120.0,60.0,0.0,None,None,"(DUMMY) 3-Terminal FETs PMOS Pads are ordered (from bottom-to-top): S, D, G, S, D, G, S, D, G, S, D, G"
'1062',FET,mod_dummy_fet_tlm_nmos_lc_0.12_lch_0.12_lov_0.06_gateasym_0.00_w_4.0,3100,0,1,4000.0,None,120.0,120.0,60.0,0.0,None,None,"(DUMMY) 3-Terminal FETs NMOS Pads are ordered (from bottom-to-top): S, D, G, S, D, G, S, D, G, S, D, G"
'1063',FET,mod_dummy_fet_tlm_pmos_lc_0.12_lch_0.12_lov_0.06_gateasym_0.00_w_4.0,3150,0,1,4000.0,None,120.0,120.0,60.0,0.0,None,None,"(DUMMY) 3-Terminal FETs PMOS Pads are ordered (from bottom-to-top): S, D, G, S, D, G, S, D, G, S, D, G"
'1064',FET,mod_dummy_fet_tlm_nmos_lc_0.12_lch_0.10_lov_0.06_gateasym_0.00_w_4.0,3200,0,1,4000.0,None,100.0,120.0,60.0,0.0,None,None,"(DUMMY) 3-Terminal FETs NMOS Pads are ordered (from bottom-to-top): S, D, G, S, D, G, S, D, G, S, D, G"
'1065',FET,mod_dummy_fet_tlm_pmos_lc_0.12_lch_0.10_lov_0.06_gateasym_0.00_w_4.0,3250,0,1,4000.0,None,100.0,120.0,60.0,0.0,None,None,"(DUMMY) 3-Terminal FETs PMOS Pads are ordered (from bottom-to-top): S, D, G, S, D, G, S, D, G, S, D, G"
'1066',FET,mod_dummy_fet_tlm_nmos_lc_0.12_lch_0.08_lov_0.06_gateasym_0.00_w_4.0,3300,0,1,4000.0,None,80.0,120.0,60.0,0.0,None,None,"(DUMMY) 3-Terminal FETs NMOS Pads are ordered (from bottom-to-top): S, D, G, S, D, G, S, D, G, S, D, G"
'1067',FET,mod_dummy_fet_tlm_pmos_lc_0.12_lch_0.08_lov_0.06_gateasym_0.00_w_4.0,3350,0,1,4000.0,None,80.0,120.0,60.0,0.0,None,None,"(DUMMY) 3-Terminal FETs PMOS Pads are ordered (from bottom-to-top): S, D, G, S, D, G, S, D, G, S, D, G"
'1068',FET,mod_dummy_fet_tlm_nmos_lc_0.12_lch_0.07_lov_0.06_gateasym_0.00_w_4.0,3400,0,1,4000.0,None,70.0,120.0,60.0,0.0,None,None,"(DUMMY) 3-Terminal FETs NMOS Pads are ordered (from bottom-to-top): S, D, G, S, D, G, S, D, G, S, D, G"
'1069',FET,mod_dummy_fet_tlm_pmos_lc_0.12_lch_0.07_lov_0.06_gateasym_0.00_w_4.0,3450,0,1,4000.0,None,70.0,120.0,60.0,0.0,None,None,"(DUMMY) 3-Terminal FETs PMOS Pads are ordered (from bottom-to-top): S, D, G, S, D, G, S, D, G, S, D, G"
'1070',FET,mod_dummy_fet_tlm_nmos_lc_0.12_lch_0.06_lov_0.06_gateasym_0.00_w_4.0,3500,0,1,4000.0,None,60.0,120.0,60.0,0.0,None,None,"(DUMMY) 3-Terminal FETs NMOS Pads are ordered (from bottom-to-top): S, D, G, S, D, G, S, D, G, S, D, G"
'1071',FET,mod_dummy_fet_tlm_pmos_lc_0.12_lch_0.06_lov_0.06_gateasym_0.00_w_4.0,3550,0,1,4000.0,None,60.0,120.0,60.0,0.0,None,None,"(DUMMY) 3-Terminal FETs PMOS Pads are ordered (from bottom-to-top): S, D, G, S, D, G, S, D, G, S, D, G"
'1072',FET,mod_dummy_fet_tlm_nmos_lc_0.08_lch_0.40_lov_0.06_gateasym_0.00_w_4.0,3600,0,1,4000.0,None,400.0,80.0,60.0,0.0,None,None,"(DUMMY) 3-Terminal FETs NMOS Pads are ordered (from bottom-to-top): S, D, G, S, D, G, S, D, G, S, D, G"
'1073',FET,mod_dummy_fet_tlm_pmos_lc_0.08_lch_0.40_lov_0.06_gateasym_0.00_w_4.0,3650,0,1,4000.0,None,400.0,80.0,60.0,0.0,None,None,"(DUMMY) 3-Terminal FETs PMOS Pads are ordered (from bottom-to-top): S, D, G, S, D, G, S, D, G, S, D, G"
'1074',FET,mod_dummy_fet_tlm_nmos_lc_0.08_lch_0.20_lov_0.06_gateasym_0.00_w_4.0,3700,0,1,4000.0,None,200.0,80.0,60.0,0.0,None,None,"(DUMMY) 3-Terminal FETs NMOS Pads are ordered (from bottom-to-top): S, D, G, S, D, G, S, D, G, S, D, G"
'1075',FET,mod_dummy_fet_tlm_pmos_lc_0.08_lch_0.20_lov_0.06_gateasym_0.00_w_4.0,3750,0,1,4000.0,None,200.0,80.0,60.0,0.0,None,None,"(DUMMY) 3-Terminal FETs PMOS Pads are ordered (from bottom-to-top): S, D, G, S, D, G, S, D, G, S, D, G"
'1076',FET,mod_dummy_fet_tlm_nmos_lc_0.08_lch_0.16_lov_0.06_gateasym_0.00_w_4.0,3800,0,1,4000.0,None,160.0,80.0,60.0,0.0,None,None,"(DUMMY) 3-Terminal FETs NMOS Pads are ordered (from bottom-to-top): S, D, G, S, D, G, S, D, G, S, D, G"
'1077',FET,mod_dummy_fet_tlm_pmos_lc_0.08_lch_0.16_lov_0.06_gateasym_0.00_w_4.0,3850,0,1,4000.0,None,160.0,80.0,60.0,0.0,None,None,"(DUMMY) 3-Terminal FETs PMOS Pads are ordered (from bottom-to-top): S, D, G, S, D, G, S, D, G, S, D, G"
'1078',FET,mod_dummy_fet_tlm_nmos_lc_0.08_lch_0.14_lov_0.06_gateasym_0.00_w_4.0,3900,0,1,4000.0,None,140.0,80.0,60.0,0.0,None,None,"(DUMMY) 3-Terminal FETs NMOS Pads are ordered (from bottom-to-top): S, D, G, S, D, G, S, D, G, S, D, G"
'1079',FET,mod_dummy_fet_tlm_pmos_lc_0.08_lch_0.14_lov_0.06_gateasym_0.00_w_4.0,3950,0,1,4000.0,None,140.0,80.0,60.0,0.0,None,None,"(DUMMY) 3-Terminal FETs PMOS Pads are ordered (from bottom-to-top): S, D, G, S, D, G, S, D, G, S, D, G"
'1080',FET,mod_dummy_fet_tlm_nmos_lc_0.08_lch_0.12_lov_0.06_gateasym_0.00_w_4.0,4000,0,1,4000.0,None,120.0,80.0,60.0,0.0,None,None,"(DUMMY) 3-Terminal FETs NMOS Pads are ordered (from bottom-to-top): S, D, G, S, D, G, S, D, G, S, D, G"
'1081',FET,mod_dummy_fet_tlm_pmos_lc_0.08_lch_0.12_lov_0.06_gateasym_0.00_w_4.0,4050,0,1,4000.0,None,120.0,80.0,60.0,0.0,None,None,"(DUMMY) 3-Terminal FETs PMOS Pads are ordered (from bottom-to-top): S, D, G, S, D, G, S, D, G, S, D, G"
'1082',FET,mod_dummy_fet_tlm_nmos_lc_0.08_lch_0.10_lov_0.06_gateasym_0.00_w_4.0,4100,0,1,4000.0,None,100.0,80.0,60.0,0.0,None,None,"(DUMMY) 3-Terminal FETs NMOS Pads are ordered (from bottom-to-top): S, D, G, S, D, G, S, D, G, S, D, G"
'1083',FET,mod_dummy_fet_tlm_pmos_lc_0.08_lch_0.10_lov_0.06_gateasym_0.00_w_4.0,4150,0,1,4000.0,None,100.0,80.0,60.0,0.0,None,None,"(DUMMY) 3-Terminal FETs PMOS Pads are ordered (from bottom-to-top): S, D, G, S, D, G, S, D, G, S, D, G"
'1084',FET,mod_dummy_fet_tlm_nmos_lc_0.08_lch_0.08_lov_0.06_gateasym_0.00_w_4.0,4200,0,1,4000.0,None,80.0,80.0,60.0,0.0,None,None,"(DUMMY) 3-Terminal FETs NMOS Pads are ordered (from bottom-to-top): S, D, G, S, D, G, S, D, G, S, D, G"
'1085',FET,mod_dummy_fet_tlm_pmos_lc_0.08_lch_0.08_lov_0.06_gateasym_0.00_w_4.0,4250,0,1,4000.0,None,80.0,80.0,60.0,0.0,None,None,"(DUMMY) 3-Terminal FETs PMOS Pads are ordered (from bottom-to-top): S, D, G, S, D, G, S, D, G, S, D, G"
'1086',FET,mod_dummy_fet_tlm_nmos_lc_0.08_lch_0.07_lov_0.06_gateasym_0.00_w_4.0,4300,0,1,4000.0,None,70.0,80.0,60.0,0.0,None,None,"(DUMMY) 3-Terminal FETs NMOS Pads are ordered (from bottom-to-top): S, D, G, S, D, G, S, D, G, S, D, G"
'1087',FET,mod_dummy_fet_tlm_pmos_lc_0.08_lch_0.07_lov_0.06_gateasym_0.00_w_4.0,4350,0,1,4000.0,None,70.0,80.0,60.0,0.0,None,None,"(DUMMY) 3-Terminal FETs PMOS Pads are ordered (from bottom-to-top): S, D, G, S, D, G, S, D, G, S, D, G"
'1088',FET,mod_dummy_fet_tlm_nmos_lc_0.08_lch_0.06_lov_0.06_gateasym_0.00_w_4.0,4400,0,1,4000.0,None,60.0,80.0,60.0,0.0,None,None,"(DUMMY) 3-Terminal FETs NMOS Pads are ordered (from bottom-to-top): S, D, G, S, D, G, S, D, G, S, D, G"
'1089',FET,mod_dummy_fet_tlm_pmos_lc_0.08_lch_0.06_lov_0.06_gateasym_0.00_w_4.0,4450,0,1,4000.0,None,60.0,80.0,60.0,0.0,None,None,"(DUMMY) 3-Terminal FETs PMOS Pads are ordered (from bottom-to-top): S, D, G, S, D, G, S, D, G, S, D, G"
'1090',FET,mod_dummy_fet_ov_nmos_lc_0.20_lch_0.16_lov_0.1_gateasym_0.00_w_4.0,4550,0,1,4000.0,None,160.0,200.0,100.0,0.0,None,None,"(DUMMY) 3-Terminal FETs NMOS Pads are ordered (from bottom-to-top): S, D, G, S, D, G, S, D, G, S, D, G"
'1091',FET,mod_dummy_fet_ov_pmos_lc_0.20_lch_0.16_lov_0.1_gateasym_0.00_w_4.0,4600,0,1,4000.0,None,160.0,200.0,100.0,0.0,None,None,"(DUMMY) 3-Terminal FETs PMOS Pads are ordered (from bottom-to-top): S, D, G, S, D, G, S, D, G, S, D, G"
'1092',FET,mod_dummy_fet_ov_nmos_lc_0.20_lch_0.16_lov_0.08_gateasym_0.00_w_4.0,4650,0,1,4000.0,None,160.0,200.0,80.0,0.0,None,None,"(DUMMY) 3-Terminal FETs NMOS Pads are ordered (from bottom-to-top): S, D, G, S, D, G, S, D, G, S, D, G"
'1093',FET,mod_dummy_fet_ov_pmos_lc_0.20_lch_0.16_lov_0.08_gateasym_0.00_w_4.0,4700,0,1,4000.0,None,160.0,200.0,80.0,0.0,None,None,"(DUMMY) 3-Terminal FETs PMOS Pads are ordered (from bottom-to-top): S, D, G, S, D, G, S, D, G, S, D, G"
'1094',FET,mod_dummy_fet_ov_nmos_lc_0.20_lch_0.16_lov_0.06_gateasym_0.00_w_4.0,4750,0,1,4000.0,None,160.0,200.0,60.0,0.0,None,None,"(DUMMY) 3-Terminal FETs NMOS Pads are ordered (from bottom-to-top): S, D, G, S, D, G, S, D, G, S, D, G"
'1095',FET,mod_dummy_fet_ov_pmos_lc_0.20_lch_0.16_lov_0.06_gateasym_0.00_w_4.0,4800,0,1,4000.0,None,160.0,200.0,60.0,0.0,None,None,"(DUMMY) 3-Terminal FETs PMOS Pads are ordered (from bottom-to-top): S, D, G, S, D, G, S, D, G, S, D, G"
'1096',FET,mod_dummy_fet_ov_nmos_lc_0.20_lch_0.16_lov_0.04_gateasym_0.00_w_4.0,4850,0,1,4000.0,None,160.0,200.0,40.0,0.0,None,None,"(DUMMY) 3-Terminal FETs NMOS Pads are ordered (from bottom-to-top): S, D, G, S, D, G, S, D, G, S, D, G"
'1097',FET,mod_dummy_fet_ov_pmos_lc_0.20_lch_0.16_lov_0.04_gateasym_0.00_w_4.0,4900,0,1,4000.0,None,160.0,200.0,40.0,0.0,None,None,"(DUMMY) 3-Terminal FETs PMOS Pads are ordered (from bottom-to-top): S, D, G, S, D, G, S, D, G, S, D, G"
'1098',FET,mod_dummy_fet_ov_nmos_lc_0.20_lch_0.16_lov_0.02_gateasym_0.00_w_4.0,4950,0,1,4000.0,None,160.0,200.0,20.0,0.0,None,None,"(DUMMY) 3-Terminal FETs NMOS Pads are ordered (from bottom-to-top): S, D, G, S, D, G, S, D, G, S, D, G"
'1099',FET,mod_dummy_fet_ov_pmos_lc_0.20_lch_0.16_lov_0.02_gateasym_0.00_w_4.0,5000,0,1,4000.0,None,160.0,200.0,20.0,0.0,None,None,"(DUMMY) 3-Terminal FETs PMOS Pads are ordered (from bottom-to-top): S, D, G, S, D, G, S, D, G, S, D, G"
'1100',FET,mod_dummy_fet_ov_nmos_lc_0.20_lch_0.16_lov_0.0_gateasym_0.00_w_4.0,5050,0,1,4000.0,None,160.0,200.0,0.0,0.0,None,None,"(DUMMY) 3-Terminal FETs NMOS Pads are ordered (from bottom-to-top): S, D, G, S, D, G, S, D, G, S, D, G"
'1101',FET,mod_dummy_fet_ov_pmos_lc_0.20_lch_0.16_lov_0.0_gateasym_0.00_w_4.0,5100,0,1,4000.0,None,160.0,200.0,0.0,0.0,None,None,"(DUMMY) 3-Terminal FETs PMOS Pads are ordered (from bottom-to-top): S, D, G, S, D, G, S, D, G, S, D, G"
'1102',FET,mod_dummy_fet_ov_nmos_lc_0.20_lch_0.16_lov_-0.01_gateasym_0.00_w_4.0,5150,0,1,4000.0,None,160.0,200.0,-10.0,0.0,None,None,"(DUMMY) 3-Terminal FETs NMOS Pads are ordered (from bottom-to-top): S, D, G, S, D, G, S, D, G, S, D, G"
'1103',FET,mod_dummy_fet_ov_pmos_lc_0.20_lch_0.16_lov_-0.01_gateasym_0.00_w_4.0,5200,0,1,4000.0,None,160.0,200.0,-10.0,0.0,None,None,"(DUMMY) 3-Terminal FETs PMOS Pads are ordered (from bottom-to-top): S, D, G, S, D, G, S, D, G, S, D, G"
'1104',FET,mod_dummy_fet_ov_nmos_lc_0.20_lch_0.12_lov_0.1_gateasym_0.00_w_4.0,5250,0,1,4000.0,None,120.0,200.0,100.0,0.0,None,None,"(DUMMY) 3-Terminal FETs NMOS Pads are ordered (from bottom-to-top): S, D, G, S, D, G, S, D, G, S, D, G"
'1105',FET,mod_dummy_fet_ov_pmos_lc_0.20_lch_0.12_lov_0.1_gateasym_0.00_w_4.0,5300,0,1,4000.0,None,120.0,200.0,100.0,0.0,None,None,"(DUMMY) 3-Terminal FETs PMOS Pads are ordered (from bottom-to-top): S, D, G, S, D, G, S, D, G, S, D, G"
'1106',FET,mod_dummy_fet_ov_nmos_lc_0.20_lch_0.12_lov_0.08_gateasym_0.00_w_4.0,5350,0,1,4000.0,None,120.0,200.0,80.0,0.0,None,None,"(DUMMY) 3-Terminal FETs NMOS Pads are ordered (from bottom-to-top): S, D, G, S, D, G, S, D, G, S, D, G"
'1107',FET,mod_dummy_fet_ov_pmos_lc_0.20_lch_0.12_lov_0.08_gateasym_0.00_w_4.0,5400,0,1,4000.0,None,120.0,200.0,80.0,0.0,None,None,"(DUMMY) 3-Terminal FETs PMOS Pads are ordered (from bottom-to-top): S, D, G, S, D, G, S, D, G, S, D, G"
'1108',FET,mod_dummy_fet_ov_nmos_lc_0.20_lch_0.12_lov_0.06_gateasym_0.00_w_4.0,5450,0,1,4000.0,None,120.0,200.0,60.0,0.0,None,None,"(DUMMY) 3-Terminal FETs NMOS Pads are ordered (from bottom-to-top): S, D, G, S, D, G, S, D, G, S, D, G"
'1109',FET,mod_dummy_fet_ov_pmos_lc_0.20_lch_0.12_lov_0.06_gateasym_0.00_w_4.0,5500,0,1,4000.0,None,120.0,200.0,60.0,0.0,None,None,"(DUMMY) 3-Terminal FETs PMOS Pads are ordered (from bottom-to-top): S, D, G, S, D, G, S, D, G, S, D, G"
'1110',FET,mod_dummy_fet_ov_nmos_lc_0.20_lch_0.12_lov_0.04_gateasym_0.00_w_4.0,5550,0,1,4000.0,None,120.0,200.0,40.0,0.0,None,None,"(DUMMY) 3-Terminal FETs NMOS Pads are ordered (from bottom-to-top): S, D, G, S, D, G, S, D, G, S, D, G"
'1111',FET,mod_dummy_fet_ov_pmos_lc_0.20_lch_0.12_lov_0.04_gateasym_0.00_w_4.0,5600,0,1,4000.0,None,120.0,200.0,40.0,0.0,None,None,"(DUMMY) 3-Terminal FETs PMOS Pads are ordered (from bottom-to-top): S, D, G, S, D, G, S, D, G, S, D, G"
'1112',FET,mod_dummy_fet_ov_nmos_lc_0.20_lch_0.12_lov_0.02_gateasym_0.00_w_4.0,5650,0,1,4000.0,None,120.0,200.0,20.0,0.0,None,None,"(DUMMY) 3-Terminal FETs NMOS Pads are ordered (from bottom-to-top): S, D, G, S, D, G, S, D, G, S, D, G"
'1113',FET,mod_dummy_fet_ov_pmos_lc_0.20_lch_0.12_lov_0.02_gateasym_0.00_w_4.0,5700,0,1,4000.0,None,120.0,200.0,20.0,0.0,None,None,"(DUMMY) 3-Terminal FETs PMOS Pads are ordered (from bottom-to-top): S, D, G, S, D, G, S, D, G, S, D, G"
'1114',FET,mod_dummy_fet_ov_nmos_lc_0.20_lch_0.12_lov_0.0_gateasym_0.00_w_4.0,5750,0,1,4000.0,None,120.0,200.0,0.0,0.0,None,None,"(DUMMY) 3-Terminal FETs NMOS Pads are ordered (from bottom-to-top): S, D, G, S, D, G, S, D, G, S, D, G"
'1115',FET,mod_dummy_fet_ov_pmos_lc_0.20_lch_0.12_lov_0.0_gateasym_0.00_w_4.0,5800,0,1,4000.0,None,120.0,200.0,0.0,0.0,None,None,"(DUMMY) 3-Terminal FETs PMOS Pads are ordered (from bottom-to-top): S, D, G, S, D, G, S, D, G, S, D, G"
'1116',FET,mod_dummy_fet_ov_nmos_lc_0.20_lch_0.12_lov_-0.01_gateasym_0.00_w_4.0,5850,0,1,4000.0,None,120.0,200.0,-10.0,0.0,None,None,"(DUMMY) 3-Terminal FETs NMOS Pads are ordered (from bottom-to-top): S, D, G, S, D, G, S, D, G, S, D, G"
'1117',FET,mod_dummy_fet_ov_pmos_lc_0.20_lch_0.12_lov_-0.01_gateasym_0.00_w_4.0,5900,0,1,4000.0,None,120.0,200.0,-10.0,0.0,None,None,"(DUMMY) 3-Terminal FETs PMOS Pads are ordered (from bottom-to-top): S, D, G, S, D, G, S, D, G, S, D, G"
'1118',FET,mod_dummy_fet_ov_nmos_lc_0.20_lch_0.08_lov_0.1_gateasym_0.00_w_4.0,5950,0,1,4000.0,None,80.0,200.0,100.0,0.0,None,None,"(DUMMY) 3-Terminal FETs NMOS Pads are ordered (from bottom-to-top): S, D, G, S, D, G, S, D, G, S, D, G"
'1119',FET,mod_dummy_fet_ov_pmos_lc_0.20_lch_0.08_lov_0.1_gateasym_0.00_w_4.0,6000,0,1,4000.0,None,80.0,200.0,100.0,0.0,None,None,"(DUMMY) 3-Terminal FETs PMOS Pads are ordered (from bottom-to-top): S, D, G, S, D, G, S, D, G, S, D, G"
'1120',FET,mod_dummy_fet_ov_nmos_lc_0.20_lch_0.08_lov_0.08_gateasym_0.00_w_4.0,6050,0,1,4000.0,None,80.0,200.0,80.0,0.0,None,None,"(DUMMY) 3-Terminal FETs NMOS Pads are ordered (from bottom-to-top): S, D, G, S, D, G, S, D, G, S, D, G"
'1121',FET,mod_dummy_fet_ov_pmos_lc_0.20_lch_0.08_lov_0.08_gateasym_0.00_w_4.0,6100,0,1,4000.0,None,80.0,200.0,80.0,0.0,None,None,"(DUMMY) 3-Terminal FETs PMOS Pads are ordered (from bottom-to-top): S, D, G, S, D, G, S, D, G, S, D, G"
'1122',FET,mod_dummy_fet_ov_nmos_lc_0.20_lch_0.08_lov_0.06_gateasym_0.00_w_4.0,6150,0,1,4000.0,None,80.0,200.0,60.0,0.0,None,None,"(DUMMY) 3-Terminal FETs NMOS Pads are ordered (from bottom-to-top): S, D, G, S, D, G, S, D, G, S, D, G"
'1123',FET,mod_dummy_fet_ov_pmos_lc_0.20_lch_0.08_lov_0.06_gateasym_0.00_w_4.0,6200,0,1,4000.0,None,80.0,200.0,60.0,0.0,None,None,"(DUMMY) 3-Terminal FETs PMOS Pads are ordered (from bottom-to-top): S, D, G, S, D, G, S, D, G, S, D, G"
'1124',FET,mod_dummy_fet_ov_nmos_lc_0.20_lch_0.08_lov_0.04_gateasym_0.00_w_4.0,6250,0,1,4000.0,None,80.0,200.0,40.0,0.0,None,None,"(DUMMY) 3-Terminal FETs NMOS Pads are ordered (from bottom-to-top): S, D, G, S, D, G, S, D, G, S, D, G"
'1125',FET,mod_dummy_fet_ov_pmos_lc_0.20_lch_0.08_lov_0.04_gateasym_0.00_w_4.0,6300,0,1,4000.0,None,80.0,200.0,40.0,0.0,None,None,"(DUMMY) 3-Terminal FETs PMOS Pads are ordered (from bottom-to-top): S, D, G, S, D, G, S, D, G, S, D, G"
'1126',FET,mod_dummy_fet_ov_nmos_lc_0.20_lch_0.08_lov_0.02_gateasym_0.00_w_4.0,6350,0,1,4000.0,None,80.0,200.0,20.0,0.0,None,None,"(DUMMY) 3-Terminal FETs NMOS Pads are ordered (from bottom-to-top): S, D, G, S, D, G, S, D, G, S, D, G"
'1127',FET,mod_dummy_fet_ov_pmos_lc_0.20_lch_0.08_lov_0.02_gateasym_0.00_w_4.0,6400,0,1,4000.0,None,80.0,200.0,20.0,0.0,None,None,"(DUMMY) 3-Terminal FETs PMOS Pads are ordered (from bottom-to-top): S, D, G, S, D, G, S, D, G, S, D, G"
'1128',FET,mod_dummy_fet_ov_nmos_lc_0.20_lch_0.08_lov_0.0_gateasym_0.00_w_4.0,6450,0,1,4000.0,None,80.0,200.0,0.0,0.0,None,None,"(DUMMY) 3-Terminal FETs NMOS Pads are ordered (from bottom-to-top): S, D, G, S, D, G, S, D, G, S, D, G"
'1129',FET,mod_dummy_fet_ov_pmos_lc_0.20_lch_0.08_lov_0.0_gateasym_0.00_w_4.0,6500,0,1,4000.0,None,80.0,200.0,0.0,0.0,None,None,"(DUMMY) 3-Terminal FETs PMOS Pads are ordered (from bottom-to-top): S, D, G, S, D, G, S, D, G, S, D, G"
'1130',FET,mod_dummy_fet_ov_nmos_lc_0.20_lch_0.08_lov_-0.01_gateasym_0.00_w_4.0,6550,0,1,4000.0,None,80.0,200.0,-10.0,0.0,None,None,"(DUMMY) 3-Terminal FETs NMOS Pads are ordered (from bottom-to-top): S, D, G, S, D, G, S, D, G, S, D, G"
'1131',FET,mod_dummy_fet_ov_pmos_lc_0.20_lch_0.08_lov_-0.01_gateasym_0.00_w_4.0,6600,0,1,4000.0,None,80.0,200.0,-10.0,0.0,None,None,"(DUMMY) 3-Terminal FETs PMOS Pads are ordered (from bottom-to-top): S, D, G, S, D, G, S, D, G, S, D, G"
'1132',FET,mod_dummy_fet_ov_nmos_lc_0.16_lch_0.16_lov_0.1_gateasym_0.00_w_4.0,6650,0,1,4000.0,None,160.0,160.0,100.0,0.0,None,None,"(DUMMY) 3-Terminal FETs NMOS Pads are ordered (from bottom-to-top): S, D, G, S, D, G, S, D, G, S, D, G"
'1133',FET,mod_dummy_fet_ov_pmos_lc_0.16_lch_0.16_lov_0.1_gateasym_0.00_w_4.0,6700,0,1,4000.0,None,160.0,160.0,100.0,0.0,None,None,"(DUMMY) 3-Terminal FETs PMOS Pads are ordered (from bottom-to-top): S, D, G, S, D, G, S, D, G, S, D, G"
'1134',FET,mod_dummy_fet_ov_nmos_lc_0.16_lch_0.16_lov_0.08_gateasym_0.00_w_4.0,6750,0,1,4000.0,None,160.0,160.0,80.0,0.0,None,None,"(DUMMY) 3-Terminal FETs NMOS Pads are ordered (from bottom-to-top): S, D, G, S, D, G, S, D, G, S, D, G"
'1135',FET,mod_dummy_fet_ov_pmos_lc_0.16_lch_0.16_lov_0.08_gateasym_0.00_w_4.0,6800,0,1,4000.0,None,160.0,160.0,80.0,0.0,None,None,"(DUMMY) 3-Terminal FETs PMOS Pads are ordered (from bottom-to-top): S, D, G, S, D, G, S, D, G, S, D, G"
'1136',FET,mod_dummy_fet_ov_nmos_lc_0.16_lch_0.16_lov_0.06_gateasym_0.00_w_4.0,6850,0,1,4000.0,None,160.0,160.0,60.0,0.0,None,None,"(DUMMY) 3-Terminal FETs NMOS Pads are ordered (from bottom-to-top): S, D, G, S, D, G, S, D, G, S, D, G"
'1137',FET,mod_dummy_fet_ov_pmos_lc_0.16_lch_0.16_lov_0.06_gateasym_0.00_w_4.0,6900,0,1,4000.0,None,160.0,160.0,60.0,0.0,None,None,"(DUMMY) 3-Terminal FETs PMOS Pads are ordered (from bottom-to-top): S, D, G, S, D, G, S, D, G, S, D, G"
'1138',FET,mod_dummy_fet_ov_nmos_lc_0.16_lch_0.16_lov_0.04_gateasym_0.00_w_4.0,6950,0,1,4000.0,None,160.0,160.0,40.0,0.0,None,None,"(DUMMY) 3-Terminal FETs NMOS Pads are ordered (from bottom-to-top): S, D, G, S, D, G, S, D, G, S, D, G"
'1139',FET,mod_dummy_fet_ov_pmos_lc_0.16_lch_0.16_lov_0.04_gateasym_0.00_w_4.0,7000,0,1,4000.0,None,160.0,160.0,40.0,0.0,None,None,"(DUMMY) 3-Terminal FETs PMOS Pads are ordered (from bottom-to-top): S, D, G, S, D, G, S, D, G, S, D, G"
'1140',FET,mod_dummy_fet_ov_nmos_lc_0.16_lch_0.16_lov_0.02_gateasym_0.00_w_4.0,7050,0,1,4000.0,None,160.0,160.0,20.0,0.0,None,None,"(DUMMY) 3-Terminal FETs NMOS Pads are ordered (from bottom-to-top): S, D, G, S, D, G, S, D, G, S, D, G"
'1141',FET,mod_dummy_fet_ov_pmos_lc_0.16_lch_0.16_lov_0.02_gateasym_0.00_w_4.0,7100,0,1,4000.0,None,160.0,160.0,20.0,0.0,None,None,"(DUMMY) 3-Terminal FETs PMOS Pads are ordered (from bottom-to-top): S, D, G, S, D, G, S, D, G, S, D, G"
'1142',FET,mod_dummy_fet_ov_nmos_lc_0.16_lch_0.16_lov_0.0_gateasym_0.00_w_4.0,7150,0,1,4000.0,None,160.0,160.0,0.0,0.0,None,None,"(DUMMY) 3-Terminal FETs NMOS Pads are ordered (from bottom-to-top): S, D, G, S, D, G, S, D, G, S, D, G"
'1143',FET,mod_dummy_fet_ov_pmos_lc_0.16_lch_0.16_lov_0.0_gateasym_0.00_w_4.0,7200,0,1,4000.0,None,160.0,160.0,0.0,0.0,None,None,"(DUMMY) 3-Terminal FETs PMOS Pads are ordered (from bottom-to-top): S, D, G, S, D, G, S, D, G, S, D, G"
'1144',FET,mod_dummy_fet_ov_nmos_lc_0.16_lch_0.16_lov_-0.01_gateasym_0.00_w_4.0,7250,0,1,4000.0,None,160.0,160.0,-10.0,0.0,None,None,"(DUMMY) 3-Terminal FETs NMOS Pads are ordered (from bottom-to-top): S, D, G, S, D, G, S, D, G, S, D, G"
'1145',FET,mod_dummy_fet_ov_pmos_lc_0.16_lch_0.16_lov_-0.01_gateasym_0.00_w_4.0,7300,0,1,4000.0,None,160.0,160.0,-10.0,0.0,None,None,"(DUMMY) 3-Terminal FETs PMOS Pads are ordered (from bottom-to-top): S, D, G, S, D, G, S, D, G, S, D, G"
'1146',FET,mod_dummy_fet_ov_nmos_lc_0.16_lch_0.12_lov_0.1_gateasym_0.00_w_4.0,7350,0,1,4000.0,None,120.0,160.0,100.0,0.0,None,None,"(DUMMY) 3-Terminal FETs NMOS Pads are ordered (from bottom-to-top): S, D, G, S, D, G, S, D, G, S, D, G"
'1147',FET,mod_dummy_fet_ov_pmos_lc_0.16_lch_0.12_lov_0.1_gateasym_0.00_w_4.0,7400,0,1,4000.0,None,120.0,160.0,100.0,0.0,None,None,"(DUMMY) 3-Terminal FETs PMOS Pads are ordered (from bottom-to-top): S, D, G, S, D, G, S, D, G, S, D, G"
'1148',FET,mod_dummy_fet_ov_nmos_lc_0.16_lch_0.12_lov_0.08_gateasym_0.00_w_4.0,7450,0,1,4000.0,None,120.0,160.0,80.0,0.0,None,None,"(DUMMY) 3-Terminal FETs NMOS Pads are ordered (from bottom-to-top): S, D, G, S, D, G, S, D, G, S, D, G"
'1149',FET,mod_dummy_fet_ov_pmos_lc_0.16_lch_0.12_lov_0.08_gateasym_0.00_w_4.0,7500,0,1,4000.0,None,120.0,160.0,80.0,0.0,None,None,"(DUMMY) 3-Terminal FETs PMOS Pads are ordered (from bottom-to-top): S, D, G, S, D, G, S, D, G, S, D, G"
'1150',FET,mod_dummy_fet_ov_nmos_lc_0.16_lch_0.12_lov_0.06_gateasym_0.00_w_4.0,7550,0,1,4000.0,None,120.0,160.0,60.0,0.0,None,None,"(DUMMY) 3-Terminal FETs NMOS Pads are ordered (from bottom-to-top): S, D, G, S, D, G, S, D, G, S, D, G"
'1151',FET,mod_dummy_fet_ov_pmos_lc_0.16_lch_0.12_lov_0.06_gateasym_0.00_w_4.0,7600,0,1,4000.0,None,120.0,160.0,60.0,0.0,None,None,"(DUMMY) 3-Terminal FETs PMOS Pads are ordered (from bottom-to-top): S, D, G, S, D, G, S, D, G, S, D, G"
'1152',FET,mod_dummy_fet_ov_nmos_lc_0.16_lch_0.12_lov_0.04_gateasym_0.00_w_4.0,7650,0,1,4000.0,None,120.0,160.0,40.0,0.0,None,None,"(DUMMY) 3-Terminal FETs NMOS Pads are ordered (from bottom-to-top): S, D, G, S, D, G, S, D, G, S, D, G"
'1153',FET,mod_dummy_fet_ov_pmos_lc_0.16_lch_0.12_lov_0.04_gateasym_0.00_w_4.0,7700,0,1,4000.0,None,120.0,160.0,40.0,0.0,None,None,"(DUMMY) 3-Terminal FETs PMOS Pads are ordered (from bottom-to-top): S, D, G, S, D, G, S, D, G, S, D, G"
'1154',FET,mod_dummy_fet_ov_nmos_lc_0.16_lch_0.12_lov_0.02_gateasym_0.00_w_4.0,7750,0,1,4000.0,None,120.0,160.0,20.0,0.0,None,None,"(DUMMY) 3-Terminal FETs NMOS Pads are ordered (from bottom-to-top): S, D, G, S, D, G, S, D, G, S, D, G"
'1155',FET,mod_dummy_fet_ov_pmos_lc_0.16_lch_0.12_lov_0.02_gateasym_0.00_w_4.0,7800,0,1,4000.0,None,120.0,160.0,20.0,0.0,None,None,"(DUMMY) 3-Terminal FETs PMOS Pads are ordered (from bottom-to-top): S, D, G, S, D, G, S, D, G, S, D, G"
'1156',FET,mod_dummy_fet_ov_nmos_lc_0.16_lch_0.12_lov_0.0_gateasym_0.00_w_4.0,7850,0,1,4000.0,None,120.0,160.0,0.0,0.0,None,None,"(DUMMY) 3-Terminal FETs NMOS Pads are ordered (from bottom-to-top): S, D, G, S, D, G, S, D, G, S, D, G"
'1157',FET,mod_dummy_fet_ov_pmos_lc_0.16_lch_0.12_lov_0.0_gateasym_0.00_w_4.0,7900,0,1,4000.0,None,120.0,160.0,0.0,0.0,None,None,"(DUMMY) 3-Terminal FETs PMOS Pads are ordered (from bottom-to-top): S, D, G, S, D, G, S, D, G, S, D, G"
'1158',FET,mod_dummy_fet_ov_nmos_lc_0.16_lch_0.12_lov_-0.01_gateasym_0.00_w_4.0,7950,0,1,4000.0,None,120.0,160.0,-10.0,0.0,None,None,"(DUMMY) 3-Terminal FETs NMOS Pads are ordered (from bottom-to-top): S, D, G, S, D, G, S, D, G, S, D, G"
'1159',FET,mod_dummy_fet_ov_pmos_lc_0.16_lch_0.12_lov_-0.01_gateasym_0.00_w_4.0,8000,0,1,4000.0,None,120.0,160.0,-10.0,0.0,None,None,"(DUMMY) 3-Terminal FETs PMOS Pads are ordered (from bottom-to-top): S, D, G, S, D, G, S, D, G, S, D, G"
'1160',FET,mod_dummy_fet_ov_nmos_lc_0.16_lch_0.08_lov_0.1_gateasym_0.00_w_4.0,8050,0,1,4000.0,None,80.0,160.0,100.0,0.0,None,None,"(DUMMY) 3-Terminal FETs NMOS Pads are ordered (from bottom-to-top): S, D, G, S, D, G, S, D, G, S, D, G"
'1161',FET,mod_dummy_fet_ov_pmos_lc_0.16_lch_0.08_lov_0.1_gateasym_0.00_w_4.0,8100,0,1,4000.0,None,80.0,160.0,100.0,0.0,None,None,"(DUMMY) 3-Terminal FETs PMOS Pads are ordered (from bottom-to-top): S, D, G, S, D, G, S, D, G, S, D, G"
'1162',FET,mod_dummy_fet_ov_nmos_lc_0.16_lch_0.08_lov_0.08_gateasym_0.00_w_4.0,8150,0,1,4000.0,None,80.0,160.0,80.0,0.0,None,None,"(DUMMY) 3-Terminal FETs NMOS Pads are ordered (from bottom-to-top): S, D, G, S, D, G, S, D, G, S, D, G"
'1163',FET,mod_dummy_fet_ov_pmos_lc_0.16_lch_0.08_lov_0.08_gateasym_0.00_w_4.0,8200,0,1,4000.0,None,80.0,160.0,80.0,0.0,None,None,"(DUMMY) 3-Terminal FETs PMOS Pads are ordered (from bottom-to-top): S, D, G, S, D, G, S, D, G, S, D, G"
'1164',FET,mod_dummy_fet_ov_nmos_lc_0.16_lch_0.08_lov_0.06_gateasym_0.00_w_4.0,8250,0,1,4000.0,None,80.0,160.0,60.0,0.0,None,None,"(DUMMY) 3-Terminal FETs NMOS Pads are ordered (from bottom-to-top): S, D, G, S, D, G, S, D, G, S, D, G"
'1165',FET,mod_dummy_fet_ov_pmos_lc_0.16_lch_0.08_lov_0.06_gateasym_0.00_w_4.0,8300,0,1,4000.0,None,80.0,160.0,60.0,0.0,None,None,"(DUMMY) 3-Terminal FETs PMOS Pads are ordered (from bottom-to-top): S, D, G, S, D, G, S, D, G, S, D, G"
'1166',FET,mod_dummy_fet_ov_nmos_lc_0.16_lch_0.08_lov_0.04_gateasym_0.00_w_4.0,8350,0,1,4000.0,None,80.0,160.0,40.0,0.0,None,None,"(DUMMY) 3-Terminal FETs NMOS Pads are ordered (from bottom-to-top): S, D, G, S, D, G, S, D, G, S, D, G"
'1167',FET,mod_dummy_fet_ov_pmos_lc_0.16_lch_0.08_lov_0.04_gateasym_0.00_w_4.0,8400,0,1,4000.0,None,80.0,160.0,40.0,0.0,None,None,"(DUMMY) 3-Terminal FETs PMOS Pads are ordered (from bottom-to-top): S, D, G, S, D, G, S, D, G, S, D, G"
'1168',FET,mod_dummy_fet_ov_nmos_lc_0.16_lch_0.08_lov_0.02_gateasym_0.00_w_4.0,8450,0,1,4000.0,None,80.0,160.0,20.0,0.0,None,None,"(DUMMY) 3-Terminal FETs NMOS Pads are ordered (from bottom-to-top): S, D, G, S, D, G, S, D, G, S, D, G"
'1169',FET,mod_dummy_fet_ov_pmos_lc_0.16_lch_0.08_lov_0.02_gateasym_0.00_w_4.0,8500,0,1,4000.0,None,80.0,160.0,20.0,0.0,None,None,"(DUMMY) 3-Terminal FETs PMOS Pads are ordered (from bottom-to-top): S, D, G, S, D, G, S, D, G, S, D, G"
'1170',FET,mod_dummy_fet_ov_nmos_lc_0.16_lch_0.08_lov_0.0_gateasym_0.00_w_4.0,8550,0,1,4000.0,None,80.0,160.0,0.0,0.0,None,None,"(DUMMY) 3-Terminal FETs NMOS Pads are ordered (from bottom-to-top): S, D, G, S, D, G, S, D, G, S, D, G"
'1171',FET,mod_dummy_fet_ov_pmos_lc_0.16_lch_0.08_lov_0.0_gateasym_0.00_w_4.0,8600,0,1,4000.0,None,80.0,160.0,0.0,0.0,None,None,"(DUMMY) 3-Terminal FETs PMOS Pads are ordered (from bottom-to-top): S, D, G, S, D, G, S, D, G, S, D, G"
'1172',FET,mod_dummy_fet_ov_nmos_lc_0.16_lch_0.08_lov_-0.01_gateasym_0.00_w_4.0,8650,0,1,4000.0,None,80.0,160.0,-10.0,0.0,None,None,"(DUMMY) 3-Terminal FETs NMOS Pads are ordered (from bottom-to-top): S, D, G, S, D, G, S, D, G, S, D, G"
'1173',FET,mod_dummy_fet_ov_pmos_lc_0.16_lch_0.08_lov_-0.01_gateasym_0.00_w_4.0,8700,0,1,4000.0,None,80.0,160.0,-10.0,0.0,None,None,"(DUMMY) 3-Terminal FETs PMOS Pads are ordered (from bottom-to-top): S, D, G, S, D, G, S, D, G, S, D, G"
'1174',FET,mod_dummy_fet_ov_nmos_lc_0.12_lch_0.16_lov_0.1_gateasym_0.00_w_4.0,8750,0,1,4000.0,None,160.0,120.0,100.0,0.0,None,None,"(DUMMY) 3-Terminal FETs NMOS Pads are ordered (from bottom-to-top): S, D, G, S, D, G, S, D, G, S, D, G"
'1175',FET,mod_dummy_fet_ov_pmos_lc_0.12_lch_0.16_lov_0.1_gateasym_0.00_w_4.0,8800,0,1,4000.0,None,160.0,120.0,100.0,0.0,None,None,"(DUMMY) 3-Terminal FETs PMOS Pads are ordered (from bottom-to-top): S, D, G, S, D, G, S, D, G, S, D, G"
'1176',FET,mod_dummy_fet_ov_nmos_lc_0.12_lch_0.16_lov_0.08_gateasym_0.00_w_4.0,8850,0,1,4000.0,None,160.0,120.0,80.0,0.0,None,None,"(DUMMY) 3-Terminal FETs NMOS Pads are ordered (from bottom-to-top): S, D, G, S, D, G, S, D, G, S, D, G"
'1177',FET,mod_dummy_fet_ov_pmos_lc_0.12_lch_0.16_lov_0.08_gateasym_0.00_w_4.0,8900,0,1,4000.0,None,160.0,120.0,80.0,0.0,None,None,"(DUMMY) 3-Terminal FETs PMOS Pads are ordered (from bottom-to-top): S, D, G, S, D, G, S, D, G, S, D, G"
'1178',FET,mod_dummy_fet_ov_nmos_lc_0.12_lch_0.16_lov_0.06_gateasym_0.00_w_4.0,8950,0,1,4000.0,None,160.0,120.0,60.0,0.0,None,None,"(DUMMY) 3-Terminal FETs NMOS Pads are ordered (from bottom-to-top): S, D, G, S, D, G, S, D, G, S, D, G"
'1179',FET,mod_dummy_fet_ov_pmos_lc_0.12_lch_0.16_lov_0.06_gateasym_0.00_w_4.0,9000,0,1,4000.0,None,160.0,120.0,60.0,0.0,None,None,"(DUMMY) 3-Terminal FETs PMOS Pads are ordered (from bottom-to-top): S, D, G, S, D, G, S, D, G, S, D, G"
'1180',FET,mod_dummy_fet_ov_nmos_lc_0.12_lch_0.16_lov_0.04_gateasym_0.00_w_4.0,9050,0,1,4000.0,None,160.0,120.0,40.0,0.0,None,None,"(DUMMY) 3-Terminal FETs NMOS Pads are ordered (from bottom-to-top): S, D, G, S, D, G, S, D, G, S, D, G"
'1181',FET,mod_dummy_fet_ov_pmos_lc_0.12_lch_0.16_lov_0.04_gateasym_0.00_w_4.0,9100,0,1,4000.0,None,160.0,120.0,40.0,0.0,None,None,"(DUMMY) 3-Terminal FETs PMOS Pads are ordered (from bottom-to-top): S, D, G, S, D, G, S, D, G, S, D, G"
'1182',FET,mod_dummy_fet_ov_nmos_lc_0.12_lch_0.16_lov_0.02_gateasym_0.00_w_4.0,9150,0,1,4000.0,None,160.0,120.0,20.0,0.0,None,None,"(DUMMY) 3-Terminal FETs NMOS Pads are ordered (from bottom-to-top): S, D, G, S, D, G, S, D, G, S, D, G"
'1183',FET,mod_dummy_fet_ov_pmos_lc_0.12_lch_0.16_lov_0.02_gateasym_0.00_w_4.0,9200,0,1,4000.0,None,160.0,120.0,20.0,0.0,None,None,"(DUMMY) 3-Terminal FETs PMOS Pads are ordered (from bottom-to-top): S, D, G, S, D, G, S, D, G, S, D, G"
'1184',FET,mod_dummy_fet_ov_nmos_lc_0.12_lch_0.16_lov_0.0_gateasym_0.00_w_4.0,9250,0,1,4000.0,None,160.0,120.0,0.0,0.0,None,None,"(DUMMY) 3-Terminal FETs NMOS Pads are ordered (from bottom-to-top): S, D, G, S, D, G, S, D, G, S, D, G"
'1185',FET,mod_dummy_fet_ov_pmos_lc_0.12_lch_0.16_lov_0.0_gateasym_0.00_w_4.0,9300,0,1,4000.0,None,160.0,120.0,0.0,0.0,None,None,"(DUMMY) 3-Terminal FETs PMOS Pads are ordered (from bottom-to-top): S, D, G, S, D, G, S, D, G, S, D, G"
'1186',FET,mod_dummy_fet_ov_nmos_lc_0.12_lch_0.16_lov_-0.01_gateasym_0.00_w_4.0,9350,0,1,4000.0,None,160.0,120.0,-10.0,0.0,None,None,"(DUMMY) 3-Terminal FETs NMOS Pads are ordered (from bottom-to-top): S, D, G, S, D, G, S, D, G, S, D, G"
'1187',FET,mod_dummy_fet_ov_pmos_lc_0.12_lch_0.16_lov_-0.01_gateasym_0.00_w_4.0,9400,0,1,4000.0,None,160.0,120.0,-10.0,0.0,None,None,"(DUMMY) 3-Terminal FETs PMOS Pads are ordered (from bottom-to-top): S, D, G, S, D, G, S, D, G, S, D, G"
'1188',FET,mod_dummy_fet_ov_nmos_lc_0.12_lch_0.12_lov_0.1_gateasym_0.00_w_4.0,9450,0,1,4000.0,None,120.0,120.0,100.0,0.0,None,None,"(DUMMY) 3-Terminal FETs NMOS Pads are ordered (from bottom-to-top): S, D, G, S, D, G, S, D, G, S, D, G"
'1189',FET,mod_dummy_fet_ov_pmos_lc_0.12_lch_0.12_lov_0.1_gateasym_0.00_w_4.0,9500,0,1,4000.0,None,120.0,120.0,100.0,0.0,None,None,"(DUMMY) 3-Terminal FETs PMOS Pads are ordered (from bottom-to-top): S, D, G, S, D, G, S, D, G, S, D, G"
'1190',FET,mod_dummy_fet_ov_nmos_lc_0.12_lch_0.12_lov_0.08_gateasym_0.00_w_4.0,9550,0,1,4000.0,None,120.0,120.0,80.0,0.0,None,None,"(DUMMY) 3-Terminal FETs NMOS Pads are ordered (from bottom-to-top): S, D, G, S, D, G, S, D, G, S, D, G"
'1191',FET,mod_dummy_fet_ov_pmos_lc_0.12_lch_0.12_lov_0.08_gateasym_0.00_w_4.0,9600,0,1,4000.0,None,120.0,120.0,80.0,0.0,None,None,"(DUMMY) 3-Terminal FETs PMOS Pads are ordered (from bottom-to-top): S, D, G, S, D, G, S, D, G, S, D, G"
'1192',FET,mod_dummy_fet_ov_nmos_lc_0.12_lch_0.12_lov_0.06_gateasym_0.00_w_4.0,9650,0,1,4000.0,None,120.0,120.0,60.0,0.0,None,None,"(DUMMY) 3-Terminal FETs NMOS Pads are ordered (from bottom-to-top): S, D, G, S, D, G, S, D, G, S, D, G"
'1193',FET,mod_dummy_fet_ov_pmos_lc_0.12_lch_0.12_lov_0.06_gateasym_0.00_w_4.0,9700,0,1,4000.0,None,120.0,120.0,60.0,0.0,None,None,"(DUMMY) 3-Terminal FETs PMOS Pads are ordered (from bottom-to-top): S, D, G, S, D, G, S, D, G, S, D, G"
'1194',FET,mod_dummy_fet_ov_nmos_lc_0.12_lch_0.12_lov_0.04_gateasym_0.00_w_4.0,9750,0,1,4000.0,None,120.0,120.0,40.0,0.0,None,None,"(DUMMY) 3-Terminal FETs NMOS Pads are ordered (from bottom-to-top): S, D, G, S, D, G, S, D, G, S, D, G"
'1195',FET,mod_dummy_fet_ov_pmos_lc_0.12_lch_0.12_lov_0.04_gateasym_0.00_w_4.0,9800,0,1,4000.0,None,120.0,120.0,40.0,0.0,None,None,"(DUMMY) 3-Terminal FETs PMOS Pads are ordered (from bottom-to-top): S, D, G, S, D, G, S, D, G, S, D, G"
'1196',FET,mod_dummy_fet_ov_nmos_lc_0.12_lch_0.12_lov_0.02_gateasym_0.00_w_4.0,9850,0,1,4000.0,None,120.0,120.0,20.0,0.0,None,None,"(DUMMY) 3-Terminal FETs NMOS Pads are ordered (from bottom-to-top): S, D, G, S, D, G, S, D, G, S, D, G"
'1197',FET,mod_dummy_fet_ov_pmos_lc_0.12_lch_0.12_lov_0.02_gateasym_0.00_w_4.0,9900,0,1,4000.0,None,120.0,120.0,20.0,0.0,None,None,"(DUMMY) 3-Terminal FETs PMOS Pads are ordered (from bottom-to-top): S, D, G, S, D, G, S, D, G, S, D, G"
'1198',FET,mod_dummy_fet_ov_nmos_lc_0.12_lch_0.12_lov_0.0_gateasym_0.00_w_4.0,9950,0,1,4000.0,None,120.0,120.0,0.0,0.0,None,None,"(DUMMY) 3-Terminal FETs NMOS Pads are ordered (from bottom-to-top): S, D, G, S, D, G, S, D, G, S, D, G"
'1199',FET,mod_dummy_fet_ov_pmos_lc_0.12_lch_0.12_lov_0.0_gateasym_0.00_w_4.0,10000,0,1,4000.0,None,120.0,120.0,0.0,0.0,None,None,"(DUMMY) 3-Terminal FETs PMOS Pads are ordered (from bottom-to-top): S, D, G, S, D, G, S, D, G, S, D, G"
'1200',FET,mod_dummy_fet_ov_nmos_lc_0.12_lch_0.12_lov_-0.01_gateasym_0.00_w_4.0,10050,0,1,4000.0,None,120.0,120.0,-10.0,0.0,None,None,"(DUMMY) 3-Terminal FETs NMOS Pads are ordered (from bottom-to-top): S, D, G, S, D, G, S, D, G, S, D, G"
'1201',FET,mod_dummy_fet_ov_pmos_lc_0.12_lch_0.12_lov_-0.01_gateasym_0.00_w_4.0,10100,0,1,4000.0,None,120.0,120.0,-10.0,0.0,None,None,"(DUMMY) 3-Terminal FETs PMOS Pads are ordered (from bottom-to-top): S, D, G, S, D, G, S, D, G, S, D, G"
'1202',FET,mod_dummy_fet_ov_nmos_lc_0.12_lch_0.08_lov_0.1_gateasym_0.00_w_4.0,10150,0,1,4000.0,None,80.0,120.0,100.0,0.0,None,None,"(DUMMY) 3-Terminal FETs NMOS Pads are ordered (from bottom-to-top): S, D, G, S, D, G, S, D, G, S, D, G"
'1203',FET,mod_dummy_fet_ov_pmos_lc_0.12_lch_0.08_lov_0.1_gateasym_0.00_w_4.0,10200,0,1,4000.0,None,80.0,120.0,100.0,0.0,None,None,"(DUMMY) 3-Terminal FETs PMOS Pads are ordered (from bottom-to-top): S, D, G, S, D, G, S, D, G, S, D, G"
'1204',FET,mod_dummy_fet_ov_nmos_lc_0.12_lch_0.08_lov_0.08_gateasym_0.00_w_4.0,10250,0,1,4000.0,None,80.0,120.0,80.0,0.0,None,None,"(DUMMY) 3-Terminal FETs NMOS Pads are ordered (from bottom-to-top): S, D, G, S, D, G, S, D, G, S, D, G"
'1205',FET,mod_dummy_fet_ov_pmos_lc_0.12_lch_0.08_lov_0.08_gateasym_0.00_w_4.0,10300,0,1,4000.0,None,80.0,120.0,80.0,0.0,None,None,"(DUMMY) 3-Terminal FETs PMOS Pads are ordered (from bottom-to-top): S, D, G, S, D, G, S, D, G, S, D, G"
'1206',FET,mod_dummy_fet_ov_nmos_lc_0.12_lch_0.08_lov_0.06_gateasym_0.00_w_4.0,10350,0,1,4000.0,None,80.0,120.0,60.0,0.0,None,None,"(DUMMY) 3-Terminal FETs NMOS Pads are ordered (from bottom-to-top): S, D, G, S, D, G, S, D, G, S, D, G"
'1207',FET,mod_dummy_fet_ov_pmos_lc_0.12_lch_0.08_lov_0.06_gateasym_0.00_w_4.0,10400,0,1,4000.0,None,80.0,120.0,60.0,0.0,None,None,"(DUMMY) 3-Terminal FETs PMOS Pads are ordered (from bottom-to-top): S, D, G, S, D, G, S, D, G, S, D, G"
'1208',FET,mod_dummy_fet_ov_nmos_lc_0.12_lch_0.08_lov_0.04_gateasym_0.00_w_4.0,10450,0,1,4000.0,None,80.0,120.0,40.0,0.0,None,None,"(DUMMY) 3-Terminal FETs NMOS Pads are ordered (from bottom-to-top): S, D, G, S, D, G, S, D, G, S, D, G"
'1209',FET,mod_dummy_fet_ov_pmos_lc_0.12_lch_0.08_lov_0.04_gateasym_0.00_w_4.0,10500,0,1,4000.0,None,80.0,120.0,40.0,0.0,None,None,"(DUMMY) 3-Terminal FETs PMOS Pads are ordered (from bottom-to-top): S, D, G, S, D, G, S, D, G, S, D, G"
'1210',FET,mod_dummy_fet_ov_nmos_lc_0.12_lch_0.08_lov_0.02_gateasym_0.00_w_4.0,10550,0,1,4000.0,None,80.0,120.0,20.0,0.0,None,None,"(DUMMY) 3-Terminal FETs NMOS Pads are ordered (from bottom-to-top): S, D, G, S, D, G, S, D, G, S, D, G"
'1211',FET,mod_dummy_fet_ov_pmos_lc_0.12_lch_0.08_lov_0.02_gateasym_0.00_w_4.0,10600,0,1,4000.0,None,80.0,120.0,20.0,0.0,None,None,"(DUMMY) 3-Terminal FETs PMOS Pads are ordered (from bottom-to-top): S, D, G, S, D, G, S, D, G, S, D, G"
'1212',FET,mod_dummy_fet_ov_nmos_lc_0.12_lch_0.08_lov_0.0_gateasym_0.00_w_4.0,10650,0,1,4000.0,None,80.0,120.0,0.0,0.0,None,None,"(DUMMY) 3-Terminal FETs NMOS Pads are ordered (from bottom-to-top): S, D, G, S, D, G, S, D, G, S, D, G"
'1213',FET,mod_dummy_fet_ov_pmos_lc_0.12_lch_0.08_lov_0.0_gateasym_0.00_w_4.0,10700,0,1,4000.0,None,80.0,120.0,0.0,0.0,None,None,"(DUMMY) 3-Terminal FETs PMOS Pads are ordered (from bottom-to-top): S, D, G, S, D, G, S, D, G, S, D, G"
'1214',FET,mod_dummy_fet_ov_nmos_lc_0.12_lch_0.08_lov_-0.01_gateasym_0.00_w_4.0,10750,0,1,4000.0,None,80.0,120.0,-10.0,0.0,None,None,"(DUMMY) 3-Terminal FETs NMOS Pads are ordered (from bottom-to-top): S, D, G, S, D, G, S, D, G, S, D, G"
'1215',FET,mod_dummy_fet_ov_pmos_lc_0.12_lch_0.08_lov_-0.01_gateasym_0.00_w_4.0,10800,0,1,4000.0,None,80.0,120.0,-10.0,0.0,None,None,"(DUMMY) 3-Terminal FETs PMOS Pads are ordered (from bottom-to-top): S, D, G, S, D, G, S, D, G, S, D, G"
'1216',FET,mod_dummy_fet_asym_nmos_lc_0.20_lch_0.16_lov_0.06_gateasym_-0.02_w_4.0,10900,0,1,4000.0,None,160.0,200.0,60.0,-20.0,None,None,"(DUMMY) 3-Terminal FETs NMOS Pads are ordered (from bottom-to-top): S, D, G, S, D, G, S, D, G, S, D, G"
'1217',FET,mod_dummy_fet_asym_pmos_lc_0.20_lch_0.16_lov_0.06_gateasym_-0.02_w_4.0,10950,0,1,4000.0,None,160.0,200.0,60.0,-20.0,None,None,"(DUMMY) 3-Terminal FETs PMOS Pads are ordered (from bottom-to-top): S, D, G, S, D, G, S, D, G, S, D, G"
'1218',FET,mod_dummy_fet_asym_nmos_lc_0.20_lch_0.16_lov_0.06_gateasym_-0.04_w_4.0,11000,0,1,4000.0,None,160.0,200.0,60.0,-40.0,None,None,"(DUMMY) 3-Terminal FETs NMOS Pads are ordered (from bottom-to-top): S, D, G, S, D, G, S, D, G, S, D, G"
'1219',FET,mod_dummy_fet_asym_pmos_lc_0.20_lch_0.16_lov_0.06_gateasym_-0.04_w_4.0,11050,0,1,4000.0,None,160.0,200.0,60.0,-40.0,None,None,"(DUMMY) 3-Terminal FETs PMOS Pads are ordered (from bottom-to-top): S, D, G, S, D, G, S, D, G, S, D, G"
'1220',FET,mod_dummy_fet_asym_nmos_lc_0.20_lch_0.16_lov_0.04_gateasym_-0.02_w_4.0,11100,0,1,4000.0,None,160.0,200.0,40.0,-20.0,None,None,"(DUMMY) 3-Terminal FETs NMOS Pads are ordered (from bottom-to-top): S, D, G, S, D, G, S, D, G, S, D, G"
'1221',FET,mod_dummy_fet_asym_pmos_lc_0.20_lch_0.16_lov_0.04_gateasym_-0.02_w_4.0,11150,0,1,4000.0,None,160.0,200.0,40.0,-20.0,None,None,"(DUMMY) 3-Terminal FETs PMOS Pads are ordered (from bottom-to-top): S, D, G, S, D, G, S, D, G, S, D, G"
'1222',FET,mod_dummy_fet_asym_nmos_lc_0.20_lch_0.16_lov_0.04_gateasym_-0.04_w_4.0,11200,0,1,4000.0,None,160.0,200.0,40.0,-40.0,None,None,"(DUMMY) 3-Terminal FETs NMOS Pads are ordered (from bottom-to-top): S, D, G, S, D, G, S, D, G, S, D, G"
'1223',FET,mod_dummy_fet_asym_pmos_lc_0.20_lch_0.16_lov_0.04_gateasym_-0.04_w_4.0,11250,0,1,4000.0,None,160.0,200.0,40.0,-40.0,None,None,"(DUMMY) 3-Terminal FETs PMOS Pads are ordered (from bottom-to-top): S, D, G, S, D, G, S, D, G, S, D, G"
'1224',FET,mod_dummy_fet_asym_nmos_lc_0.20_lch_0.16_lov_0.02_gateasym_-0.02_w_4.0,11300,0,1,4000.0,None,160.0,200.0,20.0,-20.0,None,None,"(DUMMY) 3-Terminal FETs NMOS Pads are ordered (from bottom-to-top): S, D, G, S, D, G, S, D, G, S, D, G"
'1225',FET,mod_dummy_fet_asym_pmos_lc_0.20_lch_0.16_lov_0.02_gateasym_-0.02_w_4.0,11350,0,1,4000.0,None,160.0,200.0,20.0,-20.0,None,None,"(DUMMY) 3-Terminal FETs PMOS Pads are ordered (from bottom-to-top): S, D, G, S, D, G, S, D, G, S, D, G"
'1226',FET,mod_dummy_fet_asym_nmos_lc_0.20_lch_0.16_lov_0.02_gateasym_-0.04_w_4.0,11400,0,1,4000.0,None,160.0,200.0,20.0,-40.0,None,None,"(DUMMY) 3-Terminal FETs NMOS Pads are ordered (from bottom-to-top): S, D, G, S, D, G, S, D, G, S, D, G"
'1227',FET,mod_dummy_fet_asym_pmos_lc_0.20_lch_0.16_lov_0.02_gateasym_-0.04_w_4.0,11450,0,1,4000.0,None,160.0,200.0,20.0,-40.0,None,None,"(DUMMY) 3-Terminal FETs PMOS Pads are ordered (from bottom-to-top): S, D, G, S, D, G, S, D, G, S, D, G"
'1228',FET,mod_dummy_fet_asym_nmos_lc_0.20_lch_0.12_lov_0.06_gateasym_-0.02_w_4.0,11500,0,1,4000.0,None,120.0,200.0,60.0,-20.0,None,None,"(DUMMY) 3-Terminal FETs NMOS Pads are ordered (from bottom-to-top): S, D, G, S, D, G, S, D, G, S, D, G"
'1229',FET,mod_dummy_fet_asym_pmos_lc_0.20_lch_0.12_lov_0.06_gateasym_-0.02_w_4.0,11550,0,1,4000.0,None,120.0,200.0,60.0,-20.0,None,None,"(DUMMY) 3-Terminal FETs PMOS Pads are ordered (from bottom-to-top): S, D, G, S, D, G, S, D, G, S, D, G"
'1230',FET,mod_dummy_fet_asym_nmos_lc_0.20_lch_0.12_lov_0.06_gateasym_-0.04_w_4.0,11600,0,1,4000.0,None,120.0,200.0,60.0,-40.0,None,None,"(DUMMY) 3-Terminal FETs NMOS Pads are ordered (from bottom-to-top): S, D, G, S, D, G, S, D, G, S, D, G"
'1231',FET,mod_dummy_fet_asym_pmos_lc_0.20_lch_0.12_lov_0.06_gateasym_-0.04_w_4.0,11650,0,1,4000.0,None,120.0,200.0,60.0,-40.0,None,None,"(DUMMY) 3-Terminal FETs PMOS Pads are ordered (from bottom-to-top): S, D, G, S, D, G, S, D, G, S, D, G"
'1232',FET,mod_dummy_fet_asym_nmos_lc_0.20_lch_0.12_lov_0.04_gateasym_-0.02_w_4.0,11700,0,1,4000.0,None,120.0,200.0,40.0,-20.0,None,None,"(DUMMY) 3-Terminal FETs NMOS Pads are ordered (from bottom-to-top): S, D, G, S, D, G, S, D, G, S, D, G"
'1233',FET,mod_dummy_fet_asym_pmos_lc_0.20_lch_0.12_lov_0.04_gateasym_-0.02_w_4.0,11750,0,1,4000.0,None,120.0,200.0,40.0,-20.0,None,None,"(DUMMY) 3-Terminal FETs PMOS Pads are ordered (from bottom-to-top): S, D, G, S, D, G, S, D, G, S, D, G"
'1234',FET,mod_dummy_fet_asym_nmos_lc_0.20_lch_0.12_lov_0.04_gateasym_-0.04_w_4.0,11800,0,1,4000.0,None,120.0,200.0,40.0,-40.0,None,None,"(DUMMY) 3-Terminal FETs NMOS Pads are ordered (from bottom-to-top): S, D, G, S, D, G, S, D, G, S, D, G"
'1235',FET,mod_dummy_fet_asym_pmos_lc_0.20_lch_0.12_lov_0.04_gateasym_-0.04_w_4.0,11850,0,1,4000.0,None,120.0,200.0,40.0,-40.0,None,None,"(DUMMY) 3-Terminal FETs PMOS Pads are ordered (from bottom-to-top): S, D, G, S, D, G, S, D, G, S, D, G"
'1236',FET,mod_dummy_fet_asym_nmos_lc_0.20_lch_0.12_lov_0.02_gateasym_-0.02_w_4.0,11900,0,1,4000.0,None,120.0,200.0,20.0,-20.0,None,None,"(DUMMY) 3-Terminal FETs NMOS Pads are ordered (from bottom-to-top): S, D, G, S, D, G, S, D, G, S, D, G"
'1237',FET,mod_dummy_fet_asym_pmos_lc_0.20_lch_0.12_lov_0.02_gateasym_-0.02_w_4.0,11950,0,1,4000.0,None,120.0,200.0,20.0,-20.0,None,None,"(DUMMY) 3-Terminal FETs PMOS Pads are ordered (from bottom-to-top): S, D, G, S, D, G, S, D, G, S, D, G"
'1238',FET,mod_dummy_fet_asym_nmos_lc_0.20_lch_0.12_lov_0.02_gateasym_-0.04_w_4.0,12000,0,1,4000.0,None,120.0,200.0,20.0,-40.0,None,None,"(DUMMY) 3-Terminal FETs NMOS Pads are ordered (from bottom-to-top): S, D, G, S, D, G, S, D, G, S, D, G"
'1239',FET,mod_dummy_fet_asym_pmos_lc_0.20_lch_0.12_lov_0.02_gateasym_-0.04_w_4.0,12050,0,1,4000.0,None,120.0,200.0,20.0,-40.0,None,None,"(DUMMY) 3-Terminal FETs PMOS Pads are ordered (from bottom-to-top): S, D, G, S, D, G, S, D, G, S, D, G"
'1240',FET,mod_dummy_fet_asym_nmos_lc_0.20_lch_0.08_lov_0.06_gateasym_-0.02_w_4.0,12100,0,1,4000.0,None,80.0,200.0,60.0,-20.0,None,None,"(DUMMY) 3-Terminal FETs NMOS Pads are ordered (from bottom-to-top): S, D, G, S, D, G, S, D, G, S, D, G"
'1241',FET,mod_dummy_fet_asym_pmos_lc_0.20_lch_0.08_lov_0.06_gateasym_-0.02_w_4.0,12150,0,1,4000.0,None,80.0,200.0,60.0,-20.0,None,None,"(DUMMY) 3-Terminal FETs PMOS Pads are ordered (from bottom-to-top): S, D, G, S, D, G, S, D, G, S, D, G"
'1242',FET,mod_dummy_fet_asym_nmos_lc_0.20_lch_0.08_lov_0.06_gateasym_-0.04_w_4.0,12200,0,1,4000.0,None,80.0,200.0,60.0,-40.0,None,None,"(DUMMY) 3-Terminal FETs NMOS Pads are ordered (from bottom-to-top): S, D, G, S, D, G, S, D, G, S, D, G"
'1243',FET,mod_dummy_fet_asym_pmos_lc_0.20_lch_0.08_lov_0.06_gateasym_-0.04_w_4.0,12250,0,1,4000.0,None,80.0,200.0,60.0,-40.0,None,None,"(DUMMY) 3-Terminal FETs PMOS Pads are ordered (from bottom-to-top): S, D, G, S, D, G, S, D, G, S, D, G"
'1244',FET,mod_dummy_fet_asym_nmos_lc_0.20_lch_0.08_lov_0.04_gateasym_-0.02_w_4.0,12300,0,1,4000.0,None,80.0,200.0,40.0,-20.0,None,None,"(DUMMY) 3-Terminal FETs NMOS Pads are ordered (from bottom-to-top): S, D, G, S, D, G, S, D, G, S, D, G"
'1245',FET,mod_dummy_fet_asym_pmos_lc_0.20_lch_0.08_lov_0.04_gateasym_-0.02_w_4.0,12350,0,1,4000.0,None,80.0,200.0,40.0,-20.0,None,None,"(DUMMY) 3-Terminal FETs PMOS Pads are ordered (from bottom-to-top): S, D, G, S, D, G, S, D, G, S, D, G"
'1246',FET,mod_dummy_fet_asym_nmos_lc_0.20_lch_0.08_lov_0.04_gateasym_-0.04_w_4.0,12400,0,1,4000.0,None,80.0,200.0,40.0,-40.0,None,None,"(DUMMY) 3-Terminal FETs NMOS Pads are ordered (from bottom-to-top): S, D, G, S, D, G, S, D, G, S, D, G"
'1247',FET,mod_dummy_fet_asym_pmos_lc_0.20_lch_0.08_lov_0.04_gateasym_-0.04_w_4.0,12450,0,1,4000.0,None,80.0,200.0,40.0,-40.0,None,None,"(DUMMY) 3-Terminal FETs PMOS Pads are ordered (from bottom-to-top): S, D, G, S, D, G, S, D, G, S, D, G"
'1248',FET,mod_dummy_fet_asym_nmos_lc_0.20_lch_0.08_lov_0.02_gateasym_-0.02_w_4.0,12500,0,1,4000.0,None,80.0,200.0,20.0,-20.0,None,None,"(DUMMY) 3-Terminal FETs NMOS Pads are ordered (from bottom-to-top): S, D, G, S, D, G, S, D, G, S, D, G"
'1249',FET,mod_dummy_fet_asym_pmos_lc_0.20_lch_0.08_lov_0.02_gateasym_-0.02_w_4.0,12550,0,1,4000.0,None,80.0,200.0,20.0,-20.0,None,None,"(DUMMY) 3-Terminal FETs PMOS Pads are ordered (from bottom-to-top): S, D, G, S, D, G, S, D, G, S, D, G"
'1250',FET,mod_dummy_fet_asym_nmos_lc_0.20_lch_0.08_lov_0.02_gateasym_-0.04_w_4.0,12600,0,1,4000.0,None,80.0,200.0,20.0,-40.0,None,None,"(DUMMY) 3-Terminal FETs NMOS Pads are ordered (from bottom-to-top): S, D, G, S, D, G, S, D, G, S, D, G"
'1251',FET,mod_dummy_fet_asym_pmos_lc_0.20_lch_0.08_lov_0.02_gateasym_-0.04_w_4.0,12650,0,1,4000.0,None,80.0,200.0,20.0,-40.0,None,None,"(DUMMY) 3-Terminal FETs PMOS Pads are ordered (from bottom-to-top): S, D, G, S, D, G, S, D, G, S, D, G"
'1252',FET,mod_dummy_fet_asym_nmos_lc_0.16_lch_0.16_lov_0.06_gateasym_-0.02_w_4.0,12700,0,1,4000.0,None,160.0,160.0,60.0,-20.0,None,None,"(DUMMY) 3-Terminal FETs NMOS Pads are ordered (from bottom-to-top): S, D, G, S, D, G, S, D, G, S, D, G"
'1253',FET,mod_dummy_fet_asym_pmos_lc_0.16_lch_0.16_lov_0.06_gateasym_-0.02_w_4.0,12750,0,1,4000.0,None,160.0,160.0,60.0,-20.0,None,None,"(DUMMY) 3-Terminal FETs PMOS Pads are ordered (from bottom-to-top): S, D, G, S, D, G, S, D, G, S, D, G"
'1254',FET,mod_dummy_fet_asym_nmos_lc_0.16_lch_0.16_lov_0.06_gateasym_-0.04_w_4.0,12800,0,1,4000.0,None,160.0,160.0,60.0,-40.0,None,None,"(DUMMY) 3-Terminal FETs NMOS Pads are ordered (from bottom-to-top): S, D, G, S, D, G, S, D, G, S, D, G"
'1255',FET,mod_dummy_fet_asym_pmos_lc_0.16_lch_0.16_lov_0.06_gateasym_-0.04_w_4.0,12850,0,1,4000.0,None,160.0,160.0,60.0,-40.0,None,None,"(DUMMY) 3-Terminal FETs PMOS Pads are ordered (from bottom-to-top): S, D, G, S, D, G, S, D, G, S, D, G"
'1256',FET,mod_dummy_fet_asym_nmos_lc_0.16_lch_0.16_lov_0.04_gateasym_-0.02_w_4.0,12900,0,1,4000.0,None,160.0,160.0,40.0,-20.0,None,None,"(DUMMY) 3-Terminal FETs NMOS Pads are ordered (from bottom-to-top): S, D, G, S, D, G, S, D, G, S, D, G"
'1257',FET,mod_dummy_fet_asym_pmos_lc_0.16_lch_0.16_lov_0.04_gateasym_-0.02_w_4.0,12950,0,1,4000.0,None,160.0,160.0,40.0,-20.0,None,None,"(DUMMY) 3-Terminal FETs PMOS Pads are ordered (from bottom-to-top): S, D, G, S, D, G, S, D, G, S, D, G"
'1258',FET,mod_dummy_fet_asym_nmos_lc_0.16_lch_0.16_lov_0.04_gateasym_-0.04_w_4.0,13000,0,1,4000.0,None,160.0,160.0,40.0,-40.0,None,None,"(DUMMY) 3-Terminal FETs NMOS Pads are ordered (from bottom-to-top): S, D, G, S, D, G, S, D, G, S, D, G"
'1259',FET,mod_dummy_fet_asym_pmos_lc_0.16_lch_0.16_lov_0.04_gateasym_-0.04_w_4.0,13050,0,1,4000.0,None,160.0,160.0,40.0,-40.0,None,None,"(DUMMY) 3-Terminal FETs PMOS Pads are ordered (from bottom-to-top): S, D, G, S, D, G, S, D, G, S, D, G"
'1260',FET,mod_dummy_fet_asym_nmos_lc_0.16_lch_0.16_lov_0.02_gateasym_-0.02_w_4.0,13100,0,1,4000.0,None,160.0,160.0,20.0,-20.0,None,None,"(DUMMY) 3-Terminal FETs NMOS Pads are ordered (from bottom-to-top): S, D, G, S, D, G, S, D, G, S, D, G"
'1261',FET,mod_dummy_fet_asym_pmos_lc_0.16_lch_0.16_lov_0.02_gateasym_-0.02_w_4.0,13150,0,1,4000.0,None,160.0,160.0,20.0,-20.0,None,None,"(DUMMY) 3-Terminal FETs PMOS Pads are ordered (from bottom-to-top): S, D, G, S, D, G, S, D, G, S, D, G"
'1262',FET,mod_dummy_fet_asym_nmos_lc_0.16_lch_0.16_lov_0.02_gateasym_-0.04_w_4.0,13200,0,1,4000.0,None,160.0,160.0,20.0,-40.0,None,None,"(DUMMY) 3-Terminal FETs NMOS Pads are ordered (from bottom-to-top): S, D, G, S, D, G, S, D, G, S, D, G"
'1263',FET,mod_dummy_fet_asym_pmos_lc_0.16_lch_0.16_lov_0.02_gateasym_-0.04_w_4.0,13250,0,1,4000.0,None,160.0,160.0,20.0,-40.0,None,None,"(DUMMY) 3-Terminal FETs PMOS Pads are ordered (from bottom-to-top): S, D, G, S, D, G, S, D, G, S, D, G"
'1264',FET,mod_dummy_fet_asym_nmos_lc_0.16_lch_0.12_lov_0.06_gateasym_-0.02_w_4.0,13300,0,1,4000.0,None,120.0,160.0,60.0,-20.0,None,None,"(DUMMY) 3-Terminal FETs NMOS Pads are ordered (from bottom-to-top): S, D, G, S, D, G, S, D, G, S, D, G"
'1265',FET,mod_dummy_fet_asym_pmos_lc_0.16_lch_0.12_lov_0.06_gateasym_-0.02_w_4.0,13350,0,1,4000.0,None,120.0,160.0,60.0,-20.0,None,None,"(DUMMY) 3-Terminal FETs PMOS Pads are ordered (from bottom-to-top): S, D, G, S, D, G, S, D, G, S, D, G"
'1266',FET,mod_dummy_fet_asym_nmos_lc_0.16_lch_0.12_lov_0.06_gateasym_-0.04_w_4.0,13400,0,1,4000.0,None,120.0,160.0,60.0,-40.0,None,None,"(DUMMY) 3-Terminal FETs NMOS Pads are ordered (from bottom-to-top): S, D, G, S, D, G, S, D, G, S, D, G"
'1267',FET,mod_dummy_fet_asym_pmos_lc_0.16_lch_0.12_lov_0.06_gateasym_-0.04_w_4.0,13450,0,1,4000.0,None,120.0,160.0,60.0,-40.0,None,None,"(DUMMY) 3-Terminal FETs PMOS Pads are ordered (from bottom-to-top): S, D, G, S, D, G, S, D, G, S, D, G"
'1268',FET,mod_dummy_fet_asym_nmos_lc_0.16_lch_0.12_lov_0.04_gateasym_-0.02_w_4.0,13500,0,1,4000.0,None,120.0,160.0,40.0,-20.0,None,None,"(DUMMY) 3-Terminal FETs NMOS Pads are ordered (from bottom-to-top): S, D, G, S, D, G, S, D, G, S, D, G"
'1269',FET,mod_dummy_fet_asym_pmos_lc_0.16_lch_0.12_lov_0.04_gateasym_-0.02_w_4.0,13550,0,1,4000.0,None,120.0,160.0,40.0,-20.0,None,None,"(DUMMY) 3-Terminal FETs PMOS Pads are ordered (from bottom-to-top): S, D, G, S, D, G, S, D, G, S, D, G"
'1270',FET,mod_dummy_fet_asym_nmos_lc_0.16_lch_0.12_lov_0.04_gateasym_-0.04_w_4.0,13600,0,1,4000.0,None,120.0,160.0,40.0,-40.0,None,None,"(DUMMY) 3-Terminal FETs NMOS Pads are ordered (from bottom-to-top): S, D, G, S, D, G, S, D, G, S, D, G"
'1271',FET,mod_dummy_fet_asym_pmos_lc_0.16_lch_0.12_lov_0.04_gateasym_-0.04_w_4.0,13650,0,1,4000.0,None,120.0,160.0,40.0,-40.0,None,None,"(DUMMY) 3-Terminal FETs PMOS Pads are ordered (from bottom-to-top): S, D, G, S, D, G, S, D, G, S, D, G"
'1272',FET,mod_dummy_fet_asym_nmos_lc_0.16_lch_0.12_lov_0.02_gateasym_-0.02_w_4.0,13700,0,1,4000.0,None,120.0,160.0,20.0,-20.0,None,None,"(DUMMY) 3-Terminal FETs NMOS Pads are ordered (from bottom-to-top): S, D, G, S, D, G, S, D, G, S, D, G"
'1273',FET,mod_dummy_fet_asym_pmos_lc_0.16_lch_0.12_lov_0.02_gateasym_-0.02_w_4.0,13750,0,1,4000.0,None,120.0,160.0,20.0,-20.0,None,None,"(DUMMY) 3-Terminal FETs PMOS Pads are ordered (from bottom-to-top): S, D, G, S, D, G, S, D, G, S, D, G"
'1274',FET,mod_dummy_fet_asym_nmos_lc_0.16_lch_0.12_lov_0.02_gateasym_-0.04_w_4.0,13800,0,1,4000.0,None,120.0,160.0,20.0,-40.0,None,None,"(DUMMY) 3-Terminal FETs NMOS Pads are ordered (from bottom-to-top): S, D, G, S, D, G, S, D, G, S, D, G"
'1275',FET,mod_dummy_fet_asym_pmos_lc_0.16_lch_0.12_lov_0.02_gateasym_-0.04_w_4.0,13850,0,1,4000.0,None,120.0,160.0,20.0,-40.0,None,None,"(DUMMY) 3-Terminal FETs PMOS Pads are ordered (from bottom-to-top): S, D, G, S, D, G, S, D, G, S, D, G"
'1276',FET,mod_dummy_fet_asym_nmos_lc_0.16_lch_0.08_lov_0.06_gateasym_-0.02_w_4.0,13900,0,1,4000.0,None,80.0,160.0,60.0,-20.0,None,None,"(DUMMY) 3-Terminal FETs NMOS Pads are ordered (from bottom-to-top): S, D, G, S, D, G, S, D, G, S, D, G"
'1277',FET,mod_dummy_fet_asym_pmos_lc_0.16_lch_0.08_lov_0.06_gateasym_-0.02_w_4.0,13950,0,1,4000.0,None,80.0,160.0,60.0,-20.0,None,None,"(DUMMY) 3-Terminal FETs PMOS Pads are ordered (from bottom-to-top): S, D, G, S, D, G, S, D, G, S, D, G"
'1278',FET,mod_dummy_fet_asym_nmos_lc_0.16_lch_0.08_lov_0.06_gateasym_-0.04_w_4.0,14000,0,1,4000.0,None,80.0,160.0,60.0,-40.0,None,None,"(DUMMY) 3-Terminal FETs NMOS Pads are ordered (from bottom-to-top): S, D, G, S, D, G, S, D, G, S, D, G"
'1279',FET,mod_dummy_fet_asym_pmos_lc_0.16_lch_0.08_lov_0.06_gateasym_-0.04_w_4.0,14050,0,1,4000.0,None,80.0,160.0,60.0,-40.0,None,None,"(DUMMY) 3-Terminal FETs PMOS Pads are ordered (from bottom-to-top): S, D, G, S, D, G, S, D, G, S, D, G"
'1280',FET,mod_dummy_fet_asym_nmos_lc_0.16_lch_0.08_lov_0.04_gateasym_-0.02_w_4.0,14100,0,1,4000.0,None,80.0,160.0,40.0,-20.0,None,None,"(DUMMY) 3-Terminal FETs NMOS Pads are ordered (from bottom-to-top): S, D, G, S, D, G, S, D, G, S, D, G"
'1281',FET,mod_dummy_fet_asym_pmos_lc_0.16_lch_0.08_lov_0.04_gateasym_-0.02_w_4.0,14150,0,1,4000.0,None,80.0,160.0,40.0,-20.0,None,None,"(DUMMY) 3-Terminal FETs PMOS Pads are ordered (from bottom-to-top): S, D, G, S, D, G, S, D, G, S, D, G"
'1282',FET,mod_dummy_fet_asym_nmos_lc_0.16_lch_0.08_lov_0.04_gateasym_-0.04_w_4.0,14200,0,1,4000.0,None,80.0,160.0,40.0,-40.0,None,None,"(DUMMY) 3-Terminal FETs NMOS Pads are ordered (from bottom-to-top): S, D, G, S, D, G, S, D, G, S, D, G"
'1283',FET,mod_dummy_fet_asym_pmos_lc_0.16_lch_0.08_lov_0.04_gateasym_-0.04_w_4.0,14250,0,1,4000.0,None,80.0,160.0,40.0,-40.0,None,None,"(DUMMY) 3-Terminal FETs PMOS Pads are ordered (from bottom-to-top): S, D, G, S, D, G, S, D, G, S, D, G"
'1284',FET,mod_dummy_fet_asym_nmos_lc_0.16_lch_0.08_lov_0.02_gateasym_-0.02_w_4.0,14300,0,1,4000.0,None,80.0,160.0,20.0,-20.0,None,None,"(DUMMY) 3-Terminal FETs NMOS Pads are ordered (from bottom-to-top): S, D, G, S, D, G, S, D, G, S, D, G"
'1285',FET,mod_dummy_fet_asym_pmos_lc_0.16_lch_0.08_lov_0.02_gateasym_-0.02_w_4.0,14350,0,1,4000.0,None,80.0,160.0,20.0,-20.0,None,None,"(DUMMY) 3-Terminal FETs PMOS Pads are ordered (from bottom-to-top): S, D, G, S, D, G, S, D, G, S, D, G"
'1286',FET,mod_dummy_fet_asym_nmos_lc_0.16_lch_0.08_lov_0.02_gateasym_-0.04_w_4.0,14400,0,1,4000.0,None,80.0,160.0,20.0,-40.0,None,None,"(DUMMY) 3-Terminal FETs NMOS Pads are ordered (from bottom-to-top): S, D, G, S, D, G, S, D, G, S, D, G"
'1287',FET,mod_dummy_fet_asym_pmos_lc_0.16_lch_0.08_lov_0.02_gateasym_-0.04_w_4.0,14450,0,1,4000.0,None,80.0,160.0,20.0,-40.0,None,None,"(DUMMY) 3-Terminal FETs PMOS Pads are ordered (from bottom-to-top): S, D, G, S, D, G, S, D, G, S, D, G"
'1288',FET,mod_dummy_fet_asym_nmos_lc_0.12_lch_0.16_lov_0.06_gateasym_-0.02_w_4.0,14500,0,1,4000.0,None,160.0,120.0,60.0,-20.0,None,None,"(DUMMY) 3-Terminal FETs NMOS Pads are ordered (from bottom-to-top): S, D, G, S, D, G, S, D, G, S, D, G"
'1289',FET,mod_dummy_fet_asym_pmos_lc_0.12_lch_0.16_lov_0.06_gateasym_-0.02_w_4.0,14550,0,1,4000.0,None,160.0,120.0,60.0,-20.0,None,None,"(DUMMY) 3-Terminal FETs PMOS Pads are ordered (from bottom-to-top): S, D, G, S, D, G, S, D, G, S, D, G"
'1290',FET,mod_dummy_fet_asym_nmos_lc_0.12_lch_0.16_lov_0.06_gateasym_-0.04_w_4.0,14600,0,1,4000.0,None,160.0,120.0,60.0,-40.0,None,None,"(DUMMY) 3-Terminal FETs NMOS Pads are ordered (from bottom-to-top): S, D, G, S, D, G, S, D, G, S, D, G"
'1291',FET,mod_dummy_fet_asym_pmos_lc_0.12_lch_0.16_lov_0.06_gateasym_-0.04_w_4.0,14650,0,1,4000.0,None,160.0,120.0,60.0,-40.0,None,None,"(DUMMY) 3-Terminal FETs PMOS Pads are ordered (from bottom-to-top): S, D, G, S, D, G, S, D, G, S, D, G"
'1292',FET,mod_dummy_fet_asym_nmos_lc_0.12_lch_0.16_lov_0.04_gateasym_-0.02_w_4.0,14700,0,1,4000.0,None,160.0,120.0,40.0,-20.0,None,None,"(DUMMY) 3-Terminal FETs NMOS Pads are ordered (from bottom-to-top): S, D, G, S, D, G, S, D, G, S, D, G"
'1293',FET,mod_dummy_fet_asym_pmos_lc_0.12_lch_0.16_lov_0.04_gateasym_-0.02_w_4.0,14750,0,1,4000.0,None,160.0,120.0,40.0,-20.0,None,None,"(DUMMY) 3-Terminal FETs PMOS Pads are ordered (from bottom-to-top): S, D, G, S, D, G, S, D, G, S, D, G"
'1294',FET,mod_dummy_fet_asym_nmos_lc_0.12_lch_0.16_lov_0.04_gateasym_-0.04_w_4.0,14800,0,1,4000.0,None,160.0,120.0,40.0,-40.0,None,None,"(DUMMY) 3-Terminal FETs NMOS Pads are ordered (from bottom-to-top): S, D, G, S, D, G, S, D, G, S, D, G"
'1295',FET,mod_dummy_fet_asym_pmos_lc_0.12_lch_0.16_lov_0.04_gateasym_-0.04_w_4.0,14850,0,1,4000.0,None,160.0,120.0,40.0,-40.0,None,None,"(DUMMY) 3-Terminal FETs PMOS Pads are ordered (from bottom-to-top): S, D, G, S, D, G, S, D, G, S, D, G"
'1296',FET,mod_dummy_fet_asym_nmos_lc_0.12_lch_0.16_lov_0.02_gateasym_-0.02_w_4.0,14900,0,1,4000.0,None,160.0,120.0,20.0,-20.0,None,None,"(DUMMY) 3-Terminal FETs NMOS Pads are ordered (from bottom-to-top): S, D, G, S, D, G, S, D, G, S, D, G"
'1297',FET,mod_dummy_fet_asym_pmos_lc_0.12_lch_0.16_lov_0.02_gateasym_-0.02_w_4.0,14950,0,1,4000.0,None,160.0,120.0,20.0,-20.0,None,None,"(DUMMY) 3-Terminal FETs PMOS Pads are ordered (from bottom-to-top): S, D, G, S, D, G, S, D, G, S, D, G"
'1298',FET,mod_dummy_fet_asym_nmos_lc_0.12_lch_0.16_lov_0.02_gateasym_-0.04_w_4.0,15000,0,1,4000.0,None,160.0,120.0,20.0,-40.0,None,None,"(DUMMY) 3-Terminal FETs NMOS Pads are ordered (from bottom-to-top): S, D, G, S, D, G, S, D, G, S, D, G"
'1299',FET,mod_dummy_fet_asym_pmos_lc_0.12_lch_0.16_lov_0.02_gateasym_-0.04_w_4.0,15050,0,1,4000.0,None,160.0,120.0,20.0,-40.0,None,None,"(DUMMY) 3-Terminal FETs PMOS Pads are ordered (from bottom-to-top): S, D, G, S, D, G, S, D, G, S, D, G"
'1300',FET,mod_dummy_fet_asym_nmos_lc_0.12_lch_0.12_lov_0.06_gateasym_-0.02_w_4.0,15100,0,1,4000.0,None,120.0,120.0,60.0,-20.0,None,None,"(DUMMY) 3-Terminal FETs NMOS Pads are ordered (from bottom-to-top): S, D, G, S, D, G, S, D, G, S, D, G"
'1301',FET,mod_dummy_fet_asym_pmos_lc_0.12_lch_0.12_lov_0.06_gateasym_-0.02_w_4.0,15150,0,1,4000.0,None,120.0,120.0,60.0,-20.0,None,None,"(DUMMY) 3-Terminal FETs PMOS Pads are ordered (from bottom-to-top): S, D, G, S, D, G, S, D, G, S, D, G"
'1302',FET,mod_dummy_fet_asym_nmos_lc_0.12_lch_0.12_lov_0.06_gateasym_-0.04_w_4.0,15200,0,1,4000.0,None,120.0,120.0,60.0,-40.0,None,None,"(DUMMY) 3-Terminal FETs NMOS Pads are ordered (from bottom-to-top): S, D, G, S, D, G, S, D, G, S, D, G"
'1303',FET,mod_dummy_fet_asym_pmos_lc_0.12_lch_0.12_lov_0.06_gateasym_-0.04_w_4.0,15250,0,1,4000.0,None,120.0,120.0,60.0,-40.0,None,None,"(DUMMY) 3-Terminal FETs PMOS Pads are ordered (from bottom-to-top): S, D, G, S, D, G, S, D, G, S, D, G"
'1304',FET,mod_dummy_fet_asym_nmos_lc_0.12_lch_0.12_lov_0.04_gateasym_-0.02_w_4.0,15300,0,1,4000.0,None,120.0,120.0,40.0,-20.0,None,None,"(DUMMY) 3-Terminal FETs NMOS Pads are ordered (from bottom-to-top): S, D, G, S, D, G, S, D, G, S, D, G"
'1305',FET,mod_dummy_fet_asym_pmos_lc_0.12_lch_0.12_lov_0.04_gateasym_-0.02_w_4.0,15350,0,1,4000.0,None,120.0,120.0,40.0,-20.0,None,None,"(DUMMY) 3-Terminal FETs PMOS Pads are ordered (from bottom-to-top): S, D, G, S, D, G, S, D, G, S, D, G"
'1306',FET,mod_dummy_fet_asym_nmos_lc_0.12_lch_0.12_lov_0.04_gateasym_-0.04_w_4.0,15400,0,1,4000.0,None,120.0,120.0,40.0,-40.0,None,None,"(DUMMY) 3-Terminal FETs NMOS Pads are ordered (from bottom-to-top): S, D, G, S, D, G, S, D, G, S, D, G"
'1307',FET,mod_dummy_fet_asym_pmos_lc_0.12_lch_0.12_lov_0.04_gateasym_-0.04_w_4.0,15450,0,1,4000.0,None,120.0,120.0,40.0,-40.0,None,None,"(DUMMY) 3-Terminal FETs PMOS Pads are ordered (from bottom-to-top): S, D, G, S, D, G, S, D, G, S, D, G"
'1308',FET,mod_dummy_fet_asym_nmos_lc_0.12_lch_0.12_lov_0.02_gateasym_-0.02_w_4.0,15500,0,1,4000.0,None,120.0,120.0,20.0,-20.0,None,None,"(DUMMY) 3-Terminal FETs NMOS Pads are ordered (from bottom-to-top): S, D, G, S, D, G, S, D, G, S, D, G"
'1309',FET,mod_dummy_fet_asym_pmos_lc_0.12_lch_0.12_lov_0.02_gateasym_-0.02_w_4.0,15550,0,1,4000.0,None,120.0,120.0,20.0,-20.0,None,None,"(DUMMY) 3-Terminal FETs PMOS Pads are ordered (from bottom-to-top): S, D, G, S, D, G, S, D, G, S, D, G"
'1310',FET,mod_dummy_fet_asym_nmos_lc_0.12_lch_0.12_lov_0.02_gateasym_-0.04_w_4.0,15600,0,1,4000.0,None,120.0,120.0,20.0,-40.0,None,None,"(DUMMY) 3-Terminal FETs NMOS Pads are ordered (from bottom-to-top): S, D, G, S, D, G, S, D, G, S, D, G"
'1311',FET,mod_dummy_fet_asym_pmos_lc_0.12_lch_0.12_lov_0.02_gateasym_-0.04_w_4.0,15650,0,1,4000.0,None,120.0,120.0,20.0,-40.0,None,None,"(DUMMY) 3-Terminal FETs PMOS Pads are ordered (from bottom-to-top): S, D, G, S, D, G, S, D, G, S, D, G"
'1312',FET,mod_dummy_fet_asym_nmos_lc_0.12_lch_0.08_lov_0.06_gateasym_-0.02_w_4.0,15700,0,1,4000.0,None,80.0,120.0,60.0,-20.0,None,None,"(DUMMY) 3-Terminal FETs NMOS Pads are ordered (from bottom-to-top): S, D, G, S, D, G, S, D, G, S, D, G"
'1313',FET,mod_dummy_fet_asym_pmos_lc_0.12_lch_0.08_lov_0.06_gateasym_-0.02_w_4.0,15750,0,1,4000.0,None,80.0,120.0,60.0,-20.0,None,None,"(DUMMY) 3-Terminal FETs PMOS Pads are ordered (from bottom-to-top): S, D, G, S, D, G, S, D, G, S, D, G"
'1314',FET,mod_dummy_fet_asym_nmos_lc_0.12_lch_0.08_lov_0.06_gateasym_-0.04_w_4.0,15800,0,1,4000.0,None,80.0,120.0,60.0,-40.0,None,None,"(DUMMY) 3-Terminal FETs NMOS Pads are ordered (from bottom-to-top): S, D, G, S, D, G, S, D, G, S, D, G"
'1315',FET,mod_dummy_fet_asym_pmos_lc_0.12_lch_0.08_lov_0.06_gateasym_-0.04_w_4.0,15850,0,1,4000.0,None,80.0,120.0,60.0,-40.0,None,None,"(DUMMY) 3-Terminal FETs PMOS Pads are ordered (from bottom-to-top): S, D, G, S, D, G, S, D, G, S, D, G"
'1316',FET,mod_dummy_fet_asym_nmos_lc_0.12_lch_0.08_lov_0.04_gateasym_-0.02_w_4.0,15900,0,1,4000.0,None,80.0,120.0,40.0,-20.0,None,None,"(DUMMY) 3-Terminal FETs NMOS Pads are ordered (from bottom-to-top): S, D, G, S, D, G, S, D, G, S, D, G"
'1317',FET,mod_dummy_fet_asym_pmos_lc_0.12_lch_0.08_lov_0.04_gateasym_-0.02_w_4.0,15950,0,1,4000.0,None,80.0,120.0,40.0,-20.0,None,None,"(DUMMY) 3-Terminal FETs PMOS Pads are ordered (from bottom-to-top): S, D, G, S, D, G, S, D, G, S, D, G"
'1318',FET,mod_dummy_fet_asym_nmos_lc_0.12_lch_0.08_lov_0.04_gateasym_-0.04_w_4.0,16000,0,1,4000.0,None,80.0,120.0,40.0,-40.0,None,None,"(DUMMY) 3-Terminal FETs NMOS Pads are ordered (from bottom-to-top): S, D, G, S, D, G, S, D, G, S, D, G"
'1319',FET,mod_dummy_fet_asym_pmos_lc_0.12_lch_0.08_lov_0.04_gateasym_-0.04_w_4.0,16050,0,1,4000.0,None,80.0,120.0,40.0,-40.0,None,None,"(DUMMY) 3-Terminal FETs PMOS Pads are ordered (from bottom-to-top): S, D, G, S, D, G, S, D, G, S, D, G"
'1320',FET,mod_dummy_fet_asym_nmos_lc_0.12_lch_0.08_lov_0.02_gateasym_-0.02_w_4.0,16100,0,1,4000.0,None,80.0,120.0,20.0,-20.0,None,None,"(DUMMY) 3-Terminal FETs NMOS Pads are ordered (from bottom-to-top): S, D, G, S, D, G, S, D, G, S, D, G"
'1321',FET,mod_dummy_fet_asym_pmos_lc_0.12_lch_0.08_lov_0.02_gateasym_-0.02_w_4.0,16150,0,1,4000.0,None,80.0,120.0,20.0,-20.0,None,None,"(DUMMY) 3-Terminal FETs PMOS Pads are ordered (from bottom-to-top): S, D, G, S, D, G, S, D, G, S, D, G"
'1322',FET,mod_dummy_fet_asym_nmos_lc_0.12_lch_0.08_lov_0.02_gateasym_-0.04_w_4.0,16200,0,1,4000.0,None,80.0,120.0,20.0,-40.0,None,None,"(DUMMY) 3-Terminal FETs NMOS Pads are ordered (from bottom-to-top): S, D, G, S, D, G, S, D, G, S, D, G"
'1323',FET,mod_dummy_fet_asym_pmos_lc_0.12_lch_0.08_lov_0.02_gateasym_-0.04_w_4.0,16250,0,1,4000.0,None,80.0,120.0,20.0,-40.0,None,None,"(DUMMY) 3-Terminal FETs PMOS Pads are ordered (from bottom-to-top): S, D, G, S, D, G, S, D, G, S, D, G"
'1324',FET,mod_fet_tlm_nmos_lc_0.40_lch_0.40_lov_0.06_gateasym_0.00_w_4.0,0,1170.0,6,4000.0,None,400.0,400.0,60.0,0.0,None,None,"3-Terminal FETs NMOS Pads are ordered (from bottom-to-top): S, D, G, S, D, G, S, D, G, S, D, G"
'1325',FET,mod_fet_tlm_pmos_lc_0.40_lch_0.40_lov_0.06_gateasym_0.00_w_4.0,50,1170.0,6,4000.0,None,400.0,400.0,60.0,0.0,None,None,"3-Terminal FETs PMOS Pads are ordered (from bottom-to-top): S, D, G, S, D, G, S, D, G, S, D, G"
'1326',FET,mod_fet_tlm_nmos_lc_0.40_lch_0.20_lov_0.06_gateasym_0.00_w_4.0,100,1170.0,6,4000.0,None,200.0,400.0,60.0,0.0,None,None,"3-Terminal FETs NMOS Pads are ordered (from bottom-to-top): S, D, G, S, D, G, S, D, G, S, D, G"
'1327',FET,mod_fet_tlm_pmos_lc_0.40_lch_0.20_lov_0.06_gateasym_0.00_w_4.0,150,1170.0,6,4000.0,None,200.0,400.0,60.0,0.0,None,None,"3-Terminal FETs PMOS Pads are ordered (from bottom-to-top): S, D, G, S, D, G, S, D, G, S, D, G"
'1328',FET,mod_fet_tlm_nmos_lc_0.40_lch_0.16_lov_0.06_gateasym_0.00_w_4.0,200,1170.0,6,4000.0,None,160.0,400.0,60.0,0.0,None,None,"3-Terminal FETs NMOS Pads are ordered (from bottom-to-top): S, D, G, S, D, G, S, D, G, S, D, G"
'1329',FET,mod_fet_tlm_pmos_lc_0.40_lch_0.16_lov_0.06_gateasym_0.00_w_4.0,250,1170.0,6,4000.0,None,160.0,400.0,60.0,0.0,None,None,"3-Terminal FETs PMOS Pads are ordered (from bottom-to-top): S, D, G, S, D, G, S, D, G, S, D, G"
'1330',FET,mod_fet_tlm_nmos_lc_0.40_lch_0.14_lov_0.06_gateasym_0.00_w_4.0,300,1170.0,6,4000.0,None,140.0,400.0,60.0,0.0,None,None,"3-Terminal FETs NMOS Pads are ordered (from bottom-to-top): S, D, G, S, D, G, S, D, G, S, D, G"
'1331',FET,mod_fet_tlm_pmos_lc_0.40_lch_0.14_lov_0.06_gateasym_0.00_w_4.0,350,1170.0,6,4000.0,None,140.0,400.0,60.0,0.0,None,None,"3-Terminal FETs PMOS Pads are ordered (from bottom-to-top): S, D, G, S, D, G, S, D, G, S, D, G"
'1332',FET,mod_fet_tlm_nmos_lc_0.40_lch_0.12_lov_0.06_gateasym_0.00_w_4.0,400,1170.0,6,4000.0,None,120.0,400.0,60.0,0.0,None,None,"3-Terminal FETs NMOS Pads are ordered (from bottom-to-top): S, D, G, S, D, G, S, D, G, S, D, G"
'1333',FET,mod_fet_tlm_pmos_lc_0.40_lch_0.12_lov_0.06_gateasym_0.00_w_4.0,450,1170.0,6,4000.0,None,120.0,400.0,60.0,0.0,None,None,"3-Terminal FETs PMOS Pads are ordered (from bottom-to-top): S, D, G, S, D, G, S, D, G, S, D, G"
'1334',FET,mod_fet_tlm_nmos_lc_0.40_lch_0.10_lov_0.06_gateasym_0.00_w_4.0,500,1170.0,6,4000.0,None,100.0,400.0,60.0,0.0,None,None,"3-Terminal FETs NMOS Pads are ordered (from bottom-to-top): S, D, G, S, D, G, S, D, G, S, D, G"
'1335',FET,mod_fet_tlm_pmos_lc_0.40_lch_0.10_lov_0.06_gateasym_0.00_w_4.0,550,1170.0,6,4000.0,None,100.0,400.0,60.0,0.0,None,None,"3-Terminal FETs PMOS Pads are ordered (from bottom-to-top): S, D, G, S, D, G, S, D, G, S, D, G"
'1336',FET,mod_fet_tlm_nmos_lc_0.40_lch_0.08_lov_0.06_gateasym_0.00_w_4.0,600,1170.0,6,4000.0,None,80.0,400.0,60.0,0.0,None,None,"3-Terminal FETs NMOS Pads are ordered (from bottom-to-top): S, D, G, S, D, G, S, D, G, S, D, G"
'1337',FET,mod_fet_tlm_pmos_lc_0.40_lch_0.08_lov_0.06_gateasym_0.00_w_4.0,650,1170.0,6,4000.0,None,80.0,400.0,60.0,0.0,None,None,"3-Terminal FETs PMOS Pads are ordered (from bottom-to-top): S, D, G, S, D, G, S, D, G, S, D, G"
'1338',FET,mod_fet_tlm_nmos_lc_0.40_lch_0.07_lov_0.06_gateasym_0.00_w_4.0,700,1170.0,6,4000.0,None,70.0,400.0,60.0,0.0,None,None,"3-Terminal FETs NMOS Pads are ordered (from bottom-to-top): S, D, G, S, D, G, S, D, G, S, D, G"
'1339',FET,mod_fet_tlm_pmos_lc_0.40_lch_0.07_lov_0.06_gateasym_0.00_w_4.0,750,1170.0,6,4000.0,None,70.0,400.0,60.0,0.0,None,None,"3-Terminal FETs PMOS Pads are ordered (from bottom-to-top): S, D, G, S, D, G, S, D, G, S, D, G"
'1340',FET,mod_fet_tlm_nmos_lc_0.40_lch_0.06_lov_0.06_gateasym_0.00_w_4.0,800,1170.0,6,4000.0,None,60.0,400.0,60.0,0.0,None,None,"3-Terminal FETs NMOS Pads are ordered (from bottom-to-top): S, D, G, S, D, G, S, D, G, S, D, G"
'1341',FET,mod_fet_tlm_pmos_lc_0.40_lch_0.06_lov_0.06_gateasym_0.00_w_4.0,850,1170.0,6,4000.0,None,60.0,400.0,60.0,0.0,None,None,"3-Terminal FETs PMOS Pads are ordered (from bottom-to-top): S, D, G, S, D, G, S, D, G, S, D, G"
'1342',FET,mod_fet_tlm_nmos_lc_0.20_lch_0.40_lov_0.06_gateasym_0.00_w_4.0,900,1170.0,6,4000.0,None,400.0,200.0,60.0,0.0,None,None,"3-Terminal FETs NMOS Pads are ordered (from bottom-to-top): S, D, G, S, D, G, S, D, G, S, D, G"
'1343',FET,mod_fet_tlm_pmos_lc_0.20_lch_0.40_lov_0.06_gateasym_0.00_w_4.0,950,1170.0,6,4000.0,None,400.0,200.0,60.0,0.0,None,None,"3-Terminal FETs PMOS Pads are ordered (from bottom-to-top): S, D, G, S, D, G, S, D, G, S, D, G"
'1344',FET,mod_fet_tlm_nmos_lc_0.20_lch_0.20_lov_0.06_gateasym_0.00_w_4.0,1000,1170.0,6,4000.0,None,200.0,200.0,60.0,0.0,None,None,"3-Terminal FETs NMOS Pads are ordered (from bottom-to-top): S, D, G, S, D, G, S, D, G, S, D, G"
'1345',FET,mod_fet_tlm_pmos_lc_0.20_lch_0.20_lov_0.06_gateasym_0.00_w_4.0,1050,1170.0,6,4000.0,None,200.0,200.0,60.0,0.0,None,None,"3-Terminal FETs PMOS Pads are ordered (from bottom-to-top): S, D, G, S, D, G, S, D, G, S, D, G"
'1346',FET,mod_fet_tlm_nmos_lc_0.20_lch_0.16_lov_0.06_gateasym_0.00_w_4.0,1100,1170.0,6,4000.0,None,160.0,200.0,60.0,0.0,None,None,"3-Terminal FETs NMOS Pads are ordered (from bottom-to-top): S, D, G, S, D, G, S, D, G, S, D, G"
'1347',FET,mod_fet_tlm_pmos_lc_0.20_lch_0.16_lov_0.06_gateasym_0.00_w_4.0,1150,1170.0,6,4000.0,None,160.0,200.0,60.0,0.0,None,None,"3-Terminal FETs PMOS Pads are ordered (from bottom-to-top): S, D, G, S, D, G, S, D, G, S, D, G"
'1348',FET,mod_fet_tlm_nmos_lc_0.20_lch_0.14_lov_0.06_gateasym_0.00_w_4.0,1200,1170.0,6,4000.0,None,140.0,200.0,60.0,0.0,None,None,"3-Terminal FETs NMOS Pads are ordered (from bottom-to-top): S, D, G, S, D, G, S, D, G, S, D, G"
'1349',FET,mod_fet_tlm_pmos_lc_0.20_lch_0.14_lov_0.06_gateasym_0.00_w_4.0,1250,1170.0,6,4000.0,None,140.0,200.0,60.0,0.0,None,None,"3-Terminal FETs PMOS Pads are ordered (from bottom-to-top): S, D, G, S, D, G, S, D, G, S, D, G"
'1350',FET,mod_fet_tlm_nmos_lc_0.20_lch_0.12_lov_0.06_gateasym_0.00_w_4.0,1300,1170.0,6,4000.0,None,120.0,200.0,60.0,0.0,None,None,"3-Terminal FETs NMOS Pads are ordered (from bottom-to-top): S, D, G, S, D, G, S, D, G, S, D, G"
'1351',FET,mod_fet_tlm_pmos_lc_0.20_lch_0.12_lov_0.06_gateasym_0.00_w_4.0,1350,1170.0,6,4000.0,None,120.0,200.0,60.0,0.0,None,None,"3-Terminal FETs PMOS Pads are ordered (from bottom-to-top): S, D, G, S, D, G, S, D, G, S, D, G"
'1352',FET,mod_fet_tlm_nmos_lc_0.20_lch_0.10_lov_0.06_gateasym_0.00_w_4.0,1400,1170.0,6,4000.0,None,100.0,200.0,60.0,0.0,None,None,"3-Terminal FETs NMOS Pads are ordered (from bottom-to-top): S, D, G, S, D, G, S, D, G, S, D, G"
'1353',FET,mod_fet_tlm_pmos_lc_0.20_lch_0.10_lov_0.06_gateasym_0.00_w_4.0,1450,1170.0,6,4000.0,None,100.0,200.0,60.0,0.0,None,None,"3-Terminal FETs PMOS Pads are ordered (from bottom-to-top): S, D, G, S, D, G, S, D, G, S, D, G"
'1354',FET,mod_fet_tlm_nmos_lc_0.20_lch_0.08_lov_0.06_gateasym_0.00_w_4.0,1500,1170.0,6,4000.0,None,80.0,200.0,60.0,0.0,None,None,"3-Terminal FETs NMOS Pads are ordered (from bottom-to-top): S, D, G, S, D, G, S, D, G, S, D, G"
'1355',FET,mod_fet_tlm_pmos_lc_0.20_lch_0.08_lov_0.06_gateasym_0.00_w_4.0,1550,1170.0,6,4000.0,None,80.0,200.0,60.0,0.0,None,None,"3-Terminal FETs PMOS Pads are ordered (from bottom-to-top): S, D, G, S, D, G, S, D, G, S, D, G"
'1356',FET,mod_fet_tlm_nmos_lc_0.20_lch_0.07_lov_0.06_gateasym_0.00_w_4.0,1600,1170.0,6,4000.0,None,70.0,200.0,60.0,0.0,None,None,"3-Terminal FETs NMOS Pads are ordered (from bottom-to-top): S, D, G, S, D, G, S, D, G, S, D, G"
'1357',FET,mod_fet_tlm_pmos_lc_0.20_lch_0.07_lov_0.06_gateasym_0.00_w_4.0,1650,1170.0,6,4000.0,None,70.0,200.0,60.0,0.0,None,None,"3-Terminal FETs PMOS Pads are ordered (from bottom-to-top): S, D, G, S, D, G, S, D, G, S, D, G"
'1358',FET,mod_fet_tlm_nmos_lc_0.20_lch_0.06_lov_0.06_gateasym_0.00_w_4.0,1700,1170.0,6,4000.0,None,60.0,200.0,60.0,0.0,None,None,"3-Terminal FETs NMOS Pads are ordered (from bottom-to-top): S, D, G, S, D, G, S, D, G, S, D, G"
'1359',FET,mod_fet_tlm_pmos_lc_0.20_lch_0.06_lov_0.06_gateasym_0.00_w_4.0,1750,1170.0,6,4000.0,None,60.0,200.0,60.0,0.0,None,None,"3-Terminal FETs PMOS Pads are ordered (from bottom-to-top): S, D, G, S, D, G, S, D, G, S, D, G"
'1360',FET,mod_fet_tlm_nmos_lc_0.16_lch_0.40_lov_0.06_gateasym_0.00_w_4.0,1800,1170.0,6,4000.0,None,400.0,160.0,60.0,0.0,None,None,"3-Terminal FETs NMOS Pads are ordered (from bottom-to-top): S, D, G, S, D, G, S, D, G, S, D, G"
'1361',FET,mod_fet_tlm_pmos_lc_0.16_lch_0.40_lov_0.06_gateasym_0.00_w_4.0,1850,1170.0,6,4000.0,None,400.0,160.0,60.0,0.0,None,None,"3-Terminal FETs PMOS Pads are ordered (from bottom-to-top): S, D, G, S, D, G, S, D, G, S, D, G"
'1362',FET,mod_fet_tlm_nmos_lc_0.16_lch_0.20_lov_0.06_gateasym_0.00_w_4.0,1900,1170.0,6,4000.0,None,200.0,160.0,60.0,0.0,None,None,"3-Terminal FETs NMOS Pads are ordered (from bottom-to-top): S, D, G, S, D, G, S, D, G, S, D, G"
'1363',FET,mod_fet_tlm_pmos_lc_0.16_lch_0.20_lov_0.06_gateasym_0.00_w_4.0,1950,1170.0,6,4000.0,None,200.0,160.0,60.0,0.0,None,None,"3-Terminal FETs PMOS Pads are ordered (from bottom-to-top): S, D, G, S, D, G, S, D, G, S, D, G"
'1364',FET,mod_fet_tlm_nmos_lc_0.16_lch_0.16_lov_0.06_gateasym_0.00_w_4.0,2000,1170.0,6,4000.0,None,160.0,160.0,60.0,0.0,None,None,"3-Terminal FETs NMOS Pads are ordered (from bottom-to-top): S, D, G, S, D, G, S, D, G, S, D, G"
'1365',FET,mod_fet_tlm_pmos_lc_0.16_lch_0.16_lov_0.06_gateasym_0.00_w_4.0,2050,1170.0,6,4000.0,None,160.0,160.0,60.0,0.0,None,None,"3-Terminal FETs PMOS Pads are ordered (from bottom-to-top): S, D, G, S, D, G, S, D, G, S, D, G"
'1366',FET,mod_fet_tlm_nmos_lc_0.16_lch_0.14_lov_0.06_gateasym_0.00_w_4.0,2100,1170.0,6,4000.0,None,140.0,160.0,60.0,0.0,None,None,"3-Terminal FETs NMOS Pads are ordered (from bottom-to-top): S, D, G, S, D, G, S, D, G, S, D, G"
'1367',FET,mod_fet_tlm_pmos_lc_0.16_lch_0.14_lov_0.06_gateasym_0.00_w_4.0,2150,1170.0,6,4000.0,None,140.0,160.0,60.0,0.0,None,None,"3-Terminal FETs PMOS Pads are ordered (from bottom-to-top): S, D, G, S, D, G, S, D, G, S, D, G"
'1368',FET,mod_fet_tlm_nmos_lc_0.16_lch_0.12_lov_0.06_gateasym_0.00_w_4.0,2200,1170.0,6,4000.0,None,120.0,160.0,60.0,0.0,None,None,"3-Terminal FETs NMOS Pads are ordered (from bottom-to-top): S, D, G, S, D, G, S, D, G, S, D, G"
'1369',FET,mod_fet_tlm_pmos_lc_0.16_lch_0.12_lov_0.06_gateasym_0.00_w_4.0,2250,1170.0,6,4000.0,None,120.0,160.0,60.0,0.0,None,None,"3-Terminal FETs PMOS Pads are ordered (from bottom-to-top): S, D, G, S, D, G, S, D, G, S, D, G"
'1370',FET,mod_fet_tlm_nmos_lc_0.16_lch_0.10_lov_0.06_gateasym_0.00_w_4.0,2300,1170.0,6,4000.0,None,100.0,160.0,60.0,0.0,None,None,"3-Terminal FETs NMOS Pads are ordered (from bottom-to-top): S, D, G, S, D, G, S, D, G, S, D, G"
'1371',FET,mod_fet_tlm_pmos_lc_0.16_lch_0.10_lov_0.06_gateasym_0.00_w_4.0,2350,1170.0,6,4000.0,None,100.0,160.0,60.0,0.0,None,None,"3-Terminal FETs PMOS Pads are ordered (from bottom-to-top): S, D, G, S, D, G, S, D, G, S, D, G"
'1372',FET,mod_fet_tlm_nmos_lc_0.16_lch_0.08_lov_0.06_gateasym_0.00_w_4.0,2400,1170.0,6,4000.0,None,80.0,160.0,60.0,0.0,None,None,"3-Terminal FETs NMOS Pads are ordered (from bottom-to-top): S, D, G, S, D, G, S, D, G, S, D, G"
'1373',FET,mod_fet_tlm_pmos_lc_0.16_lch_0.08_lov_0.06_gateasym_0.00_w_4.0,2450,1170.0,6,4000.0,None,80.0,160.0,60.0,0.0,None,None,"3-Terminal FETs PMOS Pads are ordered (from bottom-to-top): S, D, G, S, D, G, S, D, G, S, D, G"
'1374',FET,mod_fet_tlm_nmos_lc_0.16_lch_0.07_lov_0.06_gateasym_0.00_w_4.0,2500,1170.0,6,4000.0,None,70.0,160.0,60.0,0.0,None,None,"3-Terminal FETs NMOS Pads are ordered (from bottom-to-top): S, D, G, S, D, G, S, D, G, S, D, G"
'1375',FET,mod_fet_tlm_pmos_lc_0.16_lch_0.07_lov_0.06_gateasym_0.00_w_4.0,2550,1170.0,6,4000.0,None,70.0,160.0,60.0,0.0,None,None,"3-Terminal FETs PMOS Pads are ordered (from bottom-to-top): S, D, G, S, D, G, S, D, G, S, D, G"
'1376',FET,mod_fet_tlm_nmos_lc_0.16_lch_0.06_lov_0.06_gateasym_0.00_w_4.0,2600,1170.0,6,4000.0,None,60.0,160.0,60.0,0.0,None,None,"3-Terminal FETs NMOS Pads are ordered (from bottom-to-top): S, D, G, S, D, G, S, D, G, S, D, G"
'1377',FET,mod_fet_tlm_pmos_lc_0.16_lch_0.06_lov_0.06_gateasym_0.00_w_4.0,2650,1170.0,6,4000.0,None,60.0,160.0,60.0,0.0,None,None,"3-Terminal FETs PMOS Pads are ordered (from bottom-to-top): S, D, G, S, D, G, S, D, G, S, D, G"
'1378',FET,mod_fet_tlm_nmos_lc_0.12_lch_0.40_lov_0.06_gateasym_0.00_w_4.0,2700,1170.0,6,4000.0,None,400.0,120.0,60.0,0.0,None,None,"3-Terminal FETs NMOS Pads are ordered (from bottom-to-top): S, D, G, S, D, G, S, D, G, S, D, G"
'1379',FET,mod_fet_tlm_pmos_lc_0.12_lch_0.40_lov_0.06_gateasym_0.00_w_4.0,2750,1170.0,6,4000.0,None,400.0,120.0,60.0,0.0,None,None,"3-Terminal FETs PMOS Pads are ordered (from bottom-to-top): S, D, G, S, D, G, S, D, G, S, D, G"
'1380',FET,mod_fet_tlm_nmos_lc_0.12_lch_0.20_lov_0.06_gateasym_0.00_w_4.0,2800,1170.0,6,4000.0,None,200.0,120.0,60.0,0.0,None,None,"3-Terminal FETs NMOS Pads are ordered (from bottom-to-top): S, D, G, S, D, G, S, D, G, S, D, G"
'1381',FET,mod_fet_tlm_pmos_lc_0.12_lch_0.20_lov_0.06_gateasym_0.00_w_4.0,2850,1170.0,6,4000.0,None,200.0,120.0,60.0,0.0,None,None,"3-Terminal FETs PMOS Pads are ordered (from bottom-to-top): S, D, G, S, D, G, S, D, G, S, D, G"
'1382',FET,mod_fet_tlm_nmos_lc_0.12_lch_0.16_lov_0.06_gateasym_0.00_w_4.0,2900,1170.0,6,4000.0,None,160.0,120.0,60.0,0.0,None,None,"3-Terminal FETs NMOS Pads are ordered (from bottom-to-top): S, D, G, S, D, G, S, D, G, S, D, G"
'1383',FET,mod_fet_tlm_pmos_lc_0.12_lch_0.16_lov_0.06_gateasym_0.00_w_4.0,2950,1170.0,6,4000.0,None,160.0,120.0,60.0,0.0,None,None,"3-Terminal FETs PMOS Pads are ordered (from bottom-to-top): S, D, G, S, D, G, S, D, G, S, D, G"
'1384',FET,mod_fet_tlm_nmos_lc_0.12_lch_0.14_lov_0.06_gateasym_0.00_w_4.0,3000,1170.0,6,4000.0,None,140.0,120.0,60.0,0.0,None,None,"3-Terminal FETs NMOS Pads are ordered (from bottom-to-top): S, D, G, S, D, G, S, D, G, S, D, G"
'1385',FET,mod_fet_tlm_pmos_lc_0.12_lch_0.14_lov_0.06_gateasym_0.00_w_4.0,3050,1170.0,6,4000.0,None,140.0,120.0,60.0,0.0,None,None,"3-Terminal FETs PMOS Pads are ordered (from bottom-to-top): S, D, G, S, D, G, S, D, G, S, D, G"
'1386',FET,mod_fet_tlm_nmos_lc_0.12_lch_0.12_lov_0.06_gateasym_0.00_w_4.0,3100,1170.0,6,4000.0,None,120.0,120.0,60.0,0.0,None,None,"3-Terminal FETs NMOS Pads are ordered (from bottom-to-top): S, D, G, S, D, G, S, D, G, S, D, G"
'1387',FET,mod_fet_tlm_pmos_lc_0.12_lch_0.12_lov_0.06_gateasym_0.00_w_4.0,3150,1170.0,6,4000.0,None,120.0,120.0,60.0,0.0,None,None,"3-Terminal FETs PMOS Pads are ordered (from bottom-to-top): S, D, G, S, D, G, S, D, G, S, D, G"
'1388',FET,mod_fet_tlm_nmos_lc_0.12_lch_0.10_lov_0.06_gateasym_0.00_w_4.0,3200,1170.0,6,4000.0,None,100.0,120.0,60.0,0.0,None,None,"3-Terminal FETs NMOS Pads are ordered (from bottom-to-top): S, D, G, S, D, G, S, D, G, S, D, G"
'1389',FET,mod_fet_tlm_pmos_lc_0.12_lch_0.10_lov_0.06_gateasym_0.00_w_4.0,3250,1170.0,6,4000.0,None,100.0,120.0,60.0,0.0,None,None,"3-Terminal FETs PMOS Pads are ordered (from bottom-to-top): S, D, G, S, D, G, S, D, G, S, D, G"
'1390',FET,mod_fet_tlm_nmos_lc_0.12_lch_0.08_lov_0.06_gateasym_0.00_w_4.0,3300,1170.0,6,4000.0,None,80.0,120.0,60.0,0.0,None,None,"3-Terminal FETs NMOS Pads are ordered (from bottom-to-top): S, D, G, S, D, G, S, D, G, S, D, G"
'1391',FET,mod_fet_tlm_pmos_lc_0.12_lch_0.08_lov_0.06_gateasym_0.00_w_4.0,3350,1170.0,6,4000.0,None,80.0,120.0,60.0,0.0,None,None,"3-Terminal FETs PMOS Pads are ordered (from bottom-to-top): S, D, G, S, D, G, S, D, G, S, D, G"
'1392',FET,mod_fet_tlm_nmos_lc_0.12_lch_0.07_lov_0.06_gateasym_0.00_w_4.0,3400,1170.0,6,4000.0,None,70.0,120.0,60.0,0.0,None,None,"3-Terminal FETs NMOS Pads are ordered (from bottom-to-top): S, D, G, S, D, G, S, D, G, S, D, G"
'1393',FET,mod_fet_tlm_pmos_lc_0.12_lch_0.07_lov_0.06_gateasym_0.00_w_4.0,3450,1170.0,6,4000.0,None,70.0,120.0,60.0,0.0,None,None,"3-Terminal FETs PMOS Pads are ordered (from bottom-to-top): S, D, G, S, D, G, S, D, G, S, D, G"
'1394',FET,mod_fet_tlm_nmos_lc_0.12_lch_0.06_lov_0.06_gateasym_0.00_w_4.0,3500,1170.0,6,4000.0,None,60.0,120.0,60.0,0.0,None,None,"3-Terminal FETs NMOS Pads are ordered (from bottom-to-top): S, D, G, S, D, G, S, D, G, S, D, G"
'1395',FET,mod_fet_tlm_pmos_lc_0.12_lch_0.06_lov_0.06_gateasym_0.00_w_4.0,3550,1170.0,6,4000.0,None,60.0,120.0,60.0,0.0,None,None,"3-Terminal FETs PMOS Pads are ordered (from bottom-to-top): S, D, G, S, D, G, S, D, G, S, D, G"
'1396',FET,mod_fet_tlm_nmos_lc_0.08_lch_0.40_lov_0.06_gateasym_0.00_w_4.0,3600,1170.0,6,4000.0,None,400.0,80.0,60.0,0.0,None,None,"3-Terminal FETs NMOS Pads are ordered (from bottom-to-top): S, D, G, S, D, G, S, D, G, S, D, G"
'1397',FET,mod_fet_tlm_pmos_lc_0.08_lch_0.40_lov_0.06_gateasym_0.00_w_4.0,3650,1170.0,6,4000.0,None,400.0,80.0,60.0,0.0,None,None,"3-Terminal FETs PMOS Pads are ordered (from bottom-to-top): S, D, G, S, D, G, S, D, G, S, D, G"
'1398',FET,mod_fet_tlm_nmos_lc_0.08_lch_0.20_lov_0.06_gateasym_0.00_w_4.0,3700,1170.0,6,4000.0,None,200.0,80.0,60.0,0.0,None,None,"3-Terminal FETs NMOS Pads are ordered (from bottom-to-top): S, D, G, S, D, G, S, D, G, S, D, G"
'1399',FET,mod_fet_tlm_pmos_lc_0.08_lch_0.20_lov_0.06_gateasym_0.00_w_4.0,3750,1170.0,6,4000.0,None,200.0,80.0,60.0,0.0,None,None,"3-Terminal FETs PMOS Pads are ordered (from bottom-to-top): S, D, G, S, D, G, S, D, G, S, D, G"
'1400',FET,mod_fet_tlm_nmos_lc_0.08_lch_0.16_lov_0.06_gateasym_0.00_w_4.0,3800,1170.0,6,4000.0,None,160.0,80.0,60.0,0.0,None,None,"3-Terminal FETs NMOS Pads are ordered (from bottom-to-top): S, D, G, S, D, G, S, D, G, S, D, G"
'1401',FET,mod_fet_tlm_pmos_lc_0.08_lch_0.16_lov_0.06_gateasym_0.00_w_4.0,3850,1170.0,6,4000.0,None,160.0,80.0,60.0,0.0,None,None,"3-Terminal FETs PMOS Pads are ordered (from bottom-to-top): S, D, G, S, D, G, S, D, G, S, D, G"
'1402',FET,mod_fet_tlm_nmos_lc_0.08_lch_0.14_lov_0.06_gateasym_0.00_w_4.0,3900,1170.0,6,4000.0,None,140.0,80.0,60.0,0.0,None,None,"3-Terminal FETs NMOS Pads are ordered (from bottom-to-top): S, D, G, S, D, G, S, D, G, S, D, G"
'1403',FET,mod_fet_tlm_pmos_lc_0.08_lch_0.14_lov_0.06_gateasym_0.00_w_4.0,3950,1170.0,6,4000.0,None,140.0,80.0,60.0,0.0,None,None,"3-Terminal FETs PMOS Pads are ordered (from bottom-to-top): S, D, G, S, D, G, S, D, G, S, D, G"
'1404',FET,mod_fet_tlm_nmos_lc_0.08_lch_0.12_lov_0.06_gateasym_0.00_w_4.0,4000,1170.0,6,4000.0,None,120.0,80.0,60.0,0.0,None,None,"3-Terminal FETs NMOS Pads are ordered (from bottom-to-top): S, D, G, S, D, G, S, D, G, S, D, G"
'1405',FET,mod_fet_tlm_pmos_lc_0.08_lch_0.12_lov_0.06_gateasym_0.00_w_4.0,4050,1170.0,6,4000.0,None,120.0,80.0,60.0,0.0,None,None,"3-Terminal FETs PMOS Pads are ordered (from bottom-to-top): S, D, G, S, D, G, S, D, G, S, D, G"
'1406',FET,mod_fet_tlm_nmos_lc_0.08_lch_0.10_lov_0.06_gateasym_0.00_w_4.0,4100,1170.0,6,4000.0,None,100.0,80.0,60.0,0.0,None,None,"3-Terminal FETs NMOS Pads are ordered (from bottom-to-top): S, D, G, S, D, G, S, D, G, S, D, G"
'1407',FET,mod_fet_tlm_pmos_lc_0.08_lch_0.10_lov_0.06_gateasym_0.00_w_4.0,4150,1170.0,6,4000.0,None,100.0,80.0,60.0,0.0,None,None,"3-Terminal FETs PMOS Pads are ordered (from bottom-to-top): S, D, G, S, D, G, S, D, G, S, D, G"
'1408',FET,mod_fet_tlm_nmos_lc_0.08_lch_0.08_lov_0.06_gateasym_0.00_w_4.0,4200,1170.0,6,4000.0,None,80.0,80.0,60.0,0.0,None,None,"3-Terminal FETs NMOS Pads are ordered (from bottom-to-top): S, D, G, S, D, G, S, D, G, S, D, G"
'1409',FET,mod_fet_tlm_pmos_lc_0.08_lch_0.08_lov_0.06_gateasym_0.00_w_4.0,4250,1170.0,6,4000.0,None,80.0,80.0,60.0,0.0,None,None,"3-Terminal FETs PMOS Pads are ordered (from bottom-to-top): S, D, G, S, D, G, S, D, G, S, D, G"
'1410',FET,mod_fet_tlm_nmos_lc_0.08_lch_0.07_lov_0.06_gateasym_0.00_w_4.0,4300,1170.0,6,4000.0,None,70.0,80.0,60.0,0.0,None,None,"3-Terminal FETs NMOS Pads are ordered (from bottom-to-top): S, D, G, S, D, G, S, D, G, S, D, G"
'1411',FET,mod_fet_tlm_pmos_lc_0.08_lch_0.07_lov_0.06_gateasym_0.00_w_4.0,4350,1170.0,6,4000.0,None,70.0,80.0,60.0,0.0,None,None,"3-Terminal FETs PMOS Pads are ordered (from bottom-to-top): S, D, G, S, D, G, S, D, G, S, D, G"
'1412',FET,mod_fet_tlm_nmos_lc_0.08_lch_0.06_lov_0.06_gateasym_0.00_w_4.0,4400,1170.0,6,4000.0,None,60.0,80.0,60.0,0.0,None,None,"3-Terminal FETs NMOS Pads are ordered (from bottom-to-top): S, D, G, S, D, G, S, D, G, S, D, G"
'1413',FET,mod_fet_tlm_pmos_lc_0.08_lch_0.06_lov_0.06_gateasym_0.00_w_4.0,4450,1170.0,6,4000.0,None,60.0,80.0,60.0,0.0,None,None,"3-Terminal FETs PMOS Pads are ordered (from bottom-to-top): S, D, G, S, D, G, S, D, G, S, D, G"
'1414',FET,mod_fet_ov_nmos_lc_0.20_lch_0.16_lov_0.1_gateasym_0.00_w_4.0,4550,1170.0,6,4000.0,None,160.0,200.0,100.0,0.0,None,None,"3-Terminal FETs NMOS Pads are ordered (from bottom-to-top): S, D, G, S, D, G, S, D, G, S, D, G"
'1415',FET,mod_fet_ov_pmos_lc_0.20_lch_0.16_lov_0.1_gateasym_0.00_w_4.0,4600,1170.0,6,4000.0,None,160.0,200.0,100.0,0.0,None,None,"3-Terminal FETs PMOS Pads are ordered (from bottom-to-top): S, D, G, S, D, G, S, D, G, S, D, G"
'1416',FET,mod_fet_ov_nmos_lc_0.20_lch_0.16_lov_0.08_gateasym_0.00_w_4.0,4650,1170.0,6,4000.0,None,160.0,200.0,80.0,0.0,None,None,"3-Terminal FETs NMOS Pads are ordered (from bottom-to-top): S, D, G, S, D, G, S, D, G, S, D, G"
'1417',FET,mod_fet_ov_pmos_lc_0.20_lch_0.16_lov_0.08_gateasym_0.00_w_4.0,4700,1170.0,6,4000.0,None,160.0,200.0,80.0,0.0,None,None,"3-Terminal FETs PMOS Pads are ordered (from bottom-to-top): S, D, G, S, D, G, S, D, G, S, D, G"
'1418',FET,mod_fet_ov_nmos_lc_0.20_lch_0.16_lov_0.06_gateasym_0.00_w_4.0,4750,1170.0,6,4000.0,None,160.0,200.0,60.0,0.0,None,None,"3-Terminal FETs NMOS Pads are ordered (from bottom-to-top): S, D, G, S, D, G, S, D, G, S, D, G"
'1419',FET,mod_fet_ov_pmos_lc_0.20_lch_0.16_lov_0.06_gateasym_0.00_w_4.0,4800,1170.0,6,4000.0,None,160.0,200.0,60.0,0.0,None,None,"3-Terminal FETs PMOS Pads are ordered (from bottom-to-top): S, D, G, S, D, G, S, D, G, S, D, G"
'1420',FET,mod_fet_ov_nmos_lc_0.20_lch_0.16_lov_0.04_gateasym_0.00_w_4.0,4850,1170.0,6,4000.0,None,160.0,200.0,40.0,0.0,None,None,"3-Terminal FETs NMOS Pads are ordered (from bottom-to-top): S, D, G, S, D, G, S, D, G, S, D, G"
'1421',FET,mod_fet_ov_pmos_lc_0.20_lch_0.16_lov_0.04_gateasym_0.00_w_4.0,4900,1170.0,6,4000.0,None,160.0,200.0,40.0,0.0,None,None,"3-Terminal FETs PMOS Pads are ordered (from bottom-to-top): S, D, G, S, D, G, S, D, G, S, D, G"
'1422',FET,mod_fet_ov_nmos_lc_0.20_lch_0.16_lov_0.02_gateasym_0.00_w_4.0,4950,1170.0,6,4000.0,None,160.0,200.0,20.0,0.0,None,None,"3-Terminal FETs NMOS Pads are ordered (from bottom-to-top): S, D, G, S, D, G, S, D, G, S, D, G"
'1423',FET,mod_fet_ov_pmos_lc_0.20_lch_0.16_lov_0.02_gateasym_0.00_w_4.0,5000,1170.0,6,4000.0,None,160.0,200.0,20.0,0.0,None,None,"3-Terminal FETs PMOS Pads are ordered (from bottom-to-top): S, D, G, S, D, G, S, D, G, S, D, G"
'1424',FET,mod_fet_ov_nmos_lc_0.20_lch_0.16_lov_0.0_gateasym_0.00_w_4.0,5050,1170.0,6,4000.0,None,160.0,200.0,0.0,0.0,None,None,"3-Terminal FETs NMOS Pads are ordered (from bottom-to-top): S, D, G, S, D, G, S, D, G, S, D, G"
'1425',FET,mod_fet_ov_pmos_lc_0.20_lch_0.16_lov_0.0_gateasym_0.00_w_4.0,5100,1170.0,6,4000.0,None,160.0,200.0,0.0,0.0,None,None,"3-Terminal FETs PMOS Pads are ordered (from bottom-to-top): S, D, G, S, D, G, S, D, G, S, D, G"
'1426',FET,mod_fet_ov_nmos_lc_0.20_lch_0.16_lov_-0.01_gateasym_0.00_w_4.0,5150,1170.0,6,4000.0,None,160.0,200.0,-10.0,0.0,None,None,"3-Terminal FETs NMOS Pads are ordered (from bottom-to-top): S, D, G, S, D, G, S, D, G, S, D, G"
'1427',FET,mod_fet_ov_pmos_lc_0.20_lch_0.16_lov_-0.01_gateasym_0.00_w_4.0,5200,1170.0,6,4000.0,None,160.0,200.0,-10.0,0.0,None,None,"3-Terminal FETs PMOS Pads are ordered (from bottom-to-top): S, D, G, S, D, G, S, D, G, S, D, G"
'1428',FET,mod_fet_ov_nmos_lc_0.20_lch_0.12_lov_0.1_gateasym_0.00_w_4.0,5250,1170.0,6,4000.0,None,120.0,200.0,100.0,0.0,None,None,"3-Terminal FETs NMOS Pads are ordered (from bottom-to-top): S, D, G, S, D, G, S, D, G, S, D, G"
'1429',FET,mod_fet_ov_pmos_lc_0.20_lch_0.12_lov_0.1_gateasym_0.00_w_4.0,5300,1170.0,6,4000.0,None,120.0,200.0,100.0,0.0,None,None,"3-Terminal FETs PMOS Pads are ordered (from bottom-to-top): S, D, G, S, D, G, S, D, G, S, D, G"
'1430',FET,mod_fet_ov_nmos_lc_0.20_lch_0.12_lov_0.08_gateasym_0.00_w_4.0,5350,1170.0,6,4000.0,None,120.0,200.0,80.0,0.0,None,None,"3-Terminal FETs NMOS Pads are ordered (from bottom-to-top): S, D, G, S, D, G, S, D, G, S, D, G"
'1431',FET,mod_fet_ov_pmos_lc_0.20_lch_0.12_lov_0.08_gateasym_0.00_w_4.0,5400,1170.0,6,4000.0,None,120.0,200.0,80.0,0.0,None,None,"3-Terminal FETs PMOS Pads are ordered (from bottom-to-top): S, D, G, S, D, G, S, D, G, S, D, G"
'1432',FET,mod_fet_ov_nmos_lc_0.20_lch_0.12_lov_0.06_gateasym_0.00_w_4.0,5450,1170.0,6,4000.0,None,120.0,200.0,60.0,0.0,None,None,"3-Terminal FETs NMOS Pads are ordered (from bottom-to-top): S, D, G, S, D, G, S, D, G, S, D, G"
'1433',FET,mod_fet_ov_pmos_lc_0.20_lch_0.12_lov_0.06_gateasym_0.00_w_4.0,5500,1170.0,6,4000.0,None,120.0,200.0,60.0,0.0,None,None,"3-Terminal FETs PMOS Pads are ordered (from bottom-to-top): S, D, G, S, D, G, S, D, G, S, D, G"
'1434',FET,mod_fet_ov_nmos_lc_0.20_lch_0.12_lov_0.04_gateasym_0.00_w_4.0,5550,1170.0,6,4000.0,None,120.0,200.0,40.0,0.0,None,None,"3-Terminal FETs NMOS Pads are ordered (from bottom-to-top): S, D, G, S, D, G, S, D, G, S, D, G"
'1435',FET,mod_fet_ov_pmos_lc_0.20_lch_0.12_lov_0.04_gateasym_0.00_w_4.0,5600,1170.0,6,4000.0,None,120.0,200.0,40.0,0.0,None,None,"3-Terminal FETs PMOS Pads are ordered (from bottom-to-top): S, D, G, S, D, G, S, D, G, S, D, G"
'1436',FET,mod_fet_ov_nmos_lc_0.20_lch_0.12_lov_0.02_gateasym_0.00_w_4.0,5650,1170.0,6,4000.0,None,120.0,200.0,20.0,0.0,None,None,"3-Terminal FETs NMOS Pads are ordered (from bottom-to-top): S, D, G, S, D, G, S, D, G, S, D, G"
'1437',FET,mod_fet_ov_pmos_lc_0.20_lch_0.12_lov_0.02_gateasym_0.00_w_4.0,5700,1170.0,6,4000.0,None,120.0,200.0,20.0,0.0,None,None,"3-Terminal FETs PMOS Pads are ordered (from bottom-to-top): S, D, G, S, D, G, S, D, G, S, D, G"
'1438',FET,mod_fet_ov_nmos_lc_0.20_lch_0.12_lov_0.0_gateasym_0.00_w_4.0,5750,1170.0,6,4000.0,None,120.0,200.0,0.0,0.0,None,None,"3-Terminal FETs NMOS Pads are ordered (from bottom-to-top): S, D, G, S, D, G, S, D, G, S, D, G"
'1439',FET,mod_fet_ov_pmos_lc_0.20_lch_0.12_lov_0.0_gateasym_0.00_w_4.0,5800,1170.0,6,4000.0,None,120.0,200.0,0.0,0.0,None,None,"3-Terminal FETs PMOS Pads are ordered (from bottom-to-top): S, D, G, S, D, G, S, D, G, S, D, G"
'1440',FET,mod_fet_ov_nmos_lc_0.20_lch_0.12_lov_-0.01_gateasym_0.00_w_4.0,5850,1170.0,6,4000.0,None,120.0,200.0,-10.0,0.0,None,None,"3-Terminal FETs NMOS Pads are ordered (from bottom-to-top): S, D, G, S, D, G, S, D, G, S, D, G"
'1441',FET,mod_fet_ov_pmos_lc_0.20_lch_0.12_lov_-0.01_gateasym_0.00_w_4.0,5900,1170.0,6,4000.0,None,120.0,200.0,-10.0,0.0,None,None,"3-Terminal FETs PMOS Pads are ordered (from bottom-to-top): S, D, G, S, D, G, S, D, G, S, D, G"
'1442',FET,mod_fet_ov_nmos_lc_0.20_lch_0.08_lov_0.1_gateasym_0.00_w_4.0,5950,1170.0,6,4000.0,None,80.0,200.0,100.0,0.0,None,None,"3-Terminal FETs NMOS Pads are ordered (from bottom-to-top): S, D, G, S, D, G, S, D, G, S, D, G"
'1443',FET,mod_fet_ov_pmos_lc_0.20_lch_0.08_lov_0.1_gateasym_0.00_w_4.0,6000,1170.0,6,4000.0,None,80.0,200.0,100.0,0.0,None,None,"3-Terminal FETs PMOS Pads are ordered (from bottom-to-top): S, D, G, S, D, G, S, D, G, S, D, G"
'1444',FET,mod_fet_ov_nmos_lc_0.20_lch_0.08_lov_0.08_gateasym_0.00_w_4.0,6050,1170.0,6,4000.0,None,80.0,200.0,80.0,0.0,None,None,"3-Terminal FETs NMOS Pads are ordered (from bottom-to-top): S, D, G, S, D, G, S, D, G, S, D, G"
'1445',FET,mod_fet_ov_pmos_lc_0.20_lch_0.08_lov_0.08_gateasym_0.00_w_4.0,6100,1170.0,6,4000.0,None,80.0,200.0,80.0,0.0,None,None,"3-Terminal FETs PMOS Pads are ordered (from bottom-to-top): S, D, G, S, D, G, S, D, G, S, D, G"
'1446',FET,mod_fet_ov_nmos_lc_0.20_lch_0.08_lov_0.06_gateasym_0.00_w_4.0,6150,1170.0,6,4000.0,None,80.0,200.0,60.0,0.0,None,None,"3-Terminal FETs NMOS Pads are ordered (from bottom-to-top): S, D, G, S, D, G, S, D, G, S, D, G"
'1447',FET,mod_fet_ov_pmos_lc_0.20_lch_0.08_lov_0.06_gateasym_0.00_w_4.0,6200,1170.0,6,4000.0,None,80.0,200.0,60.0,0.0,None,None,"3-Terminal FETs PMOS Pads are ordered (from bottom-to-top): S, D, G, S, D, G, S, D, G, S, D, G"
'1448',FET,mod_fet_ov_nmos_lc_0.20_lch_0.08_lov_0.04_gateasym_0.00_w_4.0,6250,1170.0,6,4000.0,None,80.0,200.0,40.0,0.0,None,None,"3-Terminal FETs NMOS Pads are ordered (from bottom-to-top): S, D, G, S, D, G, S, D, G, S, D, G"
'1449',FET,mod_fet_ov_pmos_lc_0.20_lch_0.08_lov_0.04_gateasym_0.00_w_4.0,6300,1170.0,6,4000.0,None,80.0,200.0,40.0,0.0,None,None,"3-Terminal FETs PMOS Pads are ordered (from bottom-to-top): S, D, G, S, D, G, S, D, G, S, D, G"
'1450',FET,mod_fet_ov_nmos_lc_0.20_lch_0.08_lov_0.02_gateasym_0.00_w_4.0,6350,1170.0,6,4000.0,None,80.0,200.0,20.0,0.0,None,None,"3-Terminal FETs NMOS Pads are ordered (from bottom-to-top): S, D, G, S, D, G, S, D, G, S, D, G"
'1451',FET,mod_fet_ov_pmos_lc_0.20_lch_0.08_lov_0.02_gateasym_0.00_w_4.0,6400,1170.0,6,4000.0,None,80.0,200.0,20.0,0.0,None,None,"3-Terminal FETs PMOS Pads are ordered (from bottom-to-top): S, D, G, S, D, G, S, D, G, S, D, G"
'1452',FET,mod_fet_ov_nmos_lc_0.20_lch_0.08_lov_0.0_gateasym_0.00_w_4.0,6450,1170.0,6,4000.0,None,80.0,200.0,0.0,0.0,None,None,"3-Terminal FETs NMOS Pads are ordered (from bottom-to-top): S, D, G, S, D, G, S, D, G, S, D, G"
'1453',FET,mod_fet_ov_pmos_lc_0.20_lch_0.08_lov_0.0_gateasym_0.00_w_4.0,6500,1170.0,6,4000.0,None,80.0,200.0,0.0,0.0,None,None,"3-Terminal FETs PMOS Pads are ordered (from bottom-to-top): S, D, G, S, D, G, S, D, G, S, D, G"
'1454',FET,mod_fet_ov_nmos_lc_0.20_lch_0.08_lov_-0.01_gateasym_0.00_w_4.0,6550,1170.0,6,4000.0,None,80.0,200.0,-10.0,0.0,None,None,"3-Terminal FETs NMOS Pads are ordered (from bottom-to-top): S, D, G, S, D, G, S, D, G, S, D, G"
'1455',FET,mod_fet_ov_pmos_lc_0.20_lch_0.08_lov_-0.01_gateasym_0.00_w_4.0,6600,1170.0,6,4000.0,None,80.0,200.0,-10.0,0.0,None,None,"3-Terminal FETs PMOS Pads are ordered (from bottom-to-top): S, D, G, S, D, G, S, D, G, S, D, G"
'1456',FET,mod_fet_ov_nmos_lc_0.16_lch_0.16_lov_0.1_gateasym_0.00_w_4.0,6650,1170.0,6,4000.0,None,160.0,160.0,100.0,0.0,None,None,"3-Terminal FETs NMOS Pads are ordered (from bottom-to-top): S, D, G, S, D, G, S, D, G, S, D, G"
'1457',FET,mod_fet_ov_pmos_lc_0.16_lch_0.16_lov_0.1_gateasym_0.00_w_4.0,6700,1170.0,6,4000.0,None,160.0,160.0,100.0,0.0,None,None,"3-Terminal FETs PMOS Pads are ordered (from bottom-to-top): S, D, G, S, D, G, S, D, G, S, D, G"
'1458',FET,mod_fet_ov_nmos_lc_0.16_lch_0.16_lov_0.08_gateasym_0.00_w_4.0,6750,1170.0,6,4000.0,None,160.0,160.0,80.0,0.0,None,None,"3-Terminal FETs NMOS Pads are ordered (from bottom-to-top): S, D, G, S, D, G, S, D, G, S, D, G"
'1459',FET,mod_fet_ov_pmos_lc_0.16_lch_0.16_lov_0.08_gateasym_0.00_w_4.0,6800,1170.0,6,4000.0,None,160.0,160.0,80.0,0.0,None,None,"3-Terminal FETs PMOS Pads are ordered (from bottom-to-top): S, D, G, S, D, G, S, D, G, S, D, G"
'1460',FET,mod_fet_ov_nmos_lc_0.16_lch_0.16_lov_0.06_gateasym_0.00_w_4.0,6850,1170.0,6,4000.0,None,160.0,160.0,60.0,0.0,None,None,"3-Terminal FETs NMOS Pads are ordered (from bottom-to-top): S, D, G, S, D, G, S, D, G, S, D, G"
'1461',FET,mod_fet_ov_pmos_lc_0.16_lch_0.16_lov_0.06_gateasym_0.00_w_4.0,6900,1170.0,6,4000.0,None,160.0,160.0,60.0,0.0,None,None,"3-Terminal FETs PMOS Pads are ordered (from bottom-to-top): S, D, G, S, D, G, S, D, G, S, D, G"
'1462',FET,mod_fet_ov_nmos_lc_0.16_lch_0.16_lov_0.04_gateasym_0.00_w_4.0,6950,1170.0,6,4000.0,None,160.0,160.0,40.0,0.0,None,None,"3-Terminal FETs NMOS Pads are ordered (from bottom-to-top): S, D, G, S, D, G, S, D, G, S, D, G"
'1463',FET,mod_fet_ov_pmos_lc_0.16_lch_0.16_lov_0.04_gateasym_0.00_w_4.0,7000,1170.0,6,4000.0,None,160.0,160.0,40.0,0.0,None,None,"3-Terminal FETs PMOS Pads are ordered (from bottom-to-top): S, D, G, S, D, G, S, D, G, S, D, G"
'1464',FET,mod_fet_ov_nmos_lc_0.16_lch_0.16_lov_0.02_gateasym_0.00_w_4.0,7050,1170.0,6,4000.0,None,160.0,160.0,20.0,0.0,None,None,"3-Terminal FETs NMOS Pads are ordered (from bottom-to-top): S, D, G, S, D, G, S, D, G, S, D, G"
'1465',FET,mod_fet_ov_pmos_lc_0.16_lch_0.16_lov_0.02_gateasym_0.00_w_4.0,7100,1170.0,6,4000.0,None,160.0,160.0,20.0,0.0,None,None,"3-Terminal FETs PMOS Pads are ordered (from bottom-to-top): S, D, G, S, D, G, S, D, G, S, D, G"
'1466',FET,mod_fet_ov_nmos_lc_0.16_lch_0.16_lov_0.0_gateasym_0.00_w_4.0,7150,1170.0,6,4000.0,None,160.0,160.0,0.0,0.0,None,None,"3-Terminal FETs NMOS Pads are ordered (from bottom-to-top): S, D, G, S, D, G, S, D, G, S, D, G"
'1467',FET,mod_fet_ov_pmos_lc_0.16_lch_0.16_lov_0.0_gateasym_0.00_w_4.0,7200,1170.0,6,4000.0,None,160.0,160.0,0.0,0.0,None,None,"3-Terminal FETs PMOS Pads are ordered (from bottom-to-top): S, D, G, S, D, G, S, D, G, S, D, G"
'1468',FET,mod_fet_ov_nmos_lc_0.16_lch_0.16_lov_-0.01_gateasym_0.00_w_4.0,7250,1170.0,6,4000.0,None,160.0,160.0,-10.0,0.0,None,None,"3-Terminal FETs NMOS Pads are ordered (from bottom-to-top): S, D, G, S, D, G, S, D, G, S, D, G"
'1469',FET,mod_fet_ov_pmos_lc_0.16_lch_0.16_lov_-0.01_gateasym_0.00_w_4.0,7300,1170.0,6,4000.0,None,160.0,160.0,-10.0,0.0,None,None,"3-Terminal FETs PMOS Pads are ordered (from bottom-to-top): S, D, G, S, D, G, S, D, G, S, D, G"
'1470',FET,mod_fet_ov_nmos_lc_0.16_lch_0.12_lov_0.1_gateasym_0.00_w_4.0,7350,1170.0,6,4000.0,None,120.0,160.0,100.0,0.0,None,None,"3-Terminal FETs NMOS Pads are ordered (from bottom-to-top): S, D, G, S, D, G, S, D, G, S, D, G"
'1471',FET,mod_fet_ov_pmos_lc_0.16_lch_0.12_lov_0.1_gateasym_0.00_w_4.0,7400,1170.0,6,4000.0,None,120.0,160.0,100.0,0.0,None,None,"3-Terminal FETs PMOS Pads are ordered (from bottom-to-top): S, D, G, S, D, G, S, D, G, S, D, G"
'1472',FET,mod_fet_ov_nmos_lc_0.16_lch_0.12_lov_0.08_gateasym_0.00_w_4.0,7450,1170.0,6,4000.0,None,120.0,160.0,80.0,0.0,None,None,"3-Terminal FETs NMOS Pads are ordered (from bottom-to-top): S, D, G, S, D, G, S, D, G, S, D, G"
'1473',FET,mod_fet_ov_pmos_lc_0.16_lch_0.12_lov_0.08_gateasym_0.00_w_4.0,7500,1170.0,6,4000.0,None,120.0,160.0,80.0,0.0,None,None,"3-Terminal FETs PMOS Pads are ordered (from bottom-to-top): S, D, G, S, D, G, S, D, G, S, D, G"
'1474',FET,mod_fet_ov_nmos_lc_0.16_lch_0.12_lov_0.06_gateasym_0.00_w_4.0,7550,1170.0,6,4000.0,None,120.0,160.0,60.0,0.0,None,None,"3-Terminal FETs NMOS Pads are ordered (from bottom-to-top): S, D, G, S, D, G, S, D, G, S, D, G"
'1475',FET,mod_fet_ov_pmos_lc_0.16_lch_0.12_lov_0.06_gateasym_0.00_w_4.0,7600,1170.0,6,4000.0,None,120.0,160.0,60.0,0.0,None,None,"3-Terminal FETs PMOS Pads are ordered (from bottom-to-top): S, D, G, S, D, G, S, D, G, S, D, G"
'1476',FET,mod_fet_ov_nmos_lc_0.16_lch_0.12_lov_0.04_gateasym_0.00_w_4.0,7650,1170.0,6,4000.0,None,120.0,160.0,40.0,0.0,None,None,"3-Terminal FETs NMOS Pads are ordered (from bottom-to-top): S, D, G, S, D, G, S, D, G, S, D, G"
'1477',FET,mod_fet_ov_pmos_lc_0.16_lch_0.12_lov_0.04_gateasym_0.00_w_4.0,7700,1170.0,6,4000.0,None,120.0,160.0,40.0,0.0,None,None,"3-Terminal FETs PMOS Pads are ordered (from bottom-to-top): S, D, G, S, D, G, S, D, G, S, D, G"
'1478',FET,mod_fet_ov_nmos_lc_0.16_lch_0.12_lov_0.02_gateasym_0.00_w_4.0,7750,1170.0,6,4000.0,None,120.0,160.0,20.0,0.0,None,None,"3-Terminal FETs NMOS Pads are ordered (from bottom-to-top): S, D, G, S, D, G, S, D, G, S, D, G"
'1479',FET,mod_fet_ov_pmos_lc_0.16_lch_0.12_lov_0.02_gateasym_0.00_w_4.0,7800,1170.0,6,4000.0,None,120.0,160.0,20.0,0.0,None,None,"3-Terminal FETs PMOS Pads are ordered (from bottom-to-top): S, D, G, S, D, G, S, D, G, S, D, G"
'1480',FET,mod_fet_ov_nmos_lc_0.16_lch_0.12_lov_0.0_gateasym_0.00_w_4.0,7850,1170.0,6,4000.0,None,120.0,160.0,0.0,0.0,None,None,"3-Terminal FETs NMOS Pads are ordered (from bottom-to-top): S, D, G, S, D, G, S, D, G, S, D, G"
'1481',FET,mod_fet_ov_pmos_lc_0.16_lch_0.12_lov_0.0_gateasym_0.00_w_4.0,7900,1170.0,6,4000.0,None,120.0,160.0,0.0,0.0,None,None,"3-Terminal FETs PMOS Pads are ordered (from bottom-to-top): S, D, G, S, D, G, S, D, G, S, D, G"
'1482',FET,mod_fet_ov_nmos_lc_0.16_lch_0.12_lov_-0.01_gateasym_0.00_w_4.0,7950,1170.0,6,4000.0,None,120.0,160.0,-10.0,0.0,None,None,"3-Terminal FETs NMOS Pads are ordered (from bottom-to-top): S, D, G, S, D, G, S, D, G, S, D, G"
'1483',FET,mod_fet_ov_pmos_lc_0.16_lch_0.12_lov_-0.01_gateasym_0.00_w_4.0,8000,1170.0,6,4000.0,None,120.0,160.0,-10.0,0.0,None,None,"3-Terminal FETs PMOS Pads are ordered (from bottom-to-top): S, D, G, S, D, G, S, D, G, S, D, G"
'1484',FET,mod_fet_ov_nmos_lc_0.16_lch_0.08_lov_0.1_gateasym_0.00_w_4.0,8050,1170.0,6,4000.0,None,80.0,160.0,100.0,0.0,None,None,"3-Terminal FETs NMOS Pads are ordered (from bottom-to-top): S, D, G, S, D, G, S, D, G, S, D, G"
'1485',FET,mod_fet_ov_pmos_lc_0.16_lch_0.08_lov_0.1_gateasym_0.00_w_4.0,8100,1170.0,6,4000.0,None,80.0,160.0,100.0,0.0,None,None,"3-Terminal FETs PMOS Pads are ordered (from bottom-to-top): S, D, G, S, D, G, S, D, G, S, D, G"
'1486',FET,mod_fet_ov_nmos_lc_0.16_lch_0.08_lov_0.08_gateasym_0.00_w_4.0,8150,1170.0,6,4000.0,None,80.0,160.0,80.0,0.0,None,None,"3-Terminal FETs NMOS Pads are ordered (from bottom-to-top): S, D, G, S, D, G, S, D, G, S, D, G"
'1487',FET,mod_fet_ov_pmos_lc_0.16_lch_0.08_lov_0.08_gateasym_0.00_w_4.0,8200,1170.0,6,4000.0,None,80.0,160.0,80.0,0.0,None,None,"3-Terminal FETs PMOS Pads are ordered (from bottom-to-top): S, D, G, S, D, G, S, D, G, S, D, G"
'1488',FET,mod_fet_ov_nmos_lc_0.16_lch_0.08_lov_0.06_gateasym_0.00_w_4.0,8250,1170.0,6,4000.0,None,80.0,160.0,60.0,0.0,None,None,"3-Terminal FETs NMOS Pads are ordered (from bottom-to-top): S, D, G, S, D, G, S, D, G, S, D, G"
'1489',FET,mod_fet_ov_pmos_lc_0.16_lch_0.08_lov_0.06_gateasym_0.00_w_4.0,8300,1170.0,6,4000.0,None,80.0,160.0,60.0,0.0,None,None,"3-Terminal FETs PMOS Pads are ordered (from bottom-to-top): S, D, G, S, D, G, S, D, G, S, D, G"
'1490',FET,mod_fet_ov_nmos_lc_0.16_lch_0.08_lov_0.04_gateasym_0.00_w_4.0,8350,1170.0,6,4000.0,None,80.0,160.0,40.0,0.0,None,None,"3-Terminal FETs NMOS Pads are ordered (from bottom-to-top): S, D, G, S, D, G, S, D, G, S, D, G"
'1491',FET,mod_fet_ov_pmos_lc_0.16_lch_0.08_lov_0.04_gateasym_0.00_w_4.0,8400,1170.0,6,4000.0,None,80.0,160.0,40.0,0.0,None,None,"3-Terminal FETs PMOS Pads are ordered (from bottom-to-top): S, D, G, S, D, G, S, D, G, S, D, G"
'1492',FET,mod_fet_ov_nmos_lc_0.16_lch_0.08_lov_0.02_gateasym_0.00_w_4.0,8450,1170.0,6,4000.0,None,80.0,160.0,20.0,0.0,None,None,"3-Terminal FETs NMOS Pads are ordered (from bottom-to-top): S, D, G, S, D, G, S, D, G, S, D, G"
'1493',FET,mod_fet_ov_pmos_lc_0.16_lch_0.08_lov_0.02_gateasym_0.00_w_4.0,8500,1170.0,6,4000.0,None,80.0,160.0,20.0,0.0,None,None,"3-Terminal FETs PMOS Pads are ordered (from bottom-to-top): S, D, G, S, D, G, S, D, G, S, D, G"
'1494',FET,mod_fet_ov_nmos_lc_0.16_lch_0.08_lov_0.0_gateasym_0.00_w_4.0,8550,1170.0,6,4000.0,None,80.0,160.0,0.0,0.0,None,None,"3-Terminal FETs NMOS Pads are ordered (from bottom-to-top): S, D, G, S, D, G, S, D, G, S, D, G"
'1495',FET,mod_fet_ov_pmos_lc_0.16_lch_0.08_lov_0.0_gateasym_0.00_w_4.0,8600,1170.0,6,4000.0,None,80.0,160.0,0.0,0.0,None,None,"3-Terminal FETs PMOS Pads are ordered (from bottom-to-top): S, D, G, S, D, G, S, D, G, S, D, G"
'1496',FET,mod_fet_ov_nmos_lc_0.16_lch_0.08_lov_-0.01_gateasym_0.00_w_4.0,8650,1170.0,6,4000.0,None,80.0,160.0,-10.0,0.0,None,None,"3-Terminal FETs NMOS Pads are ordered (from bottom-to-top): S, D, G, S, D, G, S, D, G, S, D, G"
'1497',FET,mod_fet_ov_pmos_lc_0.16_lch_0.08_lov_-0.01_gateasym_0.00_w_4.0,8700,1170.0,6,4000.0,None,80.0,160.0,-10.0,0.0,None,None,"3-Terminal FETs PMOS Pads are ordered (from bottom-to-top): S, D, G, S, D, G, S, D, G, S, D, G"
'1498',FET,mod_fet_ov_nmos_lc_0.12_lch_0.16_lov_0.1_gateasym_0.00_w_4.0,8750,1170.0,6,4000.0,None,160.0,120.0,100.0,0.0,None,None,"3-Terminal FETs NMOS Pads are ordered (from bottom-to-top): S, D, G, S, D, G, S, D, G, S, D, G"
'1499',FET,mod_fet_ov_pmos_lc_0.12_lch_0.16_lov_0.1_gateasym_0.00_w_4.0,8800,1170.0,6,4000.0,None,160.0,120.0,100.0,0.0,None,None,"3-Terminal FETs PMOS Pads are ordered (from bottom-to-top): S, D, G, S, D, G, S, D, G, S, D, G"
'1500',FET,mod_fet_ov_nmos_lc_0.12_lch_0.16_lov_0.08_gateasym_0.00_w_4.0,8850,1170.0,6,4000.0,None,160.0,120.0,80.0,0.0,None,None,"3-Terminal FETs NMOS Pads are ordered (from bottom-to-top): S, D, G, S, D, G, S, D, G, S, D, G"
'1501',FET,mod_fet_ov_pmos_lc_0.12_lch_0.16_lov_0.08_gateasym_0.00_w_4.0,8900,1170.0,6,4000.0,None,160.0,120.0,80.0,0.0,None,None,"3-Terminal FETs PMOS Pads are ordered (from bottom-to-top): S, D, G, S, D, G, S, D, G, S, D, G"
'1502',FET,mod_fet_ov_nmos_lc_0.12_lch_0.16_lov_0.06_gateasym_0.00_w_4.0,8950,1170.0,6,4000.0,None,160.0,120.0,60.0,0.0,None,None,"3-Terminal FETs NMOS Pads are ordered (from bottom-to-top): S, D, G, S, D, G, S, D, G, S, D, G"
'1503',FET,mod_fet_ov_pmos_lc_0.12_lch_0.16_lov_0.06_gateasym_0.00_w_4.0,9000,1170.0,6,4000.0,None,160.0,120.0,60.0,0.0,None,None,"3-Terminal FETs PMOS Pads are ordered (from bottom-to-top): S, D, G, S, D, G, S, D, G, S, D, G"
'1504',FET,mod_fet_ov_nmos_lc_0.12_lch_0.16_lov_0.04_gateasym_0.00_w_4.0,9050,1170.0,6,4000.0,None,160.0,120.0,40.0,0.0,None,None,"3-Terminal FETs NMOS Pads are ordered (from bottom-to-top): S, D, G, S, D, G, S, D, G, S, D, G"
'1505',FET,mod_fet_ov_pmos_lc_0.12_lch_0.16_lov_0.04_gateasym_0.00_w_4.0,9100,1170.0,6,4000.0,None,160.0,120.0,40.0,0.0,None,None,"3-Terminal FETs PMOS Pads are ordered (from bottom-to-top): S, D, G, S, D, G, S, D, G, S, D, G"
'1506',FET,mod_fet_ov_nmos_lc_0.12_lch_0.16_lov_0.02_gateasym_0.00_w_4.0,9150,1170.0,6,4000.0,None,160.0,120.0,20.0,0.0,None,None,"3-Terminal FETs NMOS Pads are ordered (from bottom-to-top): S, D, G, S, D, G, S, D, G, S, D, G"
'1507',FET,mod_fet_ov_pmos_lc_0.12_lch_0.16_lov_0.02_gateasym_0.00_w_4.0,9200,1170.0,6,4000.0,None,160.0,120.0,20.0,0.0,None,None,"3-Terminal FETs PMOS Pads are ordered (from bottom-to-top): S, D, G, S, D, G, S, D, G, S, D, G"
'1508',FET,mod_fet_ov_nmos_lc_0.12_lch_0.16_lov_0.0_gateasym_0.00_w_4.0,9250,1170.0,6,4000.0,None,160.0,120.0,0.0,0.0,None,None,"3-Terminal FETs NMOS Pads are ordered (from bottom-to-top): S, D, G, S, D, G, S, D, G, S, D, G"
'1509',FET,mod_fet_ov_pmos_lc_0.12_lch_0.16_lov_0.0_gateasym_0.00_w_4.0,9300,1170.0,6,4000.0,None,160.0,120.0,0.0,0.0,None,None,"3-Terminal FETs PMOS Pads are ordered (from bottom-to-top): S, D, G, S, D, G, S, D, G, S, D, G"
'1510',FET,mod_fet_ov_nmos_lc_0.12_lch_0.16_lov_-0.01_gateasym_0.00_w_4.0,9350,1170.0,6,4000.0,None,160.0,120.0,-10.0,0.0,None,None,"3-Terminal FETs NMOS Pads are ordered (from bottom-to-top): S, D, G, S, D, G, S, D, G, S, D, G"
'1511',FET,mod_fet_ov_pmos_lc_0.12_lch_0.16_lov_-0.01_gateasym_0.00_w_4.0,9400,1170.0,6,4000.0,None,160.0,120.0,-10.0,0.0,None,None,"3-Terminal FETs PMOS Pads are ordered (from bottom-to-top): S, D, G, S, D, G, S, D, G, S, D, G"
'1512',FET,mod_fet_ov_nmos_lc_0.12_lch_0.12_lov_0.1_gateasym_0.00_w_4.0,9450,1170.0,6,4000.0,None,120.0,120.0,100.0,0.0,None,None,"3-Terminal FETs NMOS Pads are ordered (from bottom-to-top): S, D, G, S, D, G, S, D, G, S, D, G"
'1513',FET,mod_fet_ov_pmos_lc_0.12_lch_0.12_lov_0.1_gateasym_0.00_w_4.0,9500,1170.0,6,4000.0,None,120.0,120.0,100.0,0.0,None,None,"3-Terminal FETs PMOS Pads are ordered (from bottom-to-top): S, D, G, S, D, G, S, D, G, S, D, G"
'1514',FET,mod_fet_ov_nmos_lc_0.12_lch_0.12_lov_0.08_gateasym_0.00_w_4.0,9550,1170.0,6,4000.0,None,120.0,120.0,80.0,0.0,None,None,"3-Terminal FETs NMOS Pads are ordered (from bottom-to-top): S, D, G, S, D, G, S, D, G, S, D, G"
'1515',FET,mod_fet_ov_pmos_lc_0.12_lch_0.12_lov_0.08_gateasym_0.00_w_4.0,9600,1170.0,6,4000.0,None,120.0,120.0,80.0,0.0,None,None,"3-Terminal FETs PMOS Pads are ordered (from bottom-to-top): S, D, G, S, D, G, S, D, G, S, D, G"
'1516',FET,mod_fet_ov_nmos_lc_0.12_lch_0.12_lov_0.06_gateasym_0.00_w_4.0,9650,1170.0,6,4000.0,None,120.0,120.0,60.0,0.0,None,None,"3-Terminal FETs NMOS Pads are ordered (from bottom-to-top): S, D, G, S, D, G, S, D, G, S, D, G"
'1517',FET,mod_fet_ov_pmos_lc_0.12_lch_0.12_lov_0.06_gateasym_0.00_w_4.0,9700,1170.0,6,4000.0,None,120.0,120.0,60.0,0.0,None,None,"3-Terminal FETs PMOS Pads are ordered (from bottom-to-top): S, D, G, S, D, G, S, D, G, S, D, G"
'1518',FET,mod_fet_ov_nmos_lc_0.12_lch_0.12_lov_0.04_gateasym_0.00_w_4.0,9750,1170.0,6,4000.0,None,120.0,120.0,40.0,0.0,None,None,"3-Terminal FETs NMOS Pads are ordered (from bottom-to-top): S, D, G, S, D, G, S, D, G, S, D, G"
'1519',FET,mod_fet_ov_pmos_lc_0.12_lch_0.12_lov_0.04_gateasym_0.00_w_4.0,9800,1170.0,6,4000.0,None,120.0,120.0,40.0,0.0,None,None,"3-Terminal FETs PMOS Pads are ordered (from bottom-to-top): S, D, G, S, D, G, S, D, G, S, D, G"
'1520',FET,mod_fet_ov_nmos_lc_0.12_lch_0.12_lov_0.02_gateasym_0.00_w_4.0,9850,1170.0,6,4000.0,None,120.0,120.0,20.0,0.0,None,None,"3-Terminal FETs NMOS Pads are ordered (from bottom-to-top): S, D, G, S, D, G, S, D, G, S, D, G"
'1521',FET,mod_fet_ov_pmos_lc_0.12_lch_0.12_lov_0.02_gateasym_0.00_w_4.0,9900,1170.0,6,4000.0,None,120.0,120.0,20.0,0.0,None,None,"3-Terminal FETs PMOS Pads are ordered (from bottom-to-top): S, D, G, S, D, G, S, D, G, S, D, G"
'1522',FET,mod_fet_ov_nmos_lc_0.12_lch_0.12_lov_0.0_gateasym_0.00_w_4.0,9950,1170.0,6,4000.0,None,120.0,120.0,0.0,0.0,None,None,"3-Terminal FETs NMOS Pads are ordered (from bottom-to-top): S, D, G, S, D, G, S, D, G, S, D, G"
'1523',FET,mod_fet_ov_pmos_lc_0.12_lch_0.12_lov_0.0_gateasym_0.00_w_4.0,10000,1170.0,6,4000.0,None,120.0,120.0,0.0,0.0,None,None,"3-Terminal FETs PMOS Pads are ordered (from bottom-to-top): S, D, G, S, D, G, S, D, G, S, D, G"
'1524',FET,mod_fet_ov_nmos_lc_0.12_lch_0.12_lov_-0.01_gateasym_0.00_w_4.0,10050,1170.0,6,4000.0,None,120.0,120.0,-10.0,0.0,None,None,"3-Terminal FETs NMOS Pads are ordered (from bottom-to-top): S, D, G, S, D, G, S, D, G, S, D, G"
'1525',FET,mod_fet_ov_pmos_lc_0.12_lch_0.12_lov_-0.01_gateasym_0.00_w_4.0,10100,1170.0,6,4000.0,None,120.0,120.0,-10.0,0.0,None,None,"3-Terminal FETs PMOS Pads are ordered (from bottom-to-top): S, D, G, S, D, G, S, D, G, S, D, G"
'1526',FET,mod_fet_ov_nmos_lc_0.12_lch_0.08_lov_0.1_gateasym_0.00_w_4.0,10150,1170.0,6,4000.0,None,80.0,120.0,100.0,0.0,None,None,"3-Terminal FETs NMOS Pads are ordered (from bottom-to-top): S, D, G, S, D, G, S, D, G, S, D, G"
'1527',FET,mod_fet_ov_pmos_lc_0.12_lch_0.08_lov_0.1_gateasym_0.00_w_4.0,10200,1170.0,6,4000.0,None,80.0,120.0,100.0,0.0,None,None,"3-Terminal FETs PMOS Pads are ordered (from bottom-to-top): S, D, G, S, D, G, S, D, G, S, D, G"
'1528',FET,mod_fet_ov_nmos_lc_0.12_lch_0.08_lov_0.08_gateasym_0.00_w_4.0,10250,1170.0,6,4000.0,None,80.0,120.0,80.0,0.0,None,None,"3-Terminal FETs NMOS Pads are ordered (from bottom-to-top): S, D, G, S, D, G, S, D, G, S, D, G"
'1529',FET,mod_fet_ov_pmos_lc_0.12_lch_0.08_lov_0.08_gateasym_0.00_w_4.0,10300,1170.0,6,4000.0,None,80.0,120.0,80.0,0.0,None,None,"3-Terminal FETs PMOS Pads are ordered (from bottom-to-top): S, D, G, S, D, G, S, D, G, S, D, G"
'1530',FET,mod_fet_ov_nmos_lc_0.12_lch_0.08_lov_0.06_gateasym_0.00_w_4.0,10350,1170.0,6,4000.0,None,80.0,120.0,60.0,0.0,None,None,"3-Terminal FETs NMOS Pads are ordered (from bottom-to-top): S, D, G, S, D, G, S, D, G, S, D, G"
'1531',FET,mod_fet_ov_pmos_lc_0.12_lch_0.08_lov_0.06_gateasym_0.00_w_4.0,10400,1170.0,6,4000.0,None,80.0,120.0,60.0,0.0,None,None,"3-Terminal FETs PMOS Pads are ordered (from bottom-to-top): S, D, G, S, D, G, S, D, G, S, D, G"
'1532',FET,mod_fet_ov_nmos_lc_0.12_lch_0.08_lov_0.04_gateasym_0.00_w_4.0,10450,1170.0,6,4000.0,None,80.0,120.0,40.0,0.0,None,None,"3-Terminal FETs NMOS Pads are ordered (from bottom-to-top): S, D, G, S, D, G, S, D, G, S, D, G"
'1533',FET,mod_fet_ov_pmos_lc_0.12_lch_0.08_lov_0.04_gateasym_0.00_w_4.0,10500,1170.0,6,4000.0,None,80.0,120.0,40.0,0.0,None,None,"3-Terminal FETs PMOS Pads are ordered (from bottom-to-top): S, D, G, S, D, G, S, D, G, S, D, G"
'1534',FET,mod_fet_ov_nmos_lc_0.12_lch_0.08_lov_0.02_gateasym_0.00_w_4.0,10550,1170.0,6,4000.0,None,80.0,120.0,20.0,0.0,None,None,"3-Terminal FETs NMOS Pads are ordered (from bottom-to-top): S, D, G, S, D, G, S, D, G, S, D, G"
'1535',FET,mod_fet_ov_pmos_lc_0.12_lch_0.08_lov_0.02_gateasym_0.00_w_4.0,10600,1170.0,6,4000.0,None,80.0,120.0,20.0,0.0,None,None,"3-Terminal FETs PMOS Pads are ordered (from bottom-to-top): S, D, G, S, D, G, S, D, G, S, D, G"
'1536',FET,mod_fet_ov_nmos_lc_0.12_lch_0.08_lov_0.0_gateasym_0.00_w_4.0,10650,1170.0,6,4000.0,None,80.0,120.0,0.0,0.0,None,None,"3-Terminal FETs NMOS Pads are ordered (from bottom-to-top): S, D, G, S, D, G, S, D, G, S, D, G"
'1537',FET,mod_fet_ov_pmos_lc_0.12_lch_0.08_lov_0.0_gateasym_0.00_w_4.0,10700,1170.0,6,4000.0,None,80.0,120.0,0.0,0.0,None,None,"3-Terminal FETs PMOS Pads are ordered (from bottom-to-top): S, D, G, S, D, G, S, D, G, S, D, G"
'1538',FET,mod_fet_ov_nmos_lc_0.12_lch_0.08_lov_-0.01_gateasym_0.00_w_4.0,10750,1170.0,6,4000.0,None,80.0,120.0,-10.0,0.0,None,None,"3-Terminal FETs NMOS Pads are ordered (from bottom-to-top): S, D, G, S, D, G, S, D, G, S, D, G"
'1539',FET,mod_fet_ov_pmos_lc_0.12_lch_0.08_lov_-0.01_gateasym_0.00_w_4.0,10800,1170.0,6,4000.0,None,80.0,120.0,-10.0,0.0,None,None,"3-Terminal FETs PMOS Pads are ordered (from bottom-to-top): S, D, G, S, D, G, S, D, G, S, D, G"
'1540',FET,mod_fet_asym_nmos_lc_0.20_lch_0.16_lov_0.06_gateasym_-0.02_w_4.0,10900,1170.0,6,4000.0,None,160.0,200.0,60.0,-20.0,None,None,"3-Terminal FETs NMOS Pads are ordered (from bottom-to-top): S, D, G, S, D, G, S, D, G, S, D, G"
'1541',FET,mod_fet_asym_pmos_lc_0.20_lch_0.16_lov_0.06_gateasym_-0.02_w_4.0,10950,1170.0,6,4000.0,None,160.0,200.0,60.0,-20.0,None,None,"3-Terminal FETs PMOS Pads are ordered (from bottom-to-top): S, D, G, S, D, G, S, D, G, S, D, G"
'1542',FET,mod_fet_asym_nmos_lc_0.20_lch_0.16_lov_0.06_gateasym_-0.04_w_4.0,11000,1170.0,6,4000.0,None,160.0,200.0,60.0,-40.0,None,None,"3-Terminal FETs NMOS Pads are ordered (from bottom-to-top): S, D, G, S, D, G, S, D, G, S, D, G"
'1543',FET,mod_fet_asym_pmos_lc_0.20_lch_0.16_lov_0.06_gateasym_-0.04_w_4.0,11050,1170.0,6,4000.0,None,160.0,200.0,60.0,-40.0,None,None,"3-Terminal FETs PMOS Pads are ordered (from bottom-to-top): S, D, G, S, D, G, S, D, G, S, D, G"
'1544',FET,mod_fet_asym_nmos_lc_0.20_lch_0.16_lov_0.04_gateasym_-0.02_w_4.0,11100,1170.0,6,4000.0,None,160.0,200.0,40.0,-20.0,None,None,"3-Terminal FETs NMOS Pads are ordered (from bottom-to-top): S, D, G, S, D, G, S, D, G, S, D, G"
'1545',FET,mod_fet_asym_pmos_lc_0.20_lch_0.16_lov_0.04_gateasym_-0.02_w_4.0,11150,1170.0,6,4000.0,None,160.0,200.0,40.0,-20.0,None,None,"3-Terminal FETs PMOS Pads are ordered (from bottom-to-top): S, D, G, S, D, G, S, D, G, S, D, G"
'1546',FET,mod_fet_asym_nmos_lc_0.20_lch_0.16_lov_0.04_gateasym_-0.04_w_4.0,11200,1170.0,6,4000.0,None,160.0,200.0,40.0,-40.0,None,None,"3-Terminal FETs NMOS Pads are ordered (from bottom-to-top): S, D, G, S, D, G, S, D, G, S, D, G"
'1547',FET,mod_fet_asym_pmos_lc_0.20_lch_0.16_lov_0.04_gateasym_-0.04_w_4.0,11250,1170.0,6,4000.0,None,160.0,200.0,40.0,-40.0,None,None,"3-Terminal FETs PMOS Pads are ordered (from bottom-to-top): S, D, G, S, D, G, S, D, G, S, D, G"
'1548',FET,mod_fet_asym_nmos_lc_0.20_lch_0.16_lov_0.02_gateasym_-0.02_w_4.0,11300,1170.0,6,4000.0,None,160.0,200.0,20.0,-20.0,None,None,"3-Terminal FETs NMOS Pads are ordered (from bottom-to-top): S, D, G, S, D, G, S, D, G, S, D, G"
'1549',FET,mod_fet_asym_pmos_lc_0.20_lch_0.16_lov_0.02_gateasym_-0.02_w_4.0,11350,1170.0,6,4000.0,None,160.0,200.0,20.0,-20.0,None,None,"3-Terminal FETs PMOS Pads are ordered (from bottom-to-top): S, D, G, S, D, G, S, D, G, S, D, G"
'1550',FET,mod_fet_asym_nmos_lc_0.20_lch_0.16_lov_0.02_gateasym_-0.04_w_4.0,11400,1170.0,6,4000.0,None,160.0,200.0,20.0,-40.0,None,None,"3-Terminal FETs NMOS Pads are ordered (from bottom-to-top): S, D, G, S, D, G, S, D, G, S, D, G"
'1551',FET,mod_fet_asym_pmos_lc_0.20_lch_0.16_lov_0.02_gateasym_-0.04_w_4.0,11450,1170.0,6,4000.0,None,160.0,200.0,20.0,-40.0,None,None,"3-Terminal FETs PMOS Pads are ordered (from bottom-to-top): S, D, G, S, D, G, S, D, G, S, D, G"
'1552',FET,mod_fet_asym_nmos_lc_0.20_lch_0.12_lov_0.06_gateasym_-0.02_w_4.0,11500,1170.0,6,4000.0,None,120.0,200.0,60.0,-20.0,None,None,"3-Terminal FETs NMOS Pads are ordered (from bottom-to-top): S, D, G, S, D, G, S, D, G, S, D, G"
'1553',FET,mod_fet_asym_pmos_lc_0.20_lch_0.12_lov_0.06_gateasym_-0.02_w_4.0,11550,1170.0,6,4000.0,None,120.0,200.0,60.0,-20.0,None,None,"3-Terminal FETs PMOS Pads are ordered (from bottom-to-top): S, D, G, S, D, G, S, D, G, S, D, G"
'1554',FET,mod_fet_asym_nmos_lc_0.20_lch_0.12_lov_0.06_gateasym_-0.04_w_4.0,11600,1170.0,6,4000.0,None,120.0,200.0,60.0,-40.0,None,None,"3-Terminal FETs NMOS Pads are ordered (from bottom-to-top): S, D, G, S, D, G, S, D, G, S, D, G"
'1555',FET,mod_fet_asym_pmos_lc_0.20_lch_0.12_lov_0.06_gateasym_-0.04_w_4.0,11650,1170.0,6,4000.0,None,120.0,200.0,60.0,-40.0,None,None,"3-Terminal FETs PMOS Pads are ordered (from bottom-to-top): S, D, G, S, D, G, S, D, G, S, D, G"
'1556',FET,mod_fet_asym_nmos_lc_0.20_lch_0.12_lov_0.04_gateasym_-0.02_w_4.0,11700,1170.0,6,4000.0,None,120.0,200.0,40.0,-20.0,None,None,"3-Terminal FETs NMOS Pads are ordered (from bottom-to-top): S, D, G, S, D, G, S, D, G, S, D, G"
'1557',FET,mod_fet_asym_pmos_lc_0.20_lch_0.12_lov_0.04_gateasym_-0.02_w_4.0,11750,1170.0,6,4000.0,None,120.0,200.0,40.0,-20.0,None,None,"3-Terminal FETs PMOS Pads are ordered (from bottom-to-top): S, D, G, S, D, G, S, D, G, S, D, G"
'1558',FET,mod_fet_asym_nmos_lc_0.20_lch_0.12_lov_0.04_gateasym_-0.04_w_4.0,11800,1170.0,6,4000.0,None,120.0,200.0,40.0,-40.0,None,None,"3-Terminal FETs NMOS Pads are ordered (from bottom-to-top): S, D, G, S, D, G, S, D, G, S, D, G"
'1559',FET,mod_fet_asym_pmos_lc_0.20_lch_0.12_lov_0.04_gateasym_-0.04_w_4.0,11850,1170.0,6,4000.0,None,120.0,200.0,40.0,-40.0,None,None,"3-Terminal FETs PMOS Pads are ordered (from bottom-to-top): S, D, G, S, D, G, S, D, G, S, D, G"
'1560',FET,mod_fet_asym_nmos_lc_0.20_lch_0.12_lov_0.02_gateasym_-0.02_w_4.0,11900,1170.0,6,4000.0,None,120.0,200.0,20.0,-20.0,None,None,"3-Terminal FETs NMOS Pads are ordered (from bottom-to-top): S, D, G, S, D, G, S, D, G, S, D, G"
'1561',FET,mod_fet_asym_pmos_lc_0.20_lch_0.12_lov_0.02_gateasym_-0.02_w_4.0,11950,1170.0,6,4000.0,None,120.0,200.0,20.0,-20.0,None,None,"3-Terminal FETs PMOS Pads are ordered (from bottom-to-top): S, D, G, S, D, G, S, D, G, S, D, G"
'1562',FET,mod_fet_asym_nmos_lc_0.20_lch_0.12_lov_0.02_gateasym_-0.04_w_4.0,12000,1170.0,6,4000.0,None,120.0,200.0,20.0,-40.0,None,None,"3-Terminal FETs NMOS Pads are ordered (from bottom-to-top): S, D, G, S, D, G, S, D, G, S, D, G"
'1563',FET,mod_fet_asym_pmos_lc_0.20_lch_0.12_lov_0.02_gateasym_-0.04_w_4.0,12050,1170.0,6,4000.0,None,120.0,200.0,20.0,-40.0,None,None,"3-Terminal FETs PMOS Pads are ordered (from bottom-to-top): S, D, G, S, D, G, S, D, G, S, D, G"
'1564',FET,mod_fet_asym_nmos_lc_0.20_lch_0.08_lov_0.06_gateasym_-0.02_w_4.0,12100,1170.0,6,4000.0,None,80.0,200.0,60.0,-20.0,None,None,"3-Terminal FETs NMOS Pads are ordered (from bottom-to-top): S, D, G, S, D, G, S, D, G, S, D, G"
'1565',FET,mod_fet_asym_pmos_lc_0.20_lch_0.08_lov_0.06_gateasym_-0.02_w_4.0,12150,1170.0,6,4000.0,None,80.0,200.0,60.0,-20.0,None,None,"3-Terminal FETs PMOS Pads are ordered (from bottom-to-top): S, D, G, S, D, G, S, D, G, S, D, G"
'1566',FET,mod_fet_asym_nmos_lc_0.20_lch_0.08_lov_0.06_gateasym_-0.04_w_4.0,12200,1170.0,6,4000.0,None,80.0,200.0,60.0,-40.0,None,None,"3-Terminal FETs NMOS Pads are ordered (from bottom-to-top): S, D, G, S, D, G, S, D, G, S, D, G"
'1567',FET,mod_fet_asym_pmos_lc_0.20_lch_0.08_lov_0.06_gateasym_-0.04_w_4.0,12250,1170.0,6,4000.0,None,80.0,200.0,60.0,-40.0,None,None,"3-Terminal FETs PMOS Pads are ordered (from bottom-to-top): S, D, G, S, D, G, S, D, G, S, D, G"
'1568',FET,mod_fet_asym_nmos_lc_0.20_lch_0.08_lov_0.04_gateasym_-0.02_w_4.0,12300,1170.0,6,4000.0,None,80.0,200.0,40.0,-20.0,None,None,"3-Terminal FETs NMOS Pads are ordered (from bottom-to-top): S, D, G, S, D, G, S, D, G, S, D, G"
'1569',FET,mod_fet_asym_pmos_lc_0.20_lch_0.08_lov_0.04_gateasym_-0.02_w_4.0,12350,1170.0,6,4000.0,None,80.0,200.0,40.0,-20.0,None,None,"3-Terminal FETs PMOS Pads are ordered (from bottom-to-top): S, D, G, S, D, G, S, D, G, S, D, G"
'1570',FET,mod_fet_asym_nmos_lc_0.20_lch_0.08_lov_0.04_gateasym_-0.04_w_4.0,12400,1170.0,6,4000.0,None,80.0,200.0,40.0,-40.0,None,None,"3-Terminal FETs NMOS Pads are ordered (from bottom-to-top): S, D, G, S, D, G, S, D, G, S, D, G"
'1571',FET,mod_fet_asym_pmos_lc_0.20_lch_0.08_lov_0.04_gateasym_-0.04_w_4.0,12450,1170.0,6,4000.0,None,80.0,200.0,40.0,-40.0,None,None,"3-Terminal FETs PMOS Pads are ordered (from bottom-to-top): S, D, G, S, D, G, S, D, G, S, D, G"
'1572',FET,mod_fet_asym_nmos_lc_0.20_lch_0.08_lov_0.02_gateasym_-0.02_w_4.0,12500,1170.0,6,4000.0,None,80.0,200.0,20.0,-20.0,None,None,"3-Terminal FETs NMOS Pads are ordered (from bottom-to-top): S, D, G, S, D, G, S, D, G, S, D, G"
'1573',FET,mod_fet_asym_pmos_lc_0.20_lch_0.08_lov_0.02_gateasym_-0.02_w_4.0,12550,1170.0,6,4000.0,None,80.0,200.0,20.0,-20.0,None,None,"3-Terminal FETs PMOS Pads are ordered (from bottom-to-top): S, D, G, S, D, G, S, D, G, S, D, G"
'1574',FET,mod_fet_asym_nmos_lc_0.20_lch_0.08_lov_0.02_gateasym_-0.04_w_4.0,12600,1170.0,6,4000.0,None,80.0,200.0,20.0,-40.0,None,None,"3-Terminal FETs NMOS Pads are ordered (from bottom-to-top): S, D, G, S, D, G, S, D, G, S, D, G"
'1575',FET,mod_fet_asym_pmos_lc_0.20_lch_0.08_lov_0.02_gateasym_-0.04_w_4.0,12650,1170.0,6,4000.0,None,80.0,200.0,20.0,-40.0,None,None,"3-Terminal FETs PMOS Pads are ordered (from bottom-to-top): S, D, G, S, D, G, S, D, G, S, D, G"
'1576',FET,mod_fet_asym_nmos_lc_0.16_lch_0.16_lov_0.06_gateasym_-0.02_w_4.0,12700,1170.0,6,4000.0,None,160.0,160.0,60.0,-20.0,None,None,"3-Terminal FETs NMOS Pads are ordered (from bottom-to-top): S, D, G, S, D, G, S, D, G, S, D, G"
'1577',FET,mod_fet_asym_pmos_lc_0.16_lch_0.16_lov_0.06_gateasym_-0.02_w_4.0,12750,1170.0,6,4000.0,None,160.0,160.0,60.0,-20.0,None,None,"3-Terminal FETs PMOS Pads are ordered (from bottom-to-top): S, D, G, S, D, G, S, D, G, S, D, G"
'1578',FET,mod_fet_asym_nmos_lc_0.16_lch_0.16_lov_0.06_gateasym_-0.04_w_4.0,12800,1170.0,6,4000.0,None,160.0,160.0,60.0,-40.0,None,None,"3-Terminal FETs NMOS Pads are ordered (from bottom-to-top): S, D, G, S, D, G, S, D, G, S, D, G"
'1579',FET,mod_fet_asym_pmos_lc_0.16_lch_0.16_lov_0.06_gateasym_-0.04_w_4.0,12850,1170.0,6,4000.0,None,160.0,160.0,60.0,-40.0,None,None,"3-Terminal FETs PMOS Pads are ordered (from bottom-to-top): S, D, G, S, D, G, S, D, G, S, D, G"
'1580',FET,mod_fet_asym_nmos_lc_0.16_lch_0.16_lov_0.04_gateasym_-0.02_w_4.0,12900,1170.0,6,4000.0,None,160.0,160.0,40.0,-20.0,None,None,"3-Terminal FETs NMOS Pads are ordered (from bottom-to-top): S, D, G, S, D, G, S, D, G, S, D, G"
'1581',FET,mod_fet_asym_pmos_lc_0.16_lch_0.16_lov_0.04_gateasym_-0.02_w_4.0,12950,1170.0,6,4000.0,None,160.0,160.0,40.0,-20.0,None,None,"3-Terminal FETs PMOS Pads are ordered (from bottom-to-top): S, D, G, S, D, G, S, D, G, S, D, G"
'1582',FET,mod_fet_asym_nmos_lc_0.16_lch_0.16_lov_0.04_gateasym_-0.04_w_4.0,13000,1170.0,6,4000.0,None,160.0,160.0,40.0,-40.0,None,None,"3-Terminal FETs NMOS Pads are ordered (from bottom-to-top): S, D, G, S, D, G, S, D, G, S, D, G"
'1583',FET,mod_fet_asym_pmos_lc_0.16_lch_0.16_lov_0.04_gateasym_-0.04_w_4.0,13050,1170.0,6,4000.0,None,160.0,160.0,40.0,-40.0,None,None,"3-Terminal FETs PMOS Pads are ordered (from bottom-to-top): S, D, G, S, D, G, S, D, G, S, D, G"
'1584',FET,mod_fet_asym_nmos_lc_0.16_lch_0.16_lov_0.02_gateasym_-0.02_w_4.0,13100,1170.0,6,4000.0,None,160.0,160.0,20.0,-20.0,None,None,"3-Terminal FETs NMOS Pads are ordered (from bottom-to-top): S, D, G, S, D, G, S, D, G, S, D, G"
'1585',FET,mod_fet_asym_pmos_lc_0.16_lch_0.16_lov_0.02_gateasym_-0.02_w_4.0,13150,1170.0,6,4000.0,None,160.0,160.0,20.0,-20.0,None,None,"3-Terminal FETs PMOS Pads are ordered (from bottom-to-top): S, D, G, S, D, G, S, D, G, S, D, G"
'1586',FET,mod_fet_asym_nmos_lc_0.16_lch_0.16_lov_0.02_gateasym_-0.04_w_4.0,13200,1170.0,6,4000.0,None,160.0,160.0,20.0,-40.0,None,None,"3-Terminal FETs NMOS Pads are ordered (from bottom-to-top): S, D, G, S, D, G, S, D, G, S, D, G"
'1587',FET,mod_fet_asym_pmos_lc_0.16_lch_0.16_lov_0.02_gateasym_-0.04_w_4.0,13250,1170.0,6,4000.0,None,160.0,160.0,20.0,-40.0,None,None,"3-Terminal FETs PMOS Pads are ordered (from bottom-to-top): S, D, G, S, D, G, S, D, G, S, D, G"
'1588',FET,mod_fet_asym_nmos_lc_0.16_lch_0.12_lov_0.06_gateasym_-0.02_w_4.0,13300,1170.0,6,4000.0,None,120.0,160.0,60.0,-20.0,None,None,"3-Terminal FETs NMOS Pads are ordered (from bottom-to-top): S, D, G, S, D, G, S, D, G, S, D, G"
'1589',FET,mod_fet_asym_pmos_lc_0.16_lch_0.12_lov_0.06_gateasym_-0.02_w_4.0,13350,1170.0,6,4000.0,None,120.0,160.0,60.0,-20.0,None,None,"3-Terminal FETs PMOS Pads are ordered (from bottom-to-top): S, D, G, S, D, G, S, D, G, S, D, G"
'1590',FET,mod_fet_asym_nmos_lc_0.16_lch_0.12_lov_0.06_gateasym_-0.04_w_4.0,13400,1170.0,6,4000.0,None,120.0,160.0,60.0,-40.0,None,None,"3-Terminal FETs NMOS Pads are ordered (from bottom-to-top): S, D, G, S, D, G, S, D, G, S, D, G"
'1591',FET,mod_fet_asym_pmos_lc_0.16_lch_0.12_lov_0.06_gateasym_-0.04_w_4.0,13450,1170.0,6,4000.0,None,120.0,160.0,60.0,-40.0,None,None,"3-Terminal FETs PMOS Pads are ordered (from bottom-to-top): S, D, G, S, D, G, S, D, G, S, D, G"
'1592',FET,mod_fet_asym_nmos_lc_0.16_lch_0.12_lov_0.04_gateasym_-0.02_w_4.0,13500,1170.0,6,4000.0,None,120.0,160.0,40.0,-20.0,None,None,"3-Terminal FETs NMOS Pads are ordered (from bottom-to-top): S, D, G, S, D, G, S, D, G, S, D, G"
'1593',FET,mod_fet_asym_pmos_lc_0.16_lch_0.12_lov_0.04_gateasym_-0.02_w_4.0,13550,1170.0,6,4000.0,None,120.0,160.0,40.0,-20.0,None,None,"3-Terminal FETs PMOS Pads are ordered (from bottom-to-top): S, D, G, S, D, G, S, D, G, S, D, G"
'1594',FET,mod_fet_asym_nmos_lc_0.16_lch_0.12_lov_0.04_gateasym_-0.04_w_4.0,13600,1170.0,6,4000.0,None,120.0,160.0,40.0,-40.0,None,None,"3-Terminal FETs NMOS Pads are ordered (from bottom-to-top): S, D, G, S, D, G, S, D, G, S, D, G"
'1595',FET,mod_fet_asym_pmos_lc_0.16_lch_0.12_lov_0.04_gateasym_-0.04_w_4.0,13650,1170.0,6,4000.0,None,120.0,160.0,40.0,-40.0,None,None,"3-Terminal FETs PMOS Pads are ordered (from bottom-to-top): S, D, G, S, D, G, S, D, G, S, D, G"
'1596',FET,mod_fet_asym_nmos_lc_0.16_lch_0.12_lov_0.02_gateasym_-0.02_w_4.0,13700,1170.0,6,4000.0,None,120.0,160.0,20.0,-20.0,None,None,"3-Terminal FETs NMOS Pads are ordered (from bottom-to-top): S, D, G, S, D, G, S, D, G, S, D, G"
'1597',FET,mod_fet_asym_pmos_lc_0.16_lch_0.12_lov_0.02_gateasym_-0.02_w_4.0,13750,1170.0,6,4000.0,None,120.0,160.0,20.0,-20.0,None,None,"3-Terminal FETs PMOS Pads are ordered (from bottom-to-top): S, D, G, S, D, G, S, D, G, S, D, G"
'1598',FET,mod_fet_asym_nmos_lc_0.16_lch_0.12_lov_0.02_gateasym_-0.04_w_4.0,13800,1170.0,6,4000.0,None,120.0,160.0,20.0,-40.0,None,None,"3-Terminal FETs NMOS Pads are ordered (from bottom-to-top): S, D, G, S, D, G, S, D, G, S, D, G"
'1599',FET,mod_fet_asym_pmos_lc_0.16_lch_0.12_lov_0.02_gateasym_-0.04_w_4.0,13850,1170.0,6,4000.0,None,120.0,160.0,20.0,-40.0,None,None,"3-Terminal FETs PMOS Pads are ordered (from bottom-to-top): S, D, G, S, D, G, S, D, G, S, D, G"
'1600',FET,mod_fet_asym_nmos_lc_0.16_lch_0.08_lov_0.06_gateasym_-0.02_w_4.0,13900,1170.0,6,4000.0,None,80.0,160.0,60.0,-20.0,None,None,"3-Terminal FETs NMOS Pads are ordered (from bottom-to-top): S, D, G, S, D, G, S, D, G, S, D, G"
'1601',FET,mod_fet_asym_pmos_lc_0.16_lch_0.08_lov_0.06_gateasym_-0.02_w_4.0,13950,1170.0,6,4000.0,None,80.0,160.0,60.0,-20.0,None,None,"3-Terminal FETs PMOS Pads are ordered (from bottom-to-top): S, D, G, S, D, G, S, D, G, S, D, G"
'1602',FET,mod_fet_asym_nmos_lc_0.16_lch_0.08_lov_0.06_gateasym_-0.04_w_4.0,14000,1170.0,6,4000.0,None,80.0,160.0,60.0,-40.0,None,None,"3-Terminal FETs NMOS Pads are ordered (from bottom-to-top): S, D, G, S, D, G, S, D, G, S, D, G"
'1603',FET,mod_fet_asym_pmos_lc_0.16_lch_0.08_lov_0.06_gateasym_-0.04_w_4.0,14050,1170.0,6,4000.0,None,80.0,160.0,60.0,-40.0,None,None,"3-Terminal FETs PMOS Pads are ordered (from bottom-to-top): S, D, G, S, D, G, S, D, G, S, D, G"
'1604',FET,mod_fet_asym_nmos_lc_0.16_lch_0.08_lov_0.04_gateasym_-0.02_w_4.0,14100,1170.0,6,4000.0,None,80.0,160.0,40.0,-20.0,None,None,"3-Terminal FETs NMOS Pads are ordered (from bottom-to-top): S, D, G, S, D, G, S, D, G, S, D, G"
'1605',FET,mod_fet_asym_pmos_lc_0.16_lch_0.08_lov_0.04_gateasym_-0.02_w_4.0,14150,1170.0,6,4000.0,None,80.0,160.0,40.0,-20.0,None,None,"3-Terminal FETs PMOS Pads are ordered (from bottom-to-top): S, D, G, S, D, G, S, D, G, S, D, G"
'1606',FET,mod_fet_asym_nmos_lc_0.16_lch_0.08_lov_0.04_gateasym_-0.04_w_4.0,14200,1170.0,6,4000.0,None,80.0,160.0,40.0,-40.0,None,None,"3-Terminal FETs NMOS Pads are ordered (from bottom-to-top): S, D, G, S, D, G, S, D, G, S, D, G"
'1607',FET,mod_fet_asym_pmos_lc_0.16_lch_0.08_lov_0.04_gateasym_-0.04_w_4.0,14250,1170.0,6,4000.0,None,80.0,160.0,40.0,-40.0,None,None,"3-Terminal FETs PMOS Pads are ordered (from bottom-to-top): S, D, G, S, D, G, S, D, G, S, D, G"
'1608',FET,mod_fet_asym_nmos_lc_0.16_lch_0.08_lov_0.02_gateasym_-0.02_w_4.0,14300,1170.0,6,4000.0,None,80.0,160.0,20.0,-20.0,None,None,"3-Terminal FETs NMOS Pads are ordered (from bottom-to-top): S, D, G, S, D, G, S, D, G, S, D, G"
'1609',FET,mod_fet_asym_pmos_lc_0.16_lch_0.08_lov_0.02_gateasym_-0.02_w_4.0,14350,1170.0,6,4000.0,None,80.0,160.0,20.0,-20.0,None,None,"3-Terminal FETs PMOS Pads are ordered (from bottom-to-top): S, D, G, S, D, G, S, D, G, S, D, G"
'1610',FET,mod_fet_asym_nmos_lc_0.16_lch_0.08_lov_0.02_gateasym_-0.04_w_4.0,14400,1170.0,6,4000.0,None,80.0,160.0,20.0,-40.0,None,None,"3-Terminal FETs NMOS Pads are ordered (from bottom-to-top): S, D, G, S, D, G, S, D, G, S, D, G"
'1611',FET,mod_fet_asym_pmos_lc_0.16_lch_0.08_lov_0.02_gateasym_-0.04_w_4.0,14450,1170.0,6,4000.0,None,80.0,160.0,20.0,-40.0,None,None,"3-Terminal FETs PMOS Pads are ordered (from bottom-to-top): S, D, G, S, D, G, S, D, G, S, D, G"
'1612',FET,mod_fet_asym_nmos_lc_0.12_lch_0.16_lov_0.06_gateasym_-0.02_w_4.0,14500,1170.0,6,4000.0,None,160.0,120.0,60.0,-20.0,None,None,"3-Terminal FETs NMOS Pads are ordered (from bottom-to-top): S, D, G, S, D, G, S, D, G, S, D, G"
'1613',FET,mod_fet_asym_pmos_lc_0.12_lch_0.16_lov_0.06_gateasym_-0.02_w_4.0,14550,1170.0,6,4000.0,None,160.0,120.0,60.0,-20.0,None,None,"3-Terminal FETs PMOS Pads are ordered (from bottom-to-top): S, D, G, S, D, G, S, D, G, S, D, G"
'1614',FET,mod_fet_asym_nmos_lc_0.12_lch_0.16_lov_0.06_gateasym_-0.04_w_4.0,14600,1170.0,6,4000.0,None,160.0,120.0,60.0,-40.0,None,None,"3-Terminal FETs NMOS Pads are ordered (from bottom-to-top): S, D, G, S, D, G, S, D, G, S, D, G"
'1615',FET,mod_fet_asym_pmos_lc_0.12_lch_0.16_lov_0.06_gateasym_-0.04_w_4.0,14650,1170.0,6,4000.0,None,160.0,120.0,60.0,-40.0,None,None,"3-Terminal FETs PMOS Pads are ordered (from bottom-to-top): S, D, G, S, D, G, S, D, G, S, D, G"
'1616',FET,mod_fet_asym_nmos_lc_0.12_lch_0.16_lov_0.04_gateasym_-0.02_w_4.0,14700,1170.0,6,4000.0,None,160.0,120.0,40.0,-20.0,None,None,"3-Terminal FETs NMOS Pads are ordered (from bottom-to-top): S, D, G, S, D, G, S, D, G, S, D, G"
'1617',FET,mod_fet_asym_pmos_lc_0.12_lch_0.16_lov_0.04_gateasym_-0.02_w_4.0,14750,1170.0,6,4000.0,None,160.0,120.0,40.0,-20.0,None,None,"3-Terminal FETs PMOS Pads are ordered (from bottom-to-top): S, D, G, S, D, G, S, D, G, S, D, G"
'1618',FET,mod_fet_asym_nmos_lc_0.12_lch_0.16_lov_0.04_gateasym_-0.04_w_4.0,14800,1170.0,6,4000.0,None,160.0,120.0,40.0,-40.0,None,None,"3-Terminal FETs NMOS Pads are ordered (from bottom-to-top): S, D, G, S, D, G, S, D, G, S, D, G"
'1619',FET,mod_fet_asym_pmos_lc_0.12_lch_0.16_lov_0.04_gateasym_-0.04_w_4.0,14850,1170.0,6,4000.0,None,160.0,120.0,40.0,-40.0,None,None,"3-Terminal FETs PMOS Pads are ordered (from bottom-to-top): S, D, G, S, D, G, S, D, G, S, D, G"
'1620',FET,mod_fet_asym_nmos_lc_0.12_lch_0.16_lov_0.02_gateasym_-0.02_w_4.0,14900,1170.0,6,4000.0,None,160.0,120.0,20.0,-20.0,None,None,"3-Terminal FETs NMOS Pads are ordered (from bottom-to-top): S, D, G, S, D, G, S, D, G, S, D, G"
'1621',FET,mod_fet_asym_pmos_lc_0.12_lch_0.16_lov_0.02_gateasym_-0.02_w_4.0,14950,1170.0,6,4000.0,None,160.0,120.0,20.0,-20.0,None,None,"3-Terminal FETs PMOS Pads are ordered (from bottom-to-top): S, D, G, S, D, G, S, D, G, S, D, G"
'1622',FET,mod_fet_asym_nmos_lc_0.12_lch_0.16_lov_0.02_gateasym_-0.04_w_4.0,15000,1170.0,6,4000.0,None,160.0,120.0,20.0,-40.0,None,None,"3-Terminal FETs NMOS Pads are ordered (from bottom-to-top): S, D, G, S, D, G, S, D, G, S, D, G"
'1623',FET,mod_fet_asym_pmos_lc_0.12_lch_0.16_lov_0.02_gateasym_-0.04_w_4.0,15050,1170.0,6,4000.0,None,160.0,120.0,20.0,-40.0,None,None,"3-Terminal FETs PMOS Pads are ordered (from bottom-to-top): S, D, G, S, D, G, S, D, G, S, D, G"
'1624',FET,mod_fet_asym_nmos_lc_0.12_lch_0.12_lov_0.06_gateasym_-0.02_w_4.0,15100,1170.0,6,4000.0,None,120.0,120.0,60.0,-20.0,None,None,"3-Terminal FETs NMOS Pads are ordered (from bottom-to-top): S, D, G, S, D, G, S, D, G, S, D, G"
'1625',FET,mod_fet_asym_pmos_lc_0.12_lch_0.12_lov_0.06_gateasym_-0.02_w_4.0,15150,1170.0,6,4000.0,None,120.0,120.0,60.0,-20.0,None,None,"3-Terminal FETs PMOS Pads are ordered (from bottom-to-top): S, D, G, S, D, G, S, D, G, S, D, G"
'1626',FET,mod_fet_asym_nmos_lc_0.12_lch_0.12_lov_0.06_gateasym_-0.04_w_4.0,15200,1170.0,6,4000.0,None,120.0,120.0,60.0,-40.0,None,None,"3-Terminal FETs NMOS Pads are ordered (from bottom-to-top): S, D, G, S, D, G, S, D, G, S, D, G"
'1627',FET,mod_fet_asym_pmos_lc_0.12_lch_0.12_lov_0.06_gateasym_-0.04_w_4.0,15250,1170.0,6,4000.0,None,120.0,120.0,60.0,-40.0,None,None,"3-Terminal FETs PMOS Pads are ordered (from bottom-to-top): S, D, G, S, D, G, S, D, G, S, D, G"
'1628',FET,mod_fet_asym_nmos_lc_0.12_lch_0.12_lov_0.04_gateasym_-0.02_w_4.0,15300,1170.0,6,4000.0,None,120.0,120.0,40.0,-20.0,None,None,"3-Terminal FETs NMOS Pads are ordered (from bottom-to-top): S, D, G, S, D, G, S, D, G, S, D, G"
'1629',FET,mod_fet_asym_pmos_lc_0.12_lch_0.12_lov_0.04_gateasym_-0.02_w_4.0,15350,1170.0,6,4000.0,None,120.0,120.0,40.0,-20.0,None,None,"3-Terminal FETs PMOS Pads are ordered (from bottom-to-top): S, D, G, S, D, G, S, D, G, S, D, G"
'1630',FET,mod_fet_asym_nmos_lc_0.12_lch_0.12_lov_0.04_gateasym_-0.04_w_4.0,15400,1170.0,6,4000.0,None,120.0,120.0,40.0,-40.0,None,None,"3-Terminal FETs NMOS Pads are ordered (from bottom-to-top): S, D, G, S, D, G, S, D, G, S, D, G"
'1631',FET,mod_fet_asym_pmos_lc_0.12_lch_0.12_lov_0.04_gateasym_-0.04_w_4.0,15450,1170.0,6,4000.0,None,120.0,120.0,40.0,-40.0,None,None,"3-Terminal FETs PMOS Pads are ordered (from bottom-to-top): S, D, G, S, D, G, S, D, G, S, D, G"
'1632',FET,mod_fet_asym_nmos_lc_0.12_lch_0.12_lov_0.02_gateasym_-0.02_w_4.0,15500,1170.0,6,4000.0,None,120.0,120.0,20.0,-20.0,None,None,"3-Terminal FETs NMOS Pads are ordered (from bottom-to-top): S, D, G, S, D, G, S, D, G, S, D, G"
'1633',FET,mod_fet_asym_pmos_lc_0.12_lch_0.12_lov_0.02_gateasym_-0.02_w_4.0,15550,1170.0,6,4000.0,None,120.0,120.0,20.0,-20.0,None,None,"3-Terminal FETs PMOS Pads are ordered (from bottom-to-top): S, D, G, S, D, G, S, D, G, S, D, G"
'1634',FET,mod_fet_asym_nmos_lc_0.12_lch_0.12_lov_0.02_gateasym_-0.04_w_4.0,15600,1170.0,6,4000.0,None,120.0,120.0,20.0,-40.0,None,None,"3-Terminal FETs NMOS Pads are ordered (from bottom-to-top): S, D, G, S, D, G, S, D, G, S, D, G"
'1635',FET,mod_fet_asym_pmos_lc_0.12_lch_0.12_lov_0.02_gateasym_-0.04_w_4.0,15650,1170.0,6,4000.0,None,120.0,120.0,20.0,-40.0,None,None,"3-Terminal FETs PMOS Pads are ordered (from bottom-to-top): S, D, G, S, D, G, S, D, G, S, D, G"
'1636',FET,mod_fet_asym_nmos_lc_0.12_lch_0.08_lov_0.06_gateasym_-0.02_w_4.0,15700,1170.0,6,4000.0,None,80.0,120.0,60.0,-20.0,None,None,"3-Terminal FETs NMOS Pads are ordered (from bottom-to-top): S, D, G, S, D, G, S, D, G, S, D, G"
'1637',FET,mod_fet_asym_pmos_lc_0.12_lch_0.08_lov_0.06_gateasym_-0.02_w_4.0,15750,1170.0,6,4000.0,None,80.0,120.0,60.0,-20.0,None,None,"3-Terminal FETs PMOS Pads are ordered (from bottom-to-top): S, D, G, S, D, G, S, D, G, S, D, G"
'1638',FET,mod_fet_asym_nmos_lc_0.12_lch_0.08_lov_0.06_gateasym_-0.04_w_4.0,15800,1170.0,6,4000.0,None,80.0,120.0,60.0,-40.0,None,None,"3-Terminal FETs NMOS Pads are ordered (from bottom-to-top): S, D, G, S, D, G, S, D, G, S, D, G"
'1639',FET,mod_fet_asym_pmos_lc_0.12_lch_0.08_lov_0.06_gateasym_-0.04_w_4.0,15850,1170.0,6,4000.0,None,80.0,120.0,60.0,-40.0,None,None,"3-Terminal FETs PMOS Pads are ordered (from bottom-to-top): S, D, G, S, D, G, S, D, G, S, D, G"
'1640',FET,mod_fet_asym_nmos_lc_0.12_lch_0.08_lov_0.04_gateasym_-0.02_w_4.0,15900,1170.0,6,4000.0,None,80.0,120.0,40.0,-20.0,None,None,"3-Terminal FETs NMOS Pads are ordered (from bottom-to-top): S, D, G, S, D, G, S, D, G, S, D, G"
'1641',FET,mod_fet_asym_pmos_lc_0.12_lch_0.08_lov_0.04_gateasym_-0.02_w_4.0,15950,1170.0,6,4000.0,None,80.0,120.0,40.0,-20.0,None,None,"3-Terminal FETs PMOS Pads are ordered (from bottom-to-top): S, D, G, S, D, G, S, D, G, S, D, G"
'1642',FET,mod_fet_asym_nmos_lc_0.12_lch_0.08_lov_0.04_gateasym_-0.04_w_4.0,16000,1170.0,6,4000.0,None,80.0,120.0,40.0,-40.0,None,None,"3-Terminal FETs NMOS Pads are ordered (from bottom-to-top): S, D, G, S, D, G, S, D, G, S, D, G"
'1643',FET,mod_fet_asym_pmos_lc_0.12_lch_0.08_lov_0.04_gateasym_-0.04_w_4.0,16050,1170.0,6,4000.0,None,80.0,120.0,40.0,-40.0,None,None,"3-Terminal FETs PMOS Pads are ordered (from bottom-to-top): S, D, G, S, D, G, S, D, G, S, D, G"
'1644',FET,mod_fet_asym_nmos_lc_0.12_lch_0.08_lov_0.02_gateasym_-0.02_w_4.0,16100,1170.0,6,4000.0,None,80.0,120.0,20.0,-20.0,None,None,"3-Terminal FETs NMOS Pads are ordered (from bottom-to-top): S, D, G, S, D, G, S, D, G, S, D, G"
'1645',FET,mod_fet_asym_pmos_lc_0.12_lch_0.08_lov_0.02_gateasym_-0.02_w_4.0,16150,1170.0,6,4000.0,None,80.0,120.0,20.0,-20.0,None,None,"3-Terminal FETs PMOS Pads are ordered (from bottom-to-top): S, D, G, S, D, G, S, D, G, S, D, G"
'1646',FET,mod_fet_asym_nmos_lc_0.12_lch_0.08_lov_0.02_gateasym_-0.04_w_4.0,16200,1170.0,6,4000.0,None,80.0,120.0,20.0,-40.0,None,None,"3-Terminal FETs NMOS Pads are ordered (from bottom-to-top): S, D, G, S, D, G, S, D, G, S, D, G"
'1647',FET,mod_fet_asym_pmos_lc_0.12_lch_0.08_lov_0.02_gateasym_-0.04_w_4.0,16250,1170.0,6,4000.0,None,80.0,120.0,20.0,-40.0,None,None,"3-Terminal FETs PMOS Pads are ordered (from bottom-to-top): S, D, G, S, D, G, S, D, G, S, D, G"
'1648',FET,mod_fet_wsweep_nmos_lc_0.20_lch_0.16_lov_0.06_w_0.0,0,7740.0,2,0.0,None,160.0,200.0,60.0,0,None,None,"3-Terminal FETs NMOS Pads are ordered (from bottom-to-top): S, D, G, S, D, G, S, D, G, S, D, G"
'1649',FET,mod_fet_wsweep_pmos_lc_0.20_lch_0.16_lov_0.06_w_0.0,50,7740.0,2,0.0,None,160.0,200.0,60.0,0,None,None,"3-Terminal FETs PMOS Pads are ordered (from bottom-to-top): S, D, G, S, D, G, S, D, G, S, D, G"
'1650',FET,mod_fet_wsweep_nmos_lc_0.20_lch_0.16_lov_0.06_w_0.1,100,7740.0,2,100.0,None,160.0,200.0,60.0,0,None,None,"3-Terminal FETs NMOS Pads are ordered (from bottom-to-top): S, D, G, S, D, G, S, D, G, S, D, G"
'1651',FET,mod_fet_wsweep_pmos_lc_0.20_lch_0.16_lov_0.06_w_0.1,150,7740.0,2,100.0,None,160.0,200.0,60.0,0,None,None,"3-Terminal FETs PMOS Pads are ordered (from bottom-to-top): S, D, G, S, D, G, S, D, G, S, D, G"
'1652',FET,mod_fet_wsweep_nmos_lc_0.20_lch_0.16_lov_0.06_w_0.2,200,7740.0,2,200.0,None,160.0,200.0,60.0,0,None,None,"3-Terminal FETs NMOS Pads are ordered (from bottom-to-top): S, D, G, S, D, G, S, D, G, S, D, G"
'1653',FET,mod_fet_wsweep_pmos_lc_0.20_lch_0.16_lov_0.06_w_0.2,250,7740.0,2,200.0,None,160.0,200.0,60.0,0,None,None,"3-Terminal FETs PMOS Pads are ordered (from bottom-to-top): S, D, G, S, D, G, S, D, G, S, D, G"
'1654',FET,mod_fet_wsweep_nmos_lc_0.20_lch_0.16_lov_0.06_w_0.6,300,7740.0,2,600.0,None,160.0,200.0,60.0,0,None,None,"3-Terminal FETs NMOS Pads are ordered (from bottom-to-top): S, D, G, S, D, G, S, D, G, S, D, G"
'1655',FET,mod_fet_wsweep_pmos_lc_0.20_lch_0.16_lov_0.06_w_0.6,350,7740.0,2,600.0,None,160.0,200.0,60.0,0,None,None,"3-Terminal FETs PMOS Pads are ordered (from bottom-to-top): S, D, G, S, D, G, S, D, G, S, D, G"
'1656',FET,mod_fet_wsweep_nmos_lc_0.20_lch_0.16_lov_0.06_w_1.4,400,7740.0,2,1400.0,None,160.0,200.0,60.0,0,None,None,"3-Terminal FETs NMOS Pads are ordered (from bottom-to-top): S, D, G, S, D, G, S, D, G, S, D, G"
'1657',FET,mod_fet_wsweep_pmos_lc_0.20_lch_0.16_lov_0.06_w_1.4,450,7740.0,2,1400.0,None,160.0,200.0,60.0,0,None,None,"3-Terminal FETs PMOS Pads are ordered (from bottom-to-top): S, D, G, S, D, G, S, D, G, S, D, G"
'1658',FET,mod_fet_wsweep_nmos_lc_0.20_lch_0.16_lov_0.06_w_2.0,500,7740.0,2,2000.0,None,160.0,200.0,60.0,0,None,None,"3-Terminal FETs NMOS Pads are ordered (from bottom-to-top): S, D, G, S, D, G, S, D, G, S, D, G"
'1659',FET,mod_fet_wsweep_pmos_lc_0.20_lch_0.16_lov_0.06_w_2.0,550,7740.0,2,2000.0,None,160.0,200.0,60.0,0,None,None,"3-Terminal FETs PMOS Pads are ordered (from bottom-to-top): S, D, G, S, D, G, S, D, G, S, D, G"
'1660',FET,mod_fet_wsweep_nmos_lc_0.20_lch_0.16_lov_0.06_w_4.0,600,7740.0,2,4000.0,None,160.0,200.0,60.0,0,None,None,"3-Terminal FETs NMOS Pads are ordered (from bottom-to-top): S, D, G, S, D, G, S, D, G, S, D, G"
'1661',FET,mod_fet_wsweep_pmos_lc_0.20_lch_0.16_lov_0.06_w_4.0,650,7740.0,2,4000.0,None,160.0,200.0,60.0,0,None,None,"3-Terminal FETs PMOS Pads are ordered (from bottom-to-top): S, D, G, S, D, G, S, D, G, S, D, G"
'1662',FET,mod_fet_wsweep_nmos_lc_0.20_lch_0.16_lov_0.06_w_6.0,700,7740.0,2,6000.0,None,160.0,200.0,60.0,0,None,None,"3-Terminal FETs NMOS Pads are ordered (from bottom-to-top): S, D, G, S, D, G, S, D, G, S, D, G"
'1663',FET,mod_fet_wsweep_pmos_lc_0.20_lch_0.16_lov_0.06_w_6.0,750,7740.0,2,6000.0,None,160.0,200.0,60.0,0,None,None,"3-Terminal FETs PMOS Pads are ordered (from bottom-to-top): S, D, G, S, D, G, S, D, G, S, D, G"
'1664',FET,mod_fet_wsweep_nmos_lc_0.20_lch_0.16_lov_0.06_w_8.0,800,7740.0,2,8000.0,None,160.0,200.0,60.0,0,None,None,"3-Terminal FETs NMOS Pads are ordered (from bottom-to-top): S, D, G, S, D, G, S, D, G, S, D, G"
'1665',FET,mod_fet_wsweep_pmos_lc_0.20_lch_0.16_lov_0.06_w_8.0,850,7740.0,2,8000.0,None,160.0,200.0,60.0,0,None,None,"3-Terminal FETs PMOS Pads are ordered (from bottom-to-top): S, D, G, S, D, G, S, D, G, S, D, G"
'1666',FET,mod_fet_wsweep_nmos_lc_0.20_lch_0.16_lov_0.06_w_10.0,900,7740.0,2,10000.0,None,160.0,200.0,60.0,0,None,None,"3-Terminal FETs NMOS Pads are ordered (from bottom-to-top): S, D, G, S, D, G, S, D, G, S, D, G"
'1667',FET,mod_fet_wsweep_pmos_lc_0.20_lch_0.16_lov_0.06_w_10.0,950,7740.0,2,10000.0,None,160.0,200.0,60.0,0,None,None,"3-Terminal FETs PMOS Pads are ordered (from bottom-to-top): S, D, G, S, D, G, S, D, G, S, D, G"
'1668',FET,mod_fet_wsweep_nmos_lc_0.20_lch_0.16_lov_0.06_w_15.0,1000,7740.0,2,15000.0,None,160.0,200.0,60.0,0,None,None,"3-Terminal FETs NMOS Pads are ordered (from bottom-to-top): S, D, G, S, D, G, S, D, G, S, D, G"
'1669',FET,mod_fet_wsweep_pmos_lc_0.20_lch_0.16_lov_0.06_w_15.0,1050,7740.0,2,15000.0,None,160.0,200.0,60.0,0,None,None,"3-Terminal FETs PMOS Pads are ordered (from bottom-to-top): S, D, G, S, D, G, S, D, G, S, D, G"
'1670',FET,mod_fet_wsweep_nmos_lc_0.20_lch_0.16_lov_0.06_w_20.0,1100,7740.0,2,20000.0,None,160.0,200.0,60.0,0,None,None,"3-Terminal FETs NMOS Pads are ordered (from bottom-to-top): S, D, G, S, D, G, S, D, G, S, D, G"
'1671',FET,mod_fet_wsweep_pmos_lc_0.20_lch_0.16_lov_0.06_w_20.0,1150,7740.0,2,20000.0,None,160.0,200.0,60.0,0,None,None,"3-Terminal FETs PMOS Pads are ordered (from bottom-to-top): S, D, G, S, D, G, S, D, G, S, D, G"
'1672',FET,mod_fet_wsweep_nmos_lc_0.20_lch_0.16_lov_0.06_w_25.0,1200,7740.0,2,25000.0,None,160.0,200.0,60.0,0,None,None,"3-Terminal FETs NMOS Pads are ordered (from bottom-to-top): S, D, G, S, D, G, S, D, G, S, D, G"
'1673',FET,mod_fet_wsweep_pmos_lc_0.20_lch_0.16_lov_0.06_w_25.0,1250,7740.0,2,25000.0,None,160.0,200.0,60.0,0,None,None,"3-Terminal FETs PMOS Pads are ordered (from bottom-to-top): S, D, G, S, D, G, S, D, G, S, D, G"
'1674',FET,mod_fet_wsweep_nmos_lc_0.20_lch_0.16_lov_0.06_w_30.0,1300,7740.0,2,30000.0,None,160.0,200.0,60.0,0,None,None,"3-Terminal FETs NMOS Pads are ordered (from bottom-to-top): S, D, G, S, D, G, S, D, G, S, D, G"
'1675',FET,mod_fet_wsweep_pmos_lc_0.20_lch_0.16_lov_0.06_w_30.0,1350,7740.0,2,30000.0,None,160.0,200.0,60.0,0,None,None,"3-Terminal FETs PMOS Pads are ordered (from bottom-to-top): S, D, G, S, D, G, S, D, G, S, D, G"
'1676',FET,mod_fet_wsweep_nmos_lc_0.20_lch_0.12_lov_0.06_w_0.0,1400,7740.0,2,0.0,None,120.0,200.0,60.0,0,None,None,"3-Terminal FETs NMOS Pads are ordered (from bottom-to-top): S, D, G, S, D, G, S, D, G, S, D, G"
'1677',FET,mod_fet_wsweep_pmos_lc_0.20_lch_0.12_lov_0.06_w_0.0,1450,7740.0,2,0.0,None,120.0,200.0,60.0,0,None,None,"3-Terminal FETs PMOS Pads are ordered (from bottom-to-top): S, D, G, S, D, G, S, D, G, S, D, G"
'1678',FET,mod_fet_wsweep_nmos_lc_0.20_lch_0.12_lov_0.06_w_0.1,1500,7740.0,2,100.0,None,120.0,200.0,60.0,0,None,None,"3-Terminal FETs NMOS Pads are ordered (from bottom-to-top): S, D, G, S, D, G, S, D, G, S, D, G"
'1679',FET,mod_fet_wsweep_pmos_lc_0.20_lch_0.12_lov_0.06_w_0.1,1550,7740.0,2,100.0,None,120.0,200.0,60.0,0,None,None,"3-Terminal FETs PMOS Pads are ordered (from bottom-to-top): S, D, G, S, D, G, S, D, G, S, D, G"
'1680',FET,mod_fet_wsweep_nmos_lc_0.20_lch_0.12_lov_0.06_w_0.2,1600,7740.0,2,200.0,None,120.0,200.0,60.0,0,None,None,"3-Terminal FETs NMOS Pads are ordered (from bottom-to-top): S, D, G, S, D, G, S, D, G, S, D, G"
'1681',FET,mod_fet_wsweep_pmos_lc_0.20_lch_0.12_lov_0.06_w_0.2,1650,7740.0,2,200.0,None,120.0,200.0,60.0,0,None,None,"3-Terminal FETs PMOS Pads are ordered (from bottom-to-top): S, D, G, S, D, G, S, D, G, S, D, G"
'1682',FET,mod_fet_wsweep_nmos_lc_0.20_lch_0.12_lov_0.06_w_0.6,1700,7740.0,2,600.0,None,120.0,200.0,60.0,0,None,None,"3-Terminal FETs NMOS Pads are ordered (from bottom-to-top): S, D, G, S, D, G, S, D, G, S, D, G"
'1683',FET,mod_fet_wsweep_pmos_lc_0.20_lch_0.12_lov_0.06_w_0.6,1750,7740.0,2,600.0,None,120.0,200.0,60.0,0,None,None,"3-Terminal FETs PMOS Pads are ordered (from bottom-to-top): S, D, G, S, D, G, S, D, G, S, D, G"
'1684',FET,mod_fet_wsweep_nmos_lc_0.20_lch_0.12_lov_0.06_w_1.4,1800,7740.0,2,1400.0,None,120.0,200.0,60.0,0,None,None,"3-Terminal FETs NMOS Pads are ordered (from bottom-to-top): S, D, G, S, D, G, S, D, G, S, D, G"
'1685',FET,mod_fet_wsweep_pmos_lc_0.20_lch_0.12_lov_0.06_w_1.4,1850,7740.0,2,1400.0,None,120.0,200.0,60.0,0,None,None,"3-Terminal FETs PMOS Pads are ordered (from bottom-to-top): S, D, G, S, D, G, S, D, G, S, D, G"
'1686',FET,mod_fet_wsweep_nmos_lc_0.20_lch_0.12_lov_0.06_w_2.0,1900,7740.0,2,2000.0,None,120.0,200.0,60.0,0,None,None,"3-Terminal FETs NMOS Pads are ordered (from bottom-to-top): S, D, G, S, D, G, S, D, G, S, D, G"
'1687',FET,mod_fet_wsweep_pmos_lc_0.20_lch_0.12_lov_0.06_w_2.0,1950,7740.0,2,2000.0,None,120.0,200.0,60.0,0,None,None,"3-Terminal FETs PMOS Pads are ordered (from bottom-to-top): S, D, G, S, D, G, S, D, G, S, D, G"
'1688',FET,mod_fet_wsweep_nmos_lc_0.20_lch_0.12_lov_0.06_w_4.0,2000,7740.0,2,4000.0,None,120.0,200.0,60.0,0,None,None,"3-Terminal FETs NMOS Pads are ordered (from bottom-to-top): S, D, G, S, D, G, S, D, G, S, D, G"
'1689',FET,mod_fet_wsweep_pmos_lc_0.20_lch_0.12_lov_0.06_w_4.0,2050,7740.0,2,4000.0,None,120.0,200.0,60.0,0,None,None,"3-Terminal FETs PMOS Pads are ordered (from bottom-to-top): S, D, G, S, D, G, S, D, G, S, D, G"
'1690',FET,mod_fet_wsweep_nmos_lc_0.20_lch_0.12_lov_0.06_w_6.0,2100,7740.0,2,6000.0,None,120.0,200.0,60.0,0,None,None,"3-Terminal FETs NMOS Pads are ordered (from bottom-to-top): S, D, G, S, D, G, S, D, G, S, D, G"
'1691',FET,mod_fet_wsweep_pmos_lc_0.20_lch_0.12_lov_0.06_w_6.0,2150,7740.0,2,6000.0,None,120.0,200.0,60.0,0,None,None,"3-Terminal FETs PMOS Pads are ordered (from bottom-to-top): S, D, G, S, D, G, S, D, G, S, D, G"
'1692',FET,mod_fet_wsweep_nmos_lc_0.20_lch_0.12_lov_0.06_w_8.0,2200,7740.0,2,8000.0,None,120.0,200.0,60.0,0,None,None,"3-Terminal FETs NMOS Pads are ordered (from bottom-to-top): S, D, G, S, D, G, S, D, G, S, D, G"
'1693',FET,mod_fet_wsweep_pmos_lc_0.20_lch_0.12_lov_0.06_w_8.0,2250,7740.0,2,8000.0,None,120.0,200.0,60.0,0,None,None,"3-Terminal FETs PMOS Pads are ordered (from bottom-to-top): S, D, G, S, D, G, S, D, G, S, D, G"
'1694',FET,mod_fet_wsweep_nmos_lc_0.20_lch_0.12_lov_0.06_w_10.0,2300,7740.0,2,10000.0,None,120.0,200.0,60.0,0,None,None,"3-Terminal FETs NMOS Pads are ordered (from bottom-to-top): S, D, G, S, D, G, S, D, G, S, D, G"
'1695',FET,mod_fet_wsweep_pmos_lc_0.20_lch_0.12_lov_0.06_w_10.0,2350,7740.0,2,10000.0,None,120.0,200.0,60.0,0,None,None,"3-Terminal FETs PMOS Pads are ordered (from bottom-to-top): S, D, G, S, D, G, S, D, G, S, D, G"
'1696',FET,mod_fet_wsweep_nmos_lc_0.20_lch_0.12_lov_0.06_w_15.0,2400,7740.0,2,15000.0,None,120.0,200.0,60.0,0,None,None,"3-Terminal FETs NMOS Pads are ordered (from bottom-to-top): S, D, G, S, D, G, S, D, G, S, D, G"
'1697',FET,mod_fet_wsweep_pmos_lc_0.20_lch_0.12_lov_0.06_w_15.0,2450,7740.0,2,15000.0,None,120.0,200.0,60.0,0,None,None,"3-Terminal FETs PMOS Pads are ordered (from bottom-to-top): S, D, G, S, D, G, S, D, G, S, D, G"
'1698',FET,mod_fet_wsweep_nmos_lc_0.20_lch_0.12_lov_0.06_w_20.0,2500,7740.0,2,20000.0,None,120.0,200.0,60.0,0,None,None,"3-Terminal FETs NMOS Pads are ordered (from bottom-to-top): S, D, G, S, D, G, S, D, G, S, D, G"
'1699',FET,mod_fet_wsweep_pmos_lc_0.20_lch_0.12_lov_0.06_w_20.0,2550,7740.0,2,20000.0,None,120.0,200.0,60.0,0,None,None,"3-Terminal FETs PMOS Pads are ordered (from bottom-to-top): S, D, G, S, D, G, S, D, G, S, D, G"
'1700',FET,mod_fet_wsweep_nmos_lc_0.20_lch_0.12_lov_0.06_w_25.0,2600,7740.0,2,25000.0,None,120.0,200.0,60.0,0,None,None,"3-Terminal FETs NMOS Pads are ordered (from bottom-to-top): S, D, G, S, D, G, S, D, G, S, D, G"
'1701',FET,mod_fet_wsweep_pmos_lc_0.20_lch_0.12_lov_0.06_w_25.0,2650,7740.0,2,25000.0,None,120.0,200.0,60.0,0,None,None,"3-Terminal FETs PMOS Pads are ordered (from bottom-to-top): S, D, G, S, D, G, S, D, G, S, D, G"
'1702',FET,mod_fet_wsweep_nmos_lc_0.20_lch_0.12_lov_0.06_w_30.0,2700,7740.0,2,30000.0,None,120.0,200.0,60.0,0,None,None,"3-Terminal FETs NMOS Pads are ordered (from bottom-to-top): S, D, G, S, D, G, S, D, G, S, D, G"
'1703',FET,mod_fet_wsweep_pmos_lc_0.20_lch_0.12_lov_0.06_w_30.0,2750,7740.0,2,30000.0,None,120.0,200.0,60.0,0,None,None,"3-Terminal FETs PMOS Pads are ordered (from bottom-to-top): S, D, G, S, D, G, S, D, G, S, D, G"
'1704',FET,mod_fet_wsweep_nmos_lc_0.20_lch_0.08_lov_0.06_w_0.0,2800,7740.0,2,0.0,None,80.0,200.0,60.0,0,None,None,"3-Terminal FETs NMOS Pads are ordered (from bottom-to-top): S, D, G, S, D, G, S, D, G, S, D, G"
'1705',FET,mod_fet_wsweep_pmos_lc_0.20_lch_0.08_lov_0.06_w_0.0,2850,7740.0,2,0.0,None,80.0,200.0,60.0,0,None,None,"3-Terminal FETs PMOS Pads are ordered (from bottom-to-top): S, D, G, S, D, G, S, D, G, S, D, G"
'1706',FET,mod_fet_wsweep_nmos_lc_0.20_lch_0.08_lov_0.06_w_0.1,2900,7740.0,2,100.0,None,80.0,200.0,60.0,0,None,None,"3-Terminal FETs NMOS Pads are ordered (from bottom-to-top): S, D, G, S, D, G, S, D, G, S, D, G"
'1707',FET,mod_fet_wsweep_pmos_lc_0.20_lch_0.08_lov_0.06_w_0.1,2950,7740.0,2,100.0,None,80.0,200.0,60.0,0,None,None,"3-Terminal FETs PMOS Pads are ordered (from bottom-to-top): S, D, G, S, D, G, S, D, G, S, D, G"
'1708',FET,mod_fet_wsweep_nmos_lc_0.20_lch_0.08_lov_0.06_w_0.2,3000,7740.0,2,200.0,None,80.0,200.0,60.0,0,None,None,"3-Terminal FETs NMOS Pads are ordered (from bottom-to-top): S, D, G, S, D, G, S, D, G, S, D, G"
'1709',FET,mod_fet_wsweep_pmos_lc_0.20_lch_0.08_lov_0.06_w_0.2,3050,7740.0,2,200.0,None,80.0,200.0,60.0,0,None,None,"3-Terminal FETs PMOS Pads are ordered (from bottom-to-top): S, D, G, S, D, G, S, D, G, S, D, G"
'1710',FET,mod_fet_wsweep_nmos_lc_0.20_lch_0.08_lov_0.06_w_0.6,3100,7740.0,2,600.0,None,80.0,200.0,60.0,0,None,None,"3-Terminal FETs NMOS Pads are ordered (from bottom-to-top): S, D, G, S, D, G, S, D, G, S, D, G"
'1711',FET,mod_fet_wsweep_pmos_lc_0.20_lch_0.08_lov_0.06_w_0.6,3150,7740.0,2,600.0,None,80.0,200.0,60.0,0,None,None,"3-Terminal FETs PMOS Pads are ordered (from bottom-to-top): S, D, G, S, D, G, S, D, G, S, D, G"
'1712',FET,mod_fet_wsweep_nmos_lc_0.20_lch_0.08_lov_0.06_w_1.4,3200,7740.0,2,1400.0,None,80.0,200.0,60.0,0,None,None,"3-Terminal FETs NMOS Pads are ordered (from bottom-to-top): S, D, G, S, D, G, S, D, G, S, D, G"
'1713',FET,mod_fet_wsweep_pmos_lc_0.20_lch_0.08_lov_0.06_w_1.4,3250,7740.0,2,1400.0,None,80.0,200.0,60.0,0,None,None,"3-Terminal FETs PMOS Pads are ordered (from bottom-to-top): S, D, G, S, D, G, S, D, G, S, D, G"
'1714',FET,mod_fet_wsweep_nmos_lc_0.20_lch_0.08_lov_0.06_w_2.0,3300,7740.0,2,2000.0,None,80.0,200.0,60.0,0,None,None,"3-Terminal FETs NMOS Pads are ordered (from bottom-to-top): S, D, G, S, D, G, S, D, G, S, D, G"
'1715',FET,mod_fet_wsweep_pmos_lc_0.20_lch_0.08_lov_0.06_w_2.0,3350,7740.0,2,2000.0,None,80.0,200.0,60.0,0,None,None,"3-Terminal FETs PMOS Pads are ordered (from bottom-to-top): S, D, G, S, D, G, S, D, G, S, D, G"
'1716',FET,mod_fet_wsweep_nmos_lc_0.20_lch_0.08_lov_0.06_w_4.0,3400,7740.0,2,4000.0,None,80.0,200.0,60.0,0,None,None,"3-Terminal FETs NMOS Pads are ordered (from bottom-to-top): S, D, G, S, D, G, S, D, G, S, D, G"
'1717',FET,mod_fet_wsweep_pmos_lc_0.20_lch_0.08_lov_0.06_w_4.0,3450,7740.0,2,4000.0,None,80.0,200.0,60.0,0,None,None,"3-Terminal FETs PMOS Pads are ordered (from bottom-to-top): S, D, G, S, D, G, S, D, G, S, D, G"
'1718',FET,mod_fet_wsweep_nmos_lc_0.20_lch_0.08_lov_0.06_w_6.0,3500,7740.0,2,6000.0,None,80.0,200.0,60.0,0,None,None,"3-Terminal FETs NMOS Pads are ordered (from bottom-to-top): S, D, G, S, D, G, S, D, G, S, D, G"
'1719',FET,mod_fet_wsweep_pmos_lc_0.20_lch_0.08_lov_0.06_w_6.0,3550,7740.0,2,6000.0,None,80.0,200.0,60.0,0,None,None,"3-Terminal FETs PMOS Pads are ordered (from bottom-to-top): S, D, G, S, D, G, S, D, G, S, D, G"
'1720',FET,mod_fet_wsweep_nmos_lc_0.20_lch_0.08_lov_0.06_w_8.0,3600,7740.0,2,8000.0,None,80.0,200.0,60.0,0,None,None,"3-Terminal FETs NMOS Pads are ordered (from bottom-to-top): S, D, G, S, D, G, S, D, G, S, D, G"
'1721',FET,mod_fet_wsweep_pmos_lc_0.20_lch_0.08_lov_0.06_w_8.0,3650,7740.0,2,8000.0,None,80.0,200.0,60.0,0,None,None,"3-Terminal FETs PMOS Pads are ordered (from bottom-to-top): S, D, G, S, D, G, S, D, G, S, D, G"
'1722',FET,mod_fet_wsweep_nmos_lc_0.20_lch_0.08_lov_0.06_w_10.0,3700,7740.0,2,10000.0,None,80.0,200.0,60.0,0,None,None,"3-Terminal FETs NMOS Pads are ordered (from bottom-to-top): S, D, G, S, D, G, S, D, G, S, D, G"
'1723',FET,mod_fet_wsweep_pmos_lc_0.20_lch_0.08_lov_0.06_w_10.0,3750,7740.0,2,10000.0,None,80.0,200.0,60.0,0,None,None,"3-Terminal FETs PMOS Pads are ordered (from bottom-to-top): S, D, G, S, D, G, S, D, G, S, D, G"
'1724',FET,mod_fet_wsweep_nmos_lc_0.20_lch_0.08_lov_0.06_w_15.0,3800,7740.0,2,15000.0,None,80.0,200.0,60.0,0,None,None,"3-Terminal FETs NMOS Pads are ordered (from bottom-to-top): S, D, G, S, D, G, S, D, G, S, D, G"
'1725',FET,mod_fet_wsweep_pmos_lc_0.20_lch_0.08_lov_0.06_w_15.0,3850,7740.0,2,15000.0,None,80.0,200.0,60.0,0,None,None,"3-Terminal FETs PMOS Pads are ordered (from bottom-to-top): S, D, G, S, D, G, S, D, G, S, D, G"
'1726',FET,mod_fet_wsweep_nmos_lc_0.20_lch_0.08_lov_0.06_w_20.0,3900,7740.0,2,20000.0,None,80.0,200.0,60.0,0,None,None,"3-Terminal FETs NMOS Pads are ordered (from bottom-to-top): S, D, G, S, D, G, S, D, G, S, D, G"
'1727',FET,mod_fet_wsweep_pmos_lc_0.20_lch_0.08_lov_0.06_w_20.0,3950,7740.0,2,20000.0,None,80.0,200.0,60.0,0,None,None,"3-Terminal FETs PMOS Pads are ordered (from bottom-to-top): S, D, G, S, D, G, S, D, G, S, D, G"
'1728',FET,mod_fet_wsweep_nmos_lc_0.20_lch_0.08_lov_0.06_w_25.0,4000,7740.0,2,25000.0,None,80.0,200.0,60.0,0,None,None,"3-Terminal FETs NMOS Pads are ordered (from bottom-to-top): S, D, G, S, D, G, S, D, G, S, D, G"
'1729',FET,mod_fet_wsweep_pmos_lc_0.20_lch_0.08_lov_0.06_w_25.0,4050,7740.0,2,25000.0,None,80.0,200.0,60.0,0,None,None,"3-Terminal FETs PMOS Pads are ordered (from bottom-to-top): S, D, G, S, D, G, S, D, G, S, D, G"
'1730',FET,mod_fet_wsweep_nmos_lc_0.20_lch_0.08_lov_0.06_w_30.0,4100,7740.0,2,30000.0,None,80.0,200.0,60.0,0,None,None,"3-Terminal FETs NMOS Pads are ordered (from bottom-to-top): S, D, G, S, D, G, S, D, G, S, D, G"
'1731',FET,mod_fet_wsweep_pmos_lc_0.20_lch_0.08_lov_0.06_w_30.0,4150,7740.0,2,30000.0,None,80.0,200.0,60.0,0,None,None,"3-Terminal FETs PMOS Pads are ordered (from bottom-to-top): S, D, G, S, D, G, S, D, G, S, D, G"
'1732',FET,mod_fet_wsweep_nmos_lc_0.16_lch_0.16_lov_0.06_w_0.0,4200,7740.0,2,0.0,None,160.0,160.0,60.0,0,None,None,"3-Terminal FETs NMOS Pads are ordered (from bottom-to-top): S, D, G, S, D, G, S, D, G, S, D, G"
'1733',FET,mod_fet_wsweep_pmos_lc_0.16_lch_0.16_lov_0.06_w_0.0,4250,7740.0,2,0.0,None,160.0,160.0,60.0,0,None,None,"3-Terminal FETs PMOS Pads are ordered (from bottom-to-top): S, D, G, S, D, G, S, D, G, S, D, G"
'1734',FET,mod_fet_wsweep_nmos_lc_0.16_lch_0.16_lov_0.06_w_0.1,4300,7740.0,2,100.0,None,160.0,160.0,60.0,0,None,None,"3-Terminal FETs NMOS Pads are ordered (from bottom-to-top): S, D, G, S, D, G, S, D, G, S, D, G"
'1735',FET,mod_fet_wsweep_pmos_lc_0.16_lch_0.16_lov_0.06_w_0.1,4350,7740.0,2,100.0,None,160.0,160.0,60.0,0,None,None,"3-Terminal FETs PMOS Pads are ordered (from bottom-to-top): S, D, G, S, D, G, S, D, G, S, D, G"
'1736',FET,mod_fet_wsweep_nmos_lc_0.16_lch_0.16_lov_0.06_w_0.2,4400,7740.0,2,200.0,None,160.0,160.0,60.0,0,None,None,"3-Terminal FETs NMOS Pads are ordered (from bottom-to-top): S, D, G, S, D, G, S, D, G, S, D, G"
'1737',FET,mod_fet_wsweep_pmos_lc_0.16_lch_0.16_lov_0.06_w_0.2,4450,7740.0,2,200.0,None,160.0,160.0,60.0,0,None,None,"3-Terminal FETs PMOS Pads are ordered (from bottom-to-top): S, D, G, S, D, G, S, D, G, S, D, G"
'1738',FET,mod_fet_wsweep_nmos_lc_0.16_lch_0.16_lov_0.06_w_0.6,4500,7740.0,2,600.0,None,160.0,160.0,60.0,0,None,None,"3-Terminal FETs NMOS Pads are ordered (from bottom-to-top): S, D, G, S, D, G, S, D, G, S, D, G"
'1739',FET,mod_fet_wsweep_pmos_lc_0.16_lch_0.16_lov_0.06_w_0.6,4550,7740.0,2,600.0,None,160.0,160.0,60.0,0,None,None,"3-Terminal FETs PMOS Pads are ordered (from bottom-to-top): S, D, G, S, D, G, S, D, G, S, D, G"
'1740',FET,mod_fet_wsweep_nmos_lc_0.16_lch_0.16_lov_0.06_w_1.4,4600,7740.0,2,1400.0,None,160.0,160.0,60.0,0,None,None,"3-Terminal FETs NMOS Pads are ordered (from bottom-to-top): S, D, G, S, D, G, S, D, G, S, D, G"
'1741',FET,mod_fet_wsweep_pmos_lc_0.16_lch_0.16_lov_0.06_w_1.4,4650,7740.0,2,1400.0,None,160.0,160.0,60.0,0,None,None,"3-Terminal FETs PMOS Pads are ordered (from bottom-to-top): S, D, G, S, D, G, S, D, G, S, D, G"
'1742',FET,mod_fet_wsweep_nmos_lc_0.16_lch_0.16_lov_0.06_w_2.0,4700,7740.0,2,2000.0,None,160.0,160.0,60.0,0,None,None,"3-Terminal FETs NMOS Pads are ordered (from bottom-to-top): S, D, G, S, D, G, S, D, G, S, D, G"
'1743',FET,mod_fet_wsweep_pmos_lc_0.16_lch_0.16_lov_0.06_w_2.0,4750,7740.0,2,2000.0,None,160.0,160.0,60.0,0,None,None,"3-Terminal FETs PMOS Pads are ordered (from bottom-to-top): S, D, G, S, D, G, S, D, G, S, D, G"
'1744',FET,mod_fet_wsweep_nmos_lc_0.16_lch_0.16_lov_0.06_w_4.0,4800,7740.0,2,4000.0,None,160.0,160.0,60.0,0,None,None,"3-Terminal FETs NMOS Pads are ordered (from bottom-to-top): S, D, G, S, D, G, S, D, G, S, D, G"
'1745',FET,mod_fet_wsweep_pmos_lc_0.16_lch_0.16_lov_0.06_w_4.0,4850,7740.0,2,4000.0,None,160.0,160.0,60.0,0,None,None,"3-Terminal FETs PMOS Pads are ordered (from bottom-to-top): S, D, G, S, D, G, S, D, G, S, D, G"
'1746',FET,mod_fet_wsweep_nmos_lc_0.16_lch_0.16_lov_0.06_w_6.0,4900,7740.0,2,6000.0,None,160.0,160.0,60.0,0,None,None,"3-Terminal FETs NMOS Pads are ordered (from bottom-to-top): S, D, G, S, D, G, S, D, G, S, D, G"
'1747',FET,mod_fet_wsweep_pmos_lc_0.16_lch_0.16_lov_0.06_w_6.0,4950,7740.0,2,6000.0,None,160.0,160.0,60.0,0,None,None,"3-Terminal FETs PMOS Pads are ordered (from bottom-to-top): S, D, G, S, D, G, S, D, G, S, D, G"
'1748',FET,mod_fet_wsweep_nmos_lc_0.16_lch_0.16_lov_0.06_w_8.0,5000,7740.0,2,8000.0,None,160.0,160.0,60.0,0,None,None,"3-Terminal FETs NMOS Pads are ordered (from bottom-to-top): S, D, G, S, D, G, S, D, G, S, D, G"
'1749',FET,mod_fet_wsweep_pmos_lc_0.16_lch_0.16_lov_0.06_w_8.0,5050,7740.0,2,8000.0,None,160.0,160.0,60.0,0,None,None,"3-Terminal FETs PMOS Pads are ordered (from bottom-to-top): S, D, G, S, D, G, S, D, G, S, D, G"
'1750',FET,mod_fet_wsweep_nmos_lc_0.16_lch_0.16_lov_0.06_w_10.0,5100,7740.0,2,10000.0,None,160.0,160.0,60.0,0,None,None,"3-Terminal FETs NMOS Pads are ordered (from bottom-to-top): S, D, G, S, D, G, S, D, G, S, D, G"
'1751',FET,mod_fet_wsweep_pmos_lc_0.16_lch_0.16_lov_0.06_w_10.0,5150,7740.0,2,10000.0,None,160.0,160.0,60.0,0,None,None,"3-Terminal FETs PMOS Pads are ordered (from bottom-to-top): S, D, G, S, D, G, S, D, G, S, D, G"
'1752',FET,mod_fet_wsweep_nmos_lc_0.16_lch_0.16_lov_0.06_w_15.0,5200,7740.0,2,15000.0,None,160.0,160.0,60.0,0,None,None,"3-Terminal FETs NMOS Pads are ordered (from bottom-to-top): S, D, G, S, D, G, S, D, G, S, D, G"
'1753',FET,mod_fet_wsweep_pmos_lc_0.16_lch_0.16_lov_0.06_w_15.0,5250,7740.0,2,15000.0,None,160.0,160.0,60.0,0,None,None,"3-Terminal FETs PMOS Pads are ordered (from bottom-to-top): S, D, G, S, D, G, S, D, G, S, D, G"
'1754',FET,mod_fet_wsweep_nmos_lc_0.16_lch_0.16_lov_0.06_w_20.0,5300,7740.0,2,20000.0,None,160.0,160.0,60.0,0,None,None,"3-Terminal FETs NMOS Pads are ordered (from bottom-to-top): S, D, G, S, D, G, S, D, G, S, D, G"
'1755',FET,mod_fet_wsweep_pmos_lc_0.16_lch_0.16_lov_0.06_w_20.0,5350,7740.0,2,20000.0,None,160.0,160.0,60.0,0,None,None,"3-Terminal FETs PMOS Pads are ordered (from bottom-to-top): S, D, G, S, D, G, S, D, G, S, D, G"
'1756',FET,mod_fet_wsweep_nmos_lc_0.16_lch_0.16_lov_0.06_w_25.0,5400,7740.0,2,25000.0,None,160.0,160.0,60.0,0,None,None,"3-Terminal FETs NMOS Pads are ordered (from bottom-to-top): S, D, G, S, D, G, S, D, G, S, D, G"
'1757',FET,mod_fet_wsweep_pmos_lc_0.16_lch_0.16_lov_0.06_w_25.0,5450,7740.0,2,25000.0,None,160.0,160.0,60.0,0,None,None,"3-Terminal FETs PMOS Pads are ordered (from bottom-to-top): S, D, G, S, D, G, S, D, G, S, D, G"
'1758',FET,mod_fet_wsweep_nmos_lc_0.16_lch_0.16_lov_0.06_w_30.0,5500,7740.0,2,30000.0,None,160.0,160.0,60.0,0,None,None,"3-Terminal FETs NMOS Pads are ordered (from bottom-to-top): S, D, G, S, D, G, S, D, G, S, D, G"
'1759',FET,mod_fet_wsweep_pmos_lc_0.16_lch_0.16_lov_0.06_w_30.0,5550,7740.0,2,30000.0,None,160.0,160.0,60.0,0,None,None,"3-Terminal FETs PMOS Pads are ordered (from bottom-to-top): S, D, G, S, D, G, S, D, G, S, D, G"
'1760',FET,mod_fet_wsweep_nmos_lc_0.16_lch_0.12_lov_0.06_w_0.0,5600,7740.0,2,0.0,None,120.0,160.0,60.0,0,None,None,"3-Terminal FETs NMOS Pads are ordered (from bottom-to-top): S, D, G, S, D, G, S, D, G, S, D, G"
'1761',FET,mod_fet_wsweep_pmos_lc_0.16_lch_0.12_lov_0.06_w_0.0,5650,7740.0,2,0.0,None,120.0,160.0,60.0,0,None,None,"3-Terminal FETs PMOS Pads are ordered (from bottom-to-top): S, D, G, S, D, G, S, D, G, S, D, G"
'1762',FET,mod_fet_wsweep_nmos_lc_0.16_lch_0.12_lov_0.06_w_0.1,5700,7740.0,2,100.0,None,120.0,160.0,60.0,0,None,None,"3-Terminal FETs NMOS Pads are ordered (from bottom-to-top): S, D, G, S, D, G, S, D, G, S, D, G"
'1763',FET,mod_fet_wsweep_pmos_lc_0.16_lch_0.12_lov_0.06_w_0.1,5750,7740.0,2,100.0,None,120.0,160.0,60.0,0,None,None,"3-Terminal FETs PMOS Pads are ordered (from bottom-to-top): S, D, G, S, D, G, S, D, G, S, D, G"
'1764',FET,mod_fet_wsweep_nmos_lc_0.16_lch_0.12_lov_0.06_w_0.2,5800,7740.0,2,200.0,None,120.0,160.0,60.0,0,None,None,"3-Terminal FETs NMOS Pads are ordered (from bottom-to-top): S, D, G, S, D, G, S, D, G, S, D, G"
'1765',FET,mod_fet_wsweep_pmos_lc_0.16_lch_0.12_lov_0.06_w_0.2,5850,7740.0,2,200.0,None,120.0,160.0,60.0,0,None,None,"3-Terminal FETs PMOS Pads are ordered (from bottom-to-top): S, D, G, S, D, G, S, D, G, S, D, G"
'1766',FET,mod_fet_wsweep_nmos_lc_0.16_lch_0.12_lov_0.06_w_0.6,5900,7740.0,2,600.0,None,120.0,160.0,60.0,0,None,None,"3-Terminal FETs NMOS Pads are ordered (from bottom-to-top): S, D, G, S, D, G, S, D, G, S, D, G"
'1767',FET,mod_fet_wsweep_pmos_lc_0.16_lch_0.12_lov_0.06_w_0.6,5950,7740.0,2,600.0,None,120.0,160.0,60.0,0,None,None,"3-Terminal FETs PMOS Pads are ordered (from bottom-to-top): S, D, G, S, D, G, S, D, G, S, D, G"
'1768',FET,mod_fet_wsweep_nmos_lc_0.16_lch_0.12_lov_0.06_w_1.4,6000,7740.0,2,1400.0,None,120.0,160.0,60.0,0,None,None,"3-Terminal FETs NMOS Pads are ordered (from bottom-to-top): S, D, G, S, D, G, S, D, G, S, D, G"
'1769',FET,mod_fet_wsweep_pmos_lc_0.16_lch_0.12_lov_0.06_w_1.4,6050,7740.0,2,1400.0,None,120.0,160.0,60.0,0,None,None,"3-Terminal FETs PMOS Pads are ordered (from bottom-to-top): S, D, G, S, D, G, S, D, G, S, D, G"
'1770',FET,mod_fet_wsweep_nmos_lc_0.16_lch_0.12_lov_0.06_w_2.0,6100,7740.0,2,2000.0,None,120.0,160.0,60.0,0,None,None,"3-Terminal FETs NMOS Pads are ordered (from bottom-to-top): S, D, G, S, D, G, S, D, G, S, D, G"
'1771',FET,mod_fet_wsweep_pmos_lc_0.16_lch_0.12_lov_0.06_w_2.0,6150,7740.0,2,2000.0,None,120.0,160.0,60.0,0,None,None,"3-Terminal FETs PMOS Pads are ordered (from bottom-to-top): S, D, G, S, D, G, S, D, G, S, D, G"
'1772',FET,mod_fet_wsweep_nmos_lc_0.16_lch_0.12_lov_0.06_w_4.0,6200,7740.0,2,4000.0,None,120.0,160.0,60.0,0,None,None,"3-Terminal FETs NMOS Pads are ordered (from bottom-to-top): S, D, G, S, D, G, S, D, G, S, D, G"
'1773',FET,mod_fet_wsweep_pmos_lc_0.16_lch_0.12_lov_0.06_w_4.0,6250,7740.0,2,4000.0,None,120.0,160.0,60.0,0,None,None,"3-Terminal FETs PMOS Pads are ordered (from bottom-to-top): S, D, G, S, D, G, S, D, G, S, D, G"
'1774',FET,mod_fet_wsweep_nmos_lc_0.16_lch_0.12_lov_0.06_w_6.0,6300,7740.0,2,6000.0,None,120.0,160.0,60.0,0,None,None,"3-Terminal FETs NMOS Pads are ordered (from bottom-to-top): S, D, G, S, D, G, S, D, G, S, D, G"
'1775',FET,mod_fet_wsweep_pmos_lc_0.16_lch_0.12_lov_0.06_w_6.0,6350,7740.0,2,6000.0,None,120.0,160.0,60.0,0,None,None,"3-Terminal FETs PMOS Pads are ordered (from bottom-to-top): S, D, G, S, D, G, S, D, G, S, D, G"
'1776',FET,mod_fet_wsweep_nmos_lc_0.16_lch_0.12_lov_0.06_w_8.0,6400,7740.0,2,8000.0,None,120.0,160.0,60.0,0,None,None,"3-Terminal FETs NMOS Pads are ordered (from bottom-to-top): S, D, G, S, D, G, S, D, G, S, D, G"
'1777',FET,mod_fet_wsweep_pmos_lc_0.16_lch_0.12_lov_0.06_w_8.0,6450,7740.0,2,8000.0,None,120.0,160.0,60.0,0,None,None,"3-Terminal FETs PMOS Pads are ordered (from bottom-to-top): S, D, G, S, D, G, S, D, G, S, D, G"
'1778',FET,mod_fet_wsweep_nmos_lc_0.16_lch_0.12_lov_0.06_w_10.0,6500,7740.0,2,10000.0,None,120.0,160.0,60.0,0,None,None,"3-Terminal FETs NMOS Pads are ordered (from bottom-to-top): S, D, G, S, D, G, S, D, G, S, D, G"
'1779',FET,mod_fet_wsweep_pmos_lc_0.16_lch_0.12_lov_0.06_w_10.0,6550,7740.0,2,10000.0,None,120.0,160.0,60.0,0,None,None,"3-Terminal FETs PMOS Pads are ordered (from bottom-to-top): S, D, G, S, D, G, S, D, G, S, D, G"
'1780',FET,mod_fet_wsweep_nmos_lc_0.16_lch_0.12_lov_0.06_w_15.0,6600,7740.0,2,15000.0,None,120.0,160.0,60.0,0,None,None,"3-Terminal FETs NMOS Pads are ordered (from bottom-to-top): S, D, G, S, D, G, S, D, G, S, D, G"
'1781',FET,mod_fet_wsweep_pmos_lc_0.16_lch_0.12_lov_0.06_w_15.0,6650,7740.0,2,15000.0,None,120.0,160.0,60.0,0,None,None,"3-Terminal FETs PMOS Pads are ordered (from bottom-to-top): S, D, G, S, D, G, S, D, G, S, D, G"
'1782',FET,mod_fet_wsweep_nmos_lc_0.16_lch_0.12_lov_0.06_w_20.0,6700,7740.0,2,20000.0,None,120.0,160.0,60.0,0,None,None,"3-Terminal FETs NMOS Pads are ordered (from bottom-to-top): S, D, G, S, D, G, S, D, G, S, D, G"
'1783',FET,mod_fet_wsweep_pmos_lc_0.16_lch_0.12_lov_0.06_w_20.0,6750,7740.0,2,20000.0,None,120.0,160.0,60.0,0,None,None,"3-Terminal FETs PMOS Pads are ordered (from bottom-to-top): S, D, G, S, D, G, S, D, G, S, D, G"
'1784',FET,mod_fet_wsweep_nmos_lc_0.16_lch_0.12_lov_0.06_w_25.0,6800,7740.0,2,25000.0,None,120.0,160.0,60.0,0,None,None,"3-Terminal FETs NMOS Pads are ordered (from bottom-to-top): S, D, G, S, D, G, S, D, G, S, D, G"
'1785',FET,mod_fet_wsweep_pmos_lc_0.16_lch_0.12_lov_0.06_w_25.0,6850,7740.0,2,25000.0,None,120.0,160.0,60.0,0,None,None,"3-Terminal FETs PMOS Pads are ordered (from bottom-to-top): S, D, G, S, D, G, S, D, G, S, D, G"
'1786',FET,mod_fet_wsweep_nmos_lc_0.16_lch_0.12_lov_0.06_w_30.0,6900,7740.0,2,30000.0,None,120.0,160.0,60.0,0,None,None,"3-Terminal FETs NMOS Pads are ordered (from bottom-to-top): S, D, G, S, D, G, S, D, G, S, D, G"
'1787',FET,mod_fet_wsweep_pmos_lc_0.16_lch_0.12_lov_0.06_w_30.0,6950,7740.0,2,30000.0,None,120.0,160.0,60.0,0,None,None,"3-Terminal FETs PMOS Pads are ordered (from bottom-to-top): S, D, G, S, D, G, S, D, G, S, D, G"
'1788',FET,mod_fet_wsweep_nmos_lc_0.16_lch_0.08_lov_0.06_w_0.0,7000,7740.0,2,0.0,None,80.0,160.0,60.0,0,None,None,"3-Terminal FETs NMOS Pads are ordered (from bottom-to-top): S, D, G, S, D, G, S, D, G, S, D, G"
'1789',FET,mod_fet_wsweep_pmos_lc_0.16_lch_0.08_lov_0.06_w_0.0,7050,7740.0,2,0.0,None,80.0,160.0,60.0,0,None,None,"3-Terminal FETs PMOS Pads are ordered (from bottom-to-top): S, D, G, S, D, G, S, D, G, S, D, G"
'1790',FET,mod_fet_wsweep_nmos_lc_0.16_lch_0.08_lov_0.06_w_0.1,7100,7740.0,2,100.0,None,80.0,160.0,60.0,0,None,None,"3-Terminal FETs NMOS Pads are ordered (from bottom-to-top): S, D, G, S, D, G, S, D, G, S, D, G"
'1791',FET,mod_fet_wsweep_pmos_lc_0.16_lch_0.08_lov_0.06_w_0.1,7150,7740.0,2,100.0,None,80.0,160.0,60.0,0,None,None,"3-Terminal FETs PMOS Pads are ordered (from bottom-to-top): S, D, G, S, D, G, S, D, G, S, D, G"
'1792',FET,mod_fet_wsweep_nmos_lc_0.16_lch_0.08_lov_0.06_w_0.2,7200,7740.0,2,200.0,None,80.0,160.0,60.0,0,None,None,"3-Terminal FETs NMOS Pads are ordered (from bottom-to-top): S, D, G, S, D, G, S, D, G, S, D, G"
'1793',FET,mod_fet_wsweep_pmos_lc_0.16_lch_0.08_lov_0.06_w_0.2,7250,7740.0,2,200.0,None,80.0,160.0,60.0,0,None,None,"3-Terminal FETs PMOS Pads are ordered (from bottom-to-top): S, D, G, S, D, G, S, D, G, S, D, G"
'1794',FET,mod_fet_wsweep_nmos_lc_0.16_lch_0.08_lov_0.06_w_0.6,7300,7740.0,2,600.0,None,80.0,160.0,60.0,0,None,None,"3-Terminal FETs NMOS Pads are ordered (from bottom-to-top): S, D, G, S, D, G, S, D, G, S, D, G"
'1795',FET,mod_fet_wsweep_pmos_lc_0.16_lch_0.08_lov_0.06_w_0.6,7350,7740.0,2,600.0,None,80.0,160.0,60.0,0,None,None,"3-Terminal FETs PMOS Pads are ordered (from bottom-to-top): S, D, G, S, D, G, S, D, G, S, D, G"
'1796',FET,mod_fet_wsweep_nmos_lc_0.16_lch_0.08_lov_0.06_w_1.4,7400,7740.0,2,1400.0,None,80.0,160.0,60.0,0,None,None,"3-Terminal FETs NMOS Pads are ordered (from bottom-to-top): S, D, G, S, D, G, S, D, G, S, D, G"
'1797',FET,mod_fet_wsweep_pmos_lc_0.16_lch_0.08_lov_0.06_w_1.4,7450,7740.0,2,1400.0,None,80.0,160.0,60.0,0,None,None,"3-Terminal FETs PMOS Pads are ordered (from bottom-to-top): S, D, G, S, D, G, S, D, G, S, D, G"
'1798',FET,mod_fet_wsweep_nmos_lc_0.16_lch_0.08_lov_0.06_w_2.0,7500,7740.0,2,2000.0,None,80.0,160.0,60.0,0,None,None,"3-Terminal FETs NMOS Pads are ordered (from bottom-to-top): S, D, G, S, D, G, S, D, G, S, D, G"
'1799',FET,mod_fet_wsweep_pmos_lc_0.16_lch_0.08_lov_0.06_w_2.0,7550,7740.0,2,2000.0,None,80.0,160.0,60.0,0,None,None,"3-Terminal FETs PMOS Pads are ordered (from bottom-to-top): S, D, G, S, D, G, S, D, G, S, D, G"
'1800',FET,mod_fet_wsweep_nmos_lc_0.16_lch_0.08_lov_0.06_w_4.0,7600,7740.0,2,4000.0,None,80.0,160.0,60.0,0,None,None,"3-Terminal FETs NMOS Pads are ordered (from bottom-to-top): S, D, G, S, D, G, S, D, G, S, D, G"
'1801',FET,mod_fet_wsweep_pmos_lc_0.16_lch_0.08_lov_0.06_w_4.0,7650,7740.0,2,4000.0,None,80.0,160.0,60.0,0,None,None,"3-Terminal FETs PMOS Pads are ordered (from bottom-to-top): S, D, G, S, D, G, S, D, G, S, D, G"
'1802',FET,mod_fet_wsweep_nmos_lc_0.16_lch_0.08_lov_0.06_w_6.0,7700,7740.0,2,6000.0,None,80.0,160.0,60.0,0,None,None,"3-Terminal FETs NMOS Pads are ordered (from bottom-to-top): S, D, G, S, D, G, S, D, G, S, D, G"
'1803',FET,mod_fet_wsweep_pmos_lc_0.16_lch_0.08_lov_0.06_w_6.0,7750,7740.0,2,6000.0,None,80.0,160.0,60.0,0,None,None,"3-Terminal FETs PMOS Pads are ordered (from bottom-to-top): S, D, G, S, D, G, S, D, G, S, D, G"
'1804',FET,mod_fet_wsweep_nmos_lc_0.16_lch_0.08_lov_0.06_w_8.0,7800,7740.0,2,8000.0,None,80.0,160.0,60.0,0,None,None,"3-Terminal FETs NMOS Pads are ordered (from bottom-to-top): S, D, G, S, D, G, S, D, G, S, D, G"
'1805',FET,mod_fet_wsweep_pmos_lc_0.16_lch_0.08_lov_0.06_w_8.0,7850,7740.0,2,8000.0,None,80.0,160.0,60.0,0,None,None,"3-Terminal FETs PMOS Pads are ordered (from bottom-to-top): S, D, G, S, D, G, S, D, G, S, D, G"
'1806',FET,mod_fet_wsweep_nmos_lc_0.16_lch_0.08_lov_0.06_w_10.0,7900,7740.0,2,10000.0,None,80.0,160.0,60.0,0,None,None,"3-Terminal FETs NMOS Pads are ordered (from bottom-to-top): S, D, G, S, D, G, S, D, G, S, D, G"
'1807',FET,mod_fet_wsweep_pmos_lc_0.16_lch_0.08_lov_0.06_w_10.0,7950,7740.0,2,10000.0,None,80.0,160.0,60.0,0,None,None,"3-Terminal FETs PMOS Pads are ordered (from bottom-to-top): S, D, G, S, D, G, S, D, G, S, D, G"
'1808',FET,mod_fet_wsweep_nmos_lc_0.16_lch_0.08_lov_0.06_w_15.0,8000,7740.0,2,15000.0,None,80.0,160.0,60.0,0,None,None,"3-Terminal FETs NMOS Pads are ordered (from bottom-to-top): S, D, G, S, D, G, S, D, G, S, D, G"
'1809',FET,mod_fet_wsweep_pmos_lc_0.16_lch_0.08_lov_0.06_w_15.0,8050,7740.0,2,15000.0,None,80.0,160.0,60.0,0,None,None,"3-Terminal FETs PMOS Pads are ordered (from bottom-to-top): S, D, G, S, D, G, S, D, G, S, D, G"
'1810',FET,mod_fet_wsweep_nmos_lc_0.16_lch_0.08_lov_0.06_w_20.0,8100,7740.0,2,20000.0,None,80.0,160.0,60.0,0,None,None,"3-Terminal FETs NMOS Pads are ordered (from bottom-to-top): S, D, G, S, D, G, S, D, G, S, D, G"
'1811',FET,mod_fet_wsweep_pmos_lc_0.16_lch_0.08_lov_0.06_w_20.0,8150,7740.0,2,20000.0,None,80.0,160.0,60.0,0,None,None,"3-Terminal FETs PMOS Pads are ordered (from bottom-to-top): S, D, G, S, D, G, S, D, G, S, D, G"
'1812',FET,mod_fet_wsweep_nmos_lc_0.16_lch_0.08_lov_0.06_w_25.0,8200,7740.0,2,25000.0,None,80.0,160.0,60.0,0,None,None,"3-Terminal FETs NMOS Pads are ordered (from bottom-to-top): S, D, G, S, D, G, S, D, G, S, D, G"
'1813',FET,mod_fet_wsweep_pmos_lc_0.16_lch_0.08_lov_0.06_w_25.0,8250,7740.0,2,25000.0,None,80.0,160.0,60.0,0,None,None,"3-Terminal FETs PMOS Pads are ordered (from bottom-to-top): S, D, G, S, D, G, S, D, G, S, D, G"
'1814',FET,mod_fet_wsweep_nmos_lc_0.16_lch_0.08_lov_0.06_w_30.0,8300,7740.0,2,30000.0,None,80.0,160.0,60.0,0,None,None,"3-Terminal FETs NMOS Pads are ordered (from bottom-to-top): S, D, G, S, D, G, S, D, G, S, D, G"
'1815',FET,mod_fet_wsweep_pmos_lc_0.16_lch_0.08_lov_0.06_w_30.0,8350,7740.0,2,30000.0,None,80.0,160.0,60.0,0,None,None,"3-Terminal FETs PMOS Pads are ordered (from bottom-to-top): S, D, G, S, D, G, S, D, G, S, D, G"
'1816',FET,mod_fet_wsweep_nmos_lc_0.12_lch_0.16_lov_0.06_w_0.0,8400,7740.0,2,0.0,None,160.0,120.0,60.0,0,None,None,"3-Terminal FETs NMOS Pads are ordered (from bottom-to-top): S, D, G, S, D, G, S, D, G, S, D, G"
'1817',FET,mod_fet_wsweep_pmos_lc_0.12_lch_0.16_lov_0.06_w_0.0,8450,7740.0,2,0.0,None,160.0,120.0,60.0,0,None,None,"3-Terminal FETs PMOS Pads are ordered (from bottom-to-top): S, D, G, S, D, G, S, D, G, S, D, G"
'1818',FET,mod_fet_wsweep_nmos_lc_0.12_lch_0.16_lov_0.06_w_0.1,8500,7740.0,2,100.0,None,160.0,120.0,60.0,0,None,None,"3-Terminal FETs NMOS Pads are ordered (from bottom-to-top): S, D, G, S, D, G, S, D, G, S, D, G"
'1819',FET,mod_fet_wsweep_pmos_lc_0.12_lch_0.16_lov_0.06_w_0.1,8550,7740.0,2,100.0,None,160.0,120.0,60.0,0,None,None,"3-Terminal FETs PMOS Pads are ordered (from bottom-to-top): S, D, G, S, D, G, S, D, G, S, D, G"
'1820',FET,mod_fet_wsweep_nmos_lc_0.12_lch_0.16_lov_0.06_w_0.2,8600,7740.0,2,200.0,None,160.0,120.0,60.0,0,None,None,"3-Terminal FETs NMOS Pads are ordered (from bottom-to-top): S, D, G, S, D, G, S, D, G, S, D, G"
'1821',FET,mod_fet_wsweep_pmos_lc_0.12_lch_0.16_lov_0.06_w_0.2,8650,7740.0,2,200.0,None,160.0,120.0,60.0,0,None,None,"3-Terminal FETs PMOS Pads are ordered (from bottom-to-top): S, D, G, S, D, G, S, D, G, S, D, G"
'1822',FET,mod_fet_wsweep_nmos_lc_0.12_lch_0.16_lov_0.06_w_0.6,8700,7740.0,2,600.0,None,160.0,120.0,60.0,0,None,None,"3-Terminal FETs NMOS Pads are ordered (from bottom-to-top): S, D, G, S, D, G, S, D, G, S, D, G"
'1823',FET,mod_fet_wsweep_pmos_lc_0.12_lch_0.16_lov_0.06_w_0.6,8750,7740.0,2,600.0,None,160.0,120.0,60.0,0,None,None,"3-Terminal FETs PMOS Pads are ordered (from bottom-to-top): S, D, G, S, D, G, S, D, G, S, D, G"
'1824',FET,mod_fet_wsweep_nmos_lc_0.12_lch_0.16_lov_0.06_w_1.4,8800,7740.0,2,1400.0,None,160.0,120.0,60.0,0,None,None,"3-Terminal FETs NMOS Pads are ordered (from bottom-to-top): S, D, G, S, D, G, S, D, G, S, D, G"
'1825',FET,mod_fet_wsweep_pmos_lc_0.12_lch_0.16_lov_0.06_w_1.4,8850,7740.0,2,1400.0,None,160.0,120.0,60.0,0,None,None,"3-Terminal FETs PMOS Pads are ordered (from bottom-to-top): S, D, G, S, D, G, S, D, G, S, D, G"
'1826',FET,mod_fet_wsweep_nmos_lc_0.12_lch_0.16_lov_0.06_w_2.0,8900,7740.0,2,2000.0,None,160.0,120.0,60.0,0,None,None,"3-Terminal FETs NMOS Pads are ordered (from bottom-to-top): S, D, G, S, D, G, S, D, G, S, D, G"
'1827',FET,mod_fet_wsweep_pmos_lc_0.12_lch_0.16_lov_0.06_w_2.0,8950,7740.0,2,2000.0,None,160.0,120.0,60.0,0,None,None,"3-Terminal FETs PMOS Pads are ordered (from bottom-to-top): S, D, G, S, D, G, S, D, G, S, D, G"
'1828',FET,mod_fet_wsweep_nmos_lc_0.12_lch_0.16_lov_0.06_w_4.0,9000,7740.0,2,4000.0,None,160.0,120.0,60.0,0,None,None,"3-Terminal FETs NMOS Pads are ordered (from bottom-to-top): S, D, G, S, D, G, S, D, G, S, D, G"
'1829',FET,mod_fet_wsweep_pmos_lc_0.12_lch_0.16_lov_0.06_w_4.0,9050,7740.0,2,4000.0,None,160.0,120.0,60.0,0,None,None,"3-Terminal FETs PMOS Pads are ordered (from bottom-to-top): S, D, G, S, D, G, S, D, G, S, D, G"
'1830',FET,mod_fet_wsweep_nmos_lc_0.12_lch_0.16_lov_0.06_w_6.0,9100,7740.0,2,6000.0,None,160.0,120.0,60.0,0,None,None,"3-Terminal FETs NMOS Pads are ordered (from bottom-to-top): S, D, G, S, D, G, S, D, G, S, D, G"
'1831',FET,mod_fet_wsweep_pmos_lc_0.12_lch_0.16_lov_0.06_w_6.0,9150,7740.0,2,6000.0,None,160.0,120.0,60.0,0,None,None,"3-Terminal FETs PMOS Pads are ordered (from bottom-to-top): S, D, G, S, D, G, S, D, G, S, D, G"
'1832',FET,mod_fet_wsweep_nmos_lc_0.12_lch_0.16_lov_0.06_w_8.0,9200,7740.0,2,8000.0,None,160.0,120.0,60.0,0,None,None,"3-Terminal FETs NMOS Pads are ordered (from bottom-to-top): S, D, G, S, D, G, S, D, G, S, D, G"
'1833',FET,mod_fet_wsweep_pmos_lc_0.12_lch_0.16_lov_0.06_w_8.0,9250,7740.0,2,8000.0,None,160.0,120.0,60.0,0,None,None,"3-Terminal FETs PMOS Pads are ordered (from bottom-to-top): S, D, G, S, D, G, S, D, G, S, D, G"
'1834',FET,mod_fet_wsweep_nmos_lc_0.12_lch_0.16_lov_0.06_w_10.0,9300,7740.0,2,10000.0,None,160.0,120.0,60.0,0,None,None,"3-Terminal FETs NMOS Pads are ordered (from bottom-to-top): S, D, G, S, D, G, S, D, G, S, D, G"
'1835',FET,mod_fet_wsweep_pmos_lc_0.12_lch_0.16_lov_0.06_w_10.0,9350,7740.0,2,10000.0,None,160.0,120.0,60.0,0,None,None,"3-Terminal FETs PMOS Pads are ordered (from bottom-to-top): S, D, G, S, D, G, S, D, G, S, D, G"
'1836',FET,mod_fet_wsweep_nmos_lc_0.12_lch_0.16_lov_0.06_w_15.0,9400,7740.0,2,15000.0,None,160.0,120.0,60.0,0,None,None,"3-Terminal FETs NMOS Pads are ordered (from bottom-to-top): S, D, G, S, D, G, S, D, G, S, D, G"
'1837',FET,mod_fet_wsweep_pmos_lc_0.12_lch_0.16_lov_0.06_w_15.0,9450,7740.0,2,15000.0,None,160.0,120.0,60.0,0,None,None,"3-Terminal FETs PMOS Pads are ordered (from bottom-to-top): S, D, G, S, D, G, S, D, G, S, D, G"
'1838',FET,mod_fet_wsweep_nmos_lc_0.12_lch_0.16_lov_0.06_w_20.0,9500,7740.0,2,20000.0,None,160.0,120.0,60.0,0,None,None,"3-Terminal FETs NMOS Pads are ordered (from bottom-to-top): S, D, G, S, D, G, S, D, G, S, D, G"
'1839',FET,mod_fet_wsweep_pmos_lc_0.12_lch_0.16_lov_0.06_w_20.0,9550,7740.0,2,20000.0,None,160.0,120.0,60.0,0,None,None,"3-Terminal FETs PMOS Pads are ordered (from bottom-to-top): S, D, G, S, D, G, S, D, G, S, D, G"
'1840',FET,mod_fet_wsweep_nmos_lc_0.12_lch_0.16_lov_0.06_w_25.0,9600,7740.0,2,25000.0,None,160.0,120.0,60.0,0,None,None,"3-Terminal FETs NMOS Pads are ordered (from bottom-to-top): S, D, G, S, D, G, S, D, G, S, D, G"
'1841',FET,mod_fet_wsweep_pmos_lc_0.12_lch_0.16_lov_0.06_w_25.0,9650,7740.0,2,25000.0,None,160.0,120.0,60.0,0,None,None,"3-Terminal FETs PMOS Pads are ordered (from bottom-to-top): S, D, G, S, D, G, S, D, G, S, D, G"
'1842',FET,mod_fet_wsweep_nmos_lc_0.12_lch_0.16_lov_0.06_w_30.0,9700,7740.0,2,30000.0,None,160.0,120.0,60.0,0,None,None,"3-Terminal FETs NMOS Pads are ordered (from bottom-to-top): S, D, G, S, D, G, S, D, G, S, D, G"
'1843',FET,mod_fet_wsweep_pmos_lc_0.12_lch_0.16_lov_0.06_w_30.0,9750,7740.0,2,30000.0,None,160.0,120.0,60.0,0,None,None,"3-Terminal FETs PMOS Pads are ordered (from bottom-to-top): S, D, G, S, D, G, S, D, G, S, D, G"
'1844',FET,mod_fet_wsweep_nmos_lc_0.12_lch_0.12_lov_0.06_w_0.0,9800,7740.0,2,0.0,None,120.0,120.0,60.0,0,None,None,"3-Terminal FETs NMOS Pads are ordered (from bottom-to-top): S, D, G, S, D, G, S, D, G, S, D, G"
'1845',FET,mod_fet_wsweep_pmos_lc_0.12_lch_0.12_lov_0.06_w_0.0,9850,7740.0,2,0.0,None,120.0,120.0,60.0,0,None,None,"3-Terminal FETs PMOS Pads are ordered (from bottom-to-top): S, D, G, S, D, G, S, D, G, S, D, G"
'1846',FET,mod_fet_wsweep_nmos_lc_0.12_lch_0.12_lov_0.06_w_0.1,9900,7740.0,2,100.0,None,120.0,120.0,60.0,0,None,None,"3-Terminal FETs NMOS Pads are ordered (from bottom-to-top): S, D, G, S, D, G, S, D, G, S, D, G"
'1847',FET,mod_fet_wsweep_pmos_lc_0.12_lch_0.12_lov_0.06_w_0.1,9950,7740.0,2,100.0,None,120.0,120.0,60.0,0,None,None,"3-Terminal FETs PMOS Pads are ordered (from bottom-to-top): S, D, G, S, D, G, S, D, G, S, D, G"
'1848',FET,mod_fet_wsweep_nmos_lc_0.12_lch_0.12_lov_0.06_w_0.2,10000,7740.0,2,200.0,None,120.0,120.0,60.0,0,None,None,"3-Terminal FETs NMOS Pads are ordered (from bottom-to-top): S, D, G, S, D, G, S, D, G, S, D, G"
'1849',FET,mod_fet_wsweep_pmos_lc_0.12_lch_0.12_lov_0.06_w_0.2,10050,7740.0,2,200.0,None,120.0,120.0,60.0,0,None,None,"3-Terminal FETs PMOS Pads are ordered (from bottom-to-top): S, D, G, S, D, G, S, D, G, S, D, G"
'1850',FET,mod_fet_wsweep_nmos_lc_0.12_lch_0.12_lov_0.06_w_0.6,10100,7740.0,2,600.0,None,120.0,120.0,60.0,0,None,None,"3-Terminal FETs NMOS Pads are ordered (from bottom-to-top): S, D, G, S, D, G, S, D, G, S, D, G"
'1851',FET,mod_fet_wsweep_pmos_lc_0.12_lch_0.12_lov_0.06_w_0.6,10150,7740.0,2,600.0,None,120.0,120.0,60.0,0,None,None,"3-Terminal FETs PMOS Pads are ordered (from bottom-to-top): S, D, G, S, D, G, S, D, G, S, D, G"
'1852',FET,mod_fet_wsweep_nmos_lc_0.12_lch_0.12_lov_0.06_w_1.4,10200,7740.0,2,1400.0,None,120.0,120.0,60.0,0,None,None,"3-Terminal FETs NMOS Pads are ordered (from bottom-to-top): S, D, G, S, D, G, S, D, G, S, D, G"
'1853',FET,mod_fet_wsweep_pmos_lc_0.12_lch_0.12_lov_0.06_w_1.4,10250,7740.0,2,1400.0,None,120.0,120.0,60.0,0,None,None,"3-Terminal FETs PMOS Pads are ordered (from bottom-to-top): S, D, G, S, D, G, S, D, G, S, D, G"
'1854',FET,mod_fet_wsweep_nmos_lc_0.12_lch_0.12_lov_0.06_w_2.0,10300,7740.0,2,2000.0,None,120.0,120.0,60.0,0,None,None,"3-Terminal FETs NMOS Pads are ordered (from bottom-to-top): S, D, G, S, D, G, S, D, G, S, D, G"
'1855',FET,mod_fet_wsweep_pmos_lc_0.12_lch_0.12_lov_0.06_w_2.0,10350,7740.0,2,2000.0,None,120.0,120.0,60.0,0,None,None,"3-Terminal FETs PMOS Pads are ordered (from bottom-to-top): S, D, G, S, D, G, S, D, G, S, D, G"
'1856',FET,mod_fet_wsweep_nmos_lc_0.12_lch_0.12_lov_0.06_w_4.0,10400,7740.0,2,4000.0,None,120.0,120.0,60.0,0,None,None,"3-Terminal FETs NMOS Pads are ordered (from bottom-to-top): S, D, G, S, D, G, S, D, G, S, D, G"
'1857',FET,mod_fet_wsweep_pmos_lc_0.12_lch_0.12_lov_0.06_w_4.0,10450,7740.0,2,4000.0,None,120.0,120.0,60.0,0,None,None,"3-Terminal FETs PMOS Pads are ordered (from bottom-to-top): S, D, G, S, D, G, S, D, G, S, D, G"
'1858',FET,mod_fet_wsweep_nmos_lc_0.12_lch_0.12_lov_0.06_w_6.0,10500,7740.0,2,6000.0,None,120.0,120.0,60.0,0,None,None,"3-Terminal FETs NMOS Pads are ordered (from bottom-to-top): S, D, G, S, D, G, S, D, G, S, D, G"
'1859',FET,mod_fet_wsweep_pmos_lc_0.12_lch_0.12_lov_0.06_w_6.0,10550,7740.0,2,6000.0,None,120.0,120.0,60.0,0,None,None,"3-Terminal FETs PMOS Pads are ordered (from bottom-to-top): S, D, G, S, D, G, S, D, G, S, D, G"
'1860',FET,mod_fet_wsweep_nmos_lc_0.12_lch_0.12_lov_0.06_w_8.0,10600,7740.0,2,8000.0,None,120.0,120.0,60.0,0,None,None,"3-Terminal FETs NMOS Pads are ordered (from bottom-to-top): S, D, G, S, D, G, S, D, G, S, D, G"
'1861',FET,mod_fet_wsweep_pmos_lc_0.12_lch_0.12_lov_0.06_w_8.0,10650,7740.0,2,8000.0,None,120.0,120.0,60.0,0,None,None,"3-Terminal FETs PMOS Pads are ordered (from bottom-to-top): S, D, G, S, D, G, S, D, G, S, D, G"
'1862',FET,mod_fet_wsweep_nmos_lc_0.12_lch_0.12_lov_0.06_w_10.0,10700,7740.0,2,10000.0,None,120.0,120.0,60.0,0,None,None,"3-Terminal FETs NMOS Pads are ordered (from bottom-to-top): S, D, G, S, D, G, S, D, G, S, D, G"
'1863',FET,mod_fet_wsweep_pmos_lc_0.12_lch_0.12_lov_0.06_w_10.0,10750,7740.0,2,10000.0,None,120.0,120.0,60.0,0,None,None,"3-Terminal FETs PMOS Pads are ordered (from bottom-to-top): S, D, G, S, D, G, S, D, G, S, D, G"
'1864',FET,mod_fet_wsweep_nmos_lc_0.12_lch_0.12_lov_0.06_w_15.0,10800,7740.0,2,15000.0,None,120.0,120.0,60.0,0,None,None,"3-Terminal FETs NMOS Pads are ordered (from bottom-to-top): S, D, G, S, D, G, S, D, G, S, D, G"
'1865',FET,mod_fet_wsweep_pmos_lc_0.12_lch_0.12_lov_0.06_w_15.0,10850,7740.0,2,15000.0,None,120.0,120.0,60.0,0,None,None,"3-Terminal FETs PMOS Pads are ordered (from bottom-to-top): S, D, G, S, D, G, S, D, G, S, D, G"
'1866',FET,mod_fet_wsweep_nmos_lc_0.12_lch_0.12_lov_0.06_w_20.0,10900,7740.0,2,20000.0,None,120.0,120.0,60.0,0,None,None,"3-Terminal FETs NMOS Pads are ordered (from bottom-to-top): S, D, G, S, D, G, S, D, G, S, D, G"
'1867',FET,mod_fet_wsweep_pmos_lc_0.12_lch_0.12_lov_0.06_w_20.0,10950,7740.0,2,20000.0,None,120.0,120.0,60.0,0,None,None,"3-Terminal FETs PMOS Pads are ordered (from bottom-to-top): S, D, G, S, D, G, S, D, G, S, D, G"
'1868',FET,mod_fet_wsweep_nmos_lc_0.12_lch_0.12_lov_0.06_w_25.0,11000,7740.0,2,25000.0,None,120.0,120.0,60.0,0,None,None,"3-Terminal FETs NMOS Pads are ordered (from bottom-to-top): S, D, G, S, D, G, S, D, G, S, D, G"
'1869',FET,mod_fet_wsweep_pmos_lc_0.12_lch_0.12_lov_0.06_w_25.0,11050,7740.0,2,25000.0,None,120.0,120.0,60.0,0,None,None,"3-Terminal FETs PMOS Pads are ordered (from bottom-to-top): S, D, G, S, D, G, S, D, G, S, D, G"
'1870',FET,mod_fet_wsweep_nmos_lc_0.12_lch_0.12_lov_0.06_w_30.0,11100,7740.0,2,30000.0,None,120.0,120.0,60.0,0,None,None,"3-Terminal FETs NMOS Pads are ordered (from bottom-to-top): S, D, G, S, D, G, S, D, G, S, D, G"
'1871',FET,mod_fet_wsweep_pmos_lc_0.12_lch_0.12_lov_0.06_w_30.0,11150,7740.0,2,30000.0,None,120.0,120.0,60.0,0,None,None,"3-Terminal FETs PMOS Pads are ordered (from bottom-to-top): S, D, G, S, D, G, S, D, G, S, D, G"
'1872',FET,mod_fet_wsweep_nmos_lc_0.12_lch_0.08_lov_0.06_w_0.0,11200,7740.0,2,0.0,None,80.0,120.0,60.0,0,None,None,"3-Terminal FETs NMOS Pads are ordered (from bottom-to-top): S, D, G, S, D, G, S, D, G, S, D, G"
'1873',FET,mod_fet_wsweep_pmos_lc_0.12_lch_0.08_lov_0.06_w_0.0,11250,7740.0,2,0.0,None,80.0,120.0,60.0,0,None,None,"3-Terminal FETs PMOS Pads are ordered (from bottom-to-top): S, D, G, S, D, G, S, D, G, S, D, G"
'1874',FET,mod_fet_wsweep_nmos_lc_0.12_lch_0.08_lov_0.06_w_0.1,11300,7740.0,2,100.0,None,80.0,120.0,60.0,0,None,None,"3-Terminal FETs NMOS Pads are ordered (from bottom-to-top): S, D, G, S, D, G, S, D, G, S, D, G"
'1875',FET,mod_fet_wsweep_pmos_lc_0.12_lch_0.08_lov_0.06_w_0.1,11350,7740.0,2,100.0,None,80.0,120.0,60.0,0,None,None,"3-Terminal FETs PMOS Pads are ordered (from bottom-to-top): S, D, G, S, D, G, S, D, G, S, D, G"
'1876',FET,mod_fet_wsweep_nmos_lc_0.12_lch_0.08_lov_0.06_w_0.2,11400,7740.0,2,200.0,None,80.0,120.0,60.0,0,None,None,"3-Terminal FETs NMOS Pads are ordered (from bottom-to-top): S, D, G, S, D, G, S, D, G, S, D, G"
'1877',FET,mod_fet_wsweep_pmos_lc_0.12_lch_0.08_lov_0.06_w_0.2,11450,7740.0,2,200.0,None,80.0,120.0,60.0,0,None,None,"3-Terminal FETs PMOS Pads are ordered (from bottom-to-top): S, D, G, S, D, G, S, D, G, S, D, G"
'1878',FET,mod_fet_wsweep_nmos_lc_0.12_lch_0.08_lov_0.06_w_0.6,11500,7740.0,2,600.0,None,80.0,120.0,60.0,0,None,None,"3-Terminal FETs NMOS Pads are ordered (from bottom-to-top): S, D, G, S, D, G, S, D, G, S, D, G"
'1879',FET,mod_fet_wsweep_pmos_lc_0.12_lch_0.08_lov_0.06_w_0.6,11550,7740.0,2,600.0,None,80.0,120.0,60.0,0,None,None,"3-Terminal FETs PMOS Pads are ordered (from bottom-to-top): S, D, G, S, D, G, S, D, G, S, D, G"
'1880',FET,mod_fet_wsweep_nmos_lc_0.12_lch_0.08_lov_0.06_w_1.4,11600,7740.0,2,1400.0,None,80.0,120.0,60.0,0,None,None,"3-Terminal FETs NMOS Pads are ordered (from bottom-to-top): S, D, G, S, D, G, S, D, G, S, D, G"
'1881',FET,mod_fet_wsweep_pmos_lc_0.12_lch_0.08_lov_0.06_w_1.4,11650,7740.0,2,1400.0,None,80.0,120.0,60.0,0,None,None,"3-Terminal FETs PMOS Pads are ordered (from bottom-to-top): S, D, G, S, D, G, S, D, G, S, D, G"
'1882',FET,mod_fet_wsweep_nmos_lc_0.12_lch_0.08_lov_0.06_w_2.0,11700,7740.0,2,2000.0,None,80.0,120.0,60.0,0,None,None,"3-Terminal FETs NMOS Pads are ordered (from bottom-to-top): S, D, G, S, D, G, S, D, G, S, D, G"
'1883',FET,mod_fet_wsweep_pmos_lc_0.12_lch_0.08_lov_0.06_w_2.0,11750,7740.0,2,2000.0,None,80.0,120.0,60.0,0,None,None,"3-Terminal FETs PMOS Pads are ordered (from bottom-to-top): S, D, G, S, D, G, S, D, G, S, D, G"
'1884',FET,mod_fet_wsweep_nmos_lc_0.12_lch_0.08_lov_0.06_w_4.0,11800,7740.0,2,4000.0,None,80.0,120.0,60.0,0,None,None,"3-Terminal FETs NMOS Pads are ordered (from bottom-to-top): S, D, G, S, D, G, S, D, G, S, D, G"
'1885',FET,mod_fet_wsweep_pmos_lc_0.12_lch_0.08_lov_0.06_w_4.0,11850,7740.0,2,4000.0,None,80.0,120.0,60.0,0,None,None,"3-Terminal FETs PMOS Pads are ordered (from bottom-to-top): S, D, G, S, D, G, S, D, G, S, D, G"
'1886',FET,mod_fet_wsweep_nmos_lc_0.12_lch_0.08_lov_0.06_w_6.0,11900,7740.0,2,6000.0,None,80.0,120.0,60.0,0,None,None,"3-Terminal FETs NMOS Pads are ordered (from bottom-to-top): S, D, G, S, D, G, S, D, G, S, D, G"
'1887',FET,mod_fet_wsweep_pmos_lc_0.12_lch_0.08_lov_0.06_w_6.0,11950,7740.0,2,6000.0,None,80.0,120.0,60.0,0,None,None,"3-Terminal FETs PMOS Pads are ordered (from bottom-to-top): S, D, G, S, D, G, S, D, G, S, D, G"
'1888',FET,mod_fet_wsweep_nmos_lc_0.12_lch_0.08_lov_0.06_w_8.0,12000,7740.0,2,8000.0,None,80.0,120.0,60.0,0,None,None,"3-Terminal FETs NMOS Pads are ordered (from bottom-to-top): S, D, G, S, D, G, S, D, G, S, D, G"
'1889',FET,mod_fet_wsweep_pmos_lc_0.12_lch_0.08_lov_0.06_w_8.0,12050,7740.0,2,8000.0,None,80.0,120.0,60.0,0,None,None,"3-Terminal FETs PMOS Pads are ordered (from bottom-to-top): S, D, G, S, D, G, S, D, G, S, D, G"
'1890',FET,mod_fet_wsweep_nmos_lc_0.12_lch_0.08_lov_0.06_w_10.0,12100,7740.0,2,10000.0,None,80.0,120.0,60.0,0,None,None,"3-Terminal FETs NMOS Pads are ordered (from bottom-to-top): S, D, G, S, D, G, S, D, G, S, D, G"
'1891',FET,mod_fet_wsweep_pmos_lc_0.12_lch_0.08_lov_0.06_w_10.0,12150,7740.0,2,10000.0,None,80.0,120.0,60.0,0,None,None,"3-Terminal FETs PMOS Pads are ordered (from bottom-to-top): S, D, G, S, D, G, S, D, G, S, D, G"
'1892',FET,mod_fet_wsweep_nmos_lc_0.12_lch_0.08_lov_0.06_w_15.0,12200,7740.0,2,15000.0,None,80.0,120.0,60.0,0,None,None,"3-Terminal FETs NMOS Pads are ordered (from bottom-to-top): S, D, G, S, D, G, S, D, G, S, D, G"
'1893',FET,mod_fet_wsweep_pmos_lc_0.12_lch_0.08_lov_0.06_w_15.0,12250,7740.0,2,15000.0,None,80.0,120.0,60.0,0,None,None,"3-Terminal FETs PMOS Pads are ordered (from bottom-to-top): S, D, G, S, D, G, S, D, G, S, D, G"
'1894',FET,mod_fet_wsweep_nmos_lc_0.12_lch_0.08_lov_0.06_w_20.0,12300,7740.0,2,20000.0,None,80.0,120.0,60.0,0,None,None,"3-Terminal FETs NMOS Pads are ordered (from bottom-to-top): S, D, G, S, D, G, S, D, G, S, D, G"
'1895',FET,mod_fet_wsweep_pmos_lc_0.12_lch_0.08_lov_0.06_w_20.0,12350,7740.0,2,20000.0,None,80.0,120.0,60.0,0,None,None,"3-Terminal FETs PMOS Pads are ordered (from bottom-to-top): S, D, G, S, D, G, S, D, G, S, D, G"
'1896',FET,mod_fet_wsweep_nmos_lc_0.12_lch_0.08_lov_0.06_w_25.0,12400,7740.0,2,25000.0,None,80.0,120.0,60.0,0,None,None,"3-Terminal FETs NMOS Pads are ordered (from bottom-to-top): S, D, G, S, D, G, S, D, G, S, D, G"
'1897',FET,mod_fet_wsweep_pmos_lc_0.12_lch_0.08_lov_0.06_w_25.0,12450,7740.0,2,25000.0,None,80.0,120.0,60.0,0,None,None,"3-Terminal FETs PMOS Pads are ordered (from bottom-to-top): S, D, G, S, D, G, S, D, G, S, D, G"
'1898',FET,mod_fet_wsweep_nmos_lc_0.12_lch_0.08_lov_0.06_w_30.0,12500,7740.0,2,30000.0,None,80.0,120.0,60.0,0,None,None,"3-Terminal FETs NMOS Pads are ordered (from bottom-to-top): S, D, G, S, D, G, S, D, G, S, D, G"
'1899',FET,mod_fet_wsweep_pmos_lc_0.12_lch_0.08_lov_0.06_w_30.0,12550,7740.0,2,30000.0,None,80.0,120.0,60.0,0,None,None,"3-Terminal FETs PMOS Pads are ordered (from bottom-to-top): S, D, G, S, D, G, S, D, G, S, D, G"
'1900',FET,mod_fet_long_nmos_lc_0.20_lch_3.00_lov_0.06_w_4.0,12650,7740.0,2,4000.0,None,3000.0,200.0,60.0,0,None,None,"3-Terminal FETs NMOS Pads are ordered (from bottom-to-top): S, D, G, S, D, G, S, D, G, S, D, G"
'1901',FET,mod_fet_long_pmos_lc_0.20_lch_3.00_lov_0.06_w_4.0,12700,7740.0,2,4000.0,None,3000.0,200.0,60.0,0,None,None,"3-Terminal FETs PMOS Pads are ordered (from bottom-to-top): S, D, G, S, D, G, S, D, G, S, D, G"
'1902',FET,mod_fet_long_nmos_lc_0.20_lch_2.00_lov_0.06_w_4.0,12750,7740.0,2,4000.0,None,2000.0,200.0,60.0,0,None,None,"3-Terminal FETs NMOS Pads are ordered (from bottom-to-top): S, D, G, S, D, G, S, D, G, S, D, G"
'1903',FET,mod_fet_long_pmos_lc_0.20_lch_2.00_lov_0.06_w_4.0,12800,7740.0,2,4000.0,None,2000.0,200.0,60.0,0,None,None,"3-Terminal FETs PMOS Pads are ordered (from bottom-to-top): S, D, G, S, D, G, S, D, G, S, D, G"
'1904',FET,mod_fet_long_nmos_lc_0.20_lch_1.50_lov_0.06_w_4.0,12850,7740.0,2,4000.0,None,1500.0,200.0,60.0,0,None,None,"3-Terminal FETs NMOS Pads are ordered (from bottom-to-top): S, D, G, S, D, G, S, D, G, S, D, G"
'1905',FET,mod_fet_long_pmos_lc_0.20_lch_1.50_lov_0.06_w_4.0,12900,7740.0,2,4000.0,None,1500.0,200.0,60.0,0,None,None,"3-Terminal FETs PMOS Pads are ordered (from bottom-to-top): S, D, G, S, D, G, S, D, G, S, D, G"
'1906',FET,mod_fet_long_nmos_lc_0.20_lch_1.00_lov_0.06_w_4.0,12950,7740.0,2,4000.0,None,1000.0,200.0,60.0,0,None,None,"3-Terminal FETs NMOS Pads are ordered (from bottom-to-top): S, D, G, S, D, G, S, D, G, S, D, G"
'1907',FET,mod_fet_long_pmos_lc_0.20_lch_1.00_lov_0.06_w_4.0,13000,7740.0,2,4000.0,None,1000.0,200.0,60.0,0,None,None,"3-Terminal FETs PMOS Pads are ordered (from bottom-to-top): S, D, G, S, D, G, S, D, G, S, D, G"
'1908',FET,mod_fet_long_nmos_lc_0.20_lch_0.80_lov_0.06_w_4.0,13050,7740.0,2,4000.0,None,800.0,200.0,60.0,0,None,None,"3-Terminal FETs NMOS Pads are ordered (from bottom-to-top): S, D, G, S, D, G, S, D, G, S, D, G"
'1909',FET,mod_fet_long_pmos_lc_0.20_lch_0.80_lov_0.06_w_4.0,13100,7740.0,2,4000.0,None,800.0,200.0,60.0,0,None,None,"3-Terminal FETs PMOS Pads are ordered (from bottom-to-top): S, D, G, S, D, G, S, D, G, S, D, G"
'1910',FET,mod_fet_long_nmos_lc_0.20_lch_0.60_lov_0.06_w_4.0,13150,7740.0,2,4000.0,None,600.0,200.0,60.0,0,None,None,"3-Terminal FETs NMOS Pads are ordered (from bottom-to-top): S, D, G, S, D, G, S, D, G, S, D, G"
'1911',FET,mod_fet_long_pmos_lc_0.20_lch_0.60_lov_0.06_w_4.0,13200,7740.0,2,4000.0,None,600.0,200.0,60.0,0,None,None,"3-Terminal FETs PMOS Pads are ordered (from bottom-to-top): S, D, G, S, D, G, S, D, G, S, D, G"
'1912',FET,mod_fet_long_nmos_lc_0.16_lch_3.00_lov_0.06_w_4.0,13250,7740.0,2,4000.0,None,3000.0,160.0,60.0,0,None,None,"3-Terminal FETs NMOS Pads are ordered (from bottom-to-top): S, D, G, S, D, G, S, D, G, S, D, G"
'1913',FET,mod_fet_long_pmos_lc_0.16_lch_3.00_lov_0.06_w_4.0,13300,7740.0,2,4000.0,None,3000.0,160.0,60.0,0,None,None,"3-Terminal FETs PMOS Pads are ordered (from bottom-to-top): S, D, G, S, D, G, S, D, G, S, D, G"
'1914',FET,mod_fet_long_nmos_lc_0.16_lch_2.00_lov_0.06_w_4.0,13350,7740.0,2,4000.0,None,2000.0,160.0,60.0,0,None,None,"3-Terminal FETs NMOS Pads are ordered (from bottom-to-top): S, D, G, S, D, G, S, D, G, S, D, G"
'1915',FET,mod_fet_long_pmos_lc_0.16_lch_2.00_lov_0.06_w_4.0,13400,7740.0,2,4000.0,None,2000.0,160.0,60.0,0,None,None,"3-Terminal FETs PMOS Pads are ordered (from bottom-to-top): S, D, G, S, D, G, S, D, G, S, D, G"
'1916',FET,mod_fet_long_nmos_lc_0.16_lch_1.50_lov_0.06_w_4.0,13450,7740.0,2,4000.0,None,1500.0,160.0,60.0,0,None,None,"3-Terminal FETs NMOS Pads are ordered (from bottom-to-top): S, D, G, S, D, G, S, D, G, S, D, G"
'1917',FET,mod_fet_long_pmos_lc_0.16_lch_1.50_lov_0.06_w_4.0,13500,7740.0,2,4000.0,None,1500.0,160.0,60.0,0,None,None,"3-Terminal FETs PMOS Pads are ordered (from bottom-to-top): S, D, G, S, D, G, S, D, G, S, D, G"
'1918',FET,mod_fet_long_nmos_lc_0.16_lch_1.00_lov_0.06_w_4.0,13550,7740.0,2,4000.0,None,1000.0,160.0,60.0,0,None,None,"3-Terminal FETs NMOS Pads are ordered (from bottom-to-top): S, D, G, S, D, G, S, D, G, S, D, G"
'1919',FET,mod_fet_long_pmos_lc_0.16_lch_1.00_lov_0.06_w_4.0,13600,7740.0,2,4000.0,None,1000.0,160.0,60.0,0,None,None,"3-Terminal FETs PMOS Pads are ordered (from bottom-to-top): S, D, G, S, D, G, S, D, G, S, D, G"
'1920',FET,mod_fet_long_nmos_lc_0.16_lch_0.80_lov_0.06_w_4.0,13650,7740.0,2,4000.0,None,800.0,160.0,60.0,0,None,None,"3-Terminal FETs NMOS Pads are ordered (from bottom-to-top): S, D, G, S, D, G, S, D, G, S, D, G"
'1921',FET,mod_fet_long_pmos_lc_0.16_lch_0.80_lov_0.06_w_4.0,13700,7740.0,2,4000.0,None,800.0,160.0,60.0,0,None,None,"3-Terminal FETs PMOS Pads are ordered (from bottom-to-top): S, D, G, S, D, G, S, D, G, S, D, G"
'1922',FET,mod_fet_long_nmos_lc_0.16_lch_0.60_lov_0.06_w_4.0,13750,7740.0,2,4000.0,None,600.0,160.0,60.0,0,None,None,"3-Terminal FETs NMOS Pads are ordered (from bottom-to-top): S, D, G, S, D, G, S, D, G, S, D, G"
'1923',FET,mod_fet_long_pmos_lc_0.16_lch_0.60_lov_0.06_w_4.0,13800,7740.0,2,4000.0,None,600.0,160.0,60.0,0,None,None,"3-Terminal FETs PMOS Pads are ordered (from bottom-to-top): S, D, G, S, D, G, S, D, G, S, D, G"
'1924',FET,mod_diode_lc_0.40_lch_0.20_w_4.0,17650,10080.0,1,4000.0,None,200.0,400.0,0,0,None,None,"Diode and Gated Diodes Pads are ordered (from bottom-to-top): S, D, G, S, D, G, S, D, G, S, D, G"
'1925',FET,mod_diode_lc_0.40_lch_0.16_w_4.0,17700,10080.0,1,4000.0,None,160.0,400.0,0,0,None,None,"Diode and Gated Diodes Pads are ordered (from bottom-to-top): S, D, G, S, D, G, S, D, G, S, D, G"
'1926',FET,mod_diode_lc_0.40_lch_0.12_w_4.0,17750,10080.0,1,4000.0,None,120.0,400.0,0,0,None,None,"Diode and Gated Diodes Pads are ordered (from bottom-to-top): S, D, G, S, D, G, S, D, G, S, D, G"
'1927',FET,mod_diode_lc_0.40_lch_0.08_w_4.0,17800,10080.0,1,4000.0,None,80.0,400.0,0,0,None,None,"Diode and Gated Diodes Pads are ordered (from bottom-to-top): S, D, G, S, D, G, S, D, G, S, D, G"
'1928',FET,mod_diode_lc_0.20_lch_0.20_w_4.0,17850,10080.0,1,4000.0,None,200.0,200.0,0,0,None,None,"Diode and Gated Diodes Pads are ordered (from bottom-to-top): S, D, G, S, D, G, S, D, G, S, D, G"
'1929',FET,mod_diode_lc_0.20_lch_0.16_w_4.0,17900,10080.0,1,4000.0,None,160.0,200.0,0,0,None,None,"Diode and Gated Diodes Pads are ordered (from bottom-to-top): S, D, G, S, D, G, S, D, G, S, D, G"
'1930',FET,mod_diode_lc_0.20_lch_0.12_w_4.0,17950,10080.0,1,4000.0,None,120.0,200.0,0,0,None,None,"Diode and Gated Diodes Pads are ordered (from bottom-to-top): S, D, G, S, D, G, S, D, G, S, D, G"
'1931',FET,mod_diode_lc_0.20_lch_0.08_w_4.0,18000,10080.0,1,4000.0,None,80.0,200.0,0,0,None,None,"Diode and Gated Diodes Pads are ordered (from bottom-to-top): S, D, G, S, D, G, S, D, G, S, D, G"
'1932',FET,mod_diode_lc_0.16_lch_0.20_w_4.0,18050,10080.0,1,4000.0,None,200.0,160.0,0,0,None,None,"Diode and Gated Diodes Pads are ordered (from bottom-to-top): S, D, G, S, D, G, S, D, G, S, D, G"
'1933',FET,mod_diode_lc_0.16_lch_0.16_w_4.0,18100,10080.0,1,4000.0,None,160.0,160.0,0,0,None,None,"Diode and Gated Diodes Pads are ordered (from bottom-to-top): S, D, G, S, D, G, S, D, G, S, D, G"
'1934',FET,mod_diode_lc_0.16_lch_0.12_w_4.0,18150,10080.0,1,4000.0,None,120.0,160.0,0,0,None,None,"Diode and Gated Diodes Pads are ordered (from bottom-to-top): S, D, G, S, D, G, S, D, G, S, D, G"
'1935',FET,mod_diode_lc_0.16_lch_0.08_w_4.0,18200,10080.0,1,4000.0,None,80.0,160.0,0,0,None,None,"Diode and Gated Diodes Pads are ordered (from bottom-to-top): S, D, G, S, D, G, S, D, G, S, D, G"
'1936',FET,mod_diode_lc_0.12_lch_0.20_w_4.0,18250,10080.0,1,4000.0,None,200.0,120.0,0,0,None,None,"Diode and Gated Diodes Pads are ordered (from bottom-to-top): S, D, G, S, D, G, S, D, G, S, D, G"
'1937',FET,mod_diode_lc_0.12_lch_0.16_w_4.0,18300,10080.0,1,4000.0,None,160.0,120.0,0,0,None,None,"Diode and Gated Diodes Pads are ordered (from bottom-to-top): S, D, G, S, D, G, S, D, G, S, D, G"
'1938',FET,mod_diode_lc_0.12_lch_0.12_w_4.0,18350,10080.0,1,4000.0,None,120.0,120.0,0,0,None,None,"Diode and Gated Diodes Pads are ordered (from bottom-to-top): S, D, G, S, D, G, S, D, G, S, D, G"
'1939',FET,mod_diode_lc_0.12_lch_0.08_w_4.0,18400,10080.0,1,4000.0,None,80.0,120.0,0,0,None,None,"Diode and Gated Diodes Pads are ordered (from bottom-to-top): S, D, G, S, D, G, S, D, G, S, D, G"
'1940',FET,mod_diode_asym_left_lc_0.40_lch_0.20_w_4.0,17650,10080.0,1,4000.0,None,200.0,400.0,0,0,None,None,"Diode and Gated Diodes Pads are ordered (from bottom-to-top): S, D, G, S, D, G, S, D, G, S, D, G"
'1941',FET,mod_diode_asym_left_lc_0.40_lch_0.16_w_4.0,17700,10080.0,1,4000.0,None,160.0,400.0,0,0,None,None,"Diode and Gated Diodes Pads are ordered (from bottom-to-top): S, D, G, S, D, G, S, D, G, S, D, G"
'1942',FET,mod_diode_asym_left_lc_0.40_lch_0.12_w_4.0,17750,10080.0,1,4000.0,None,120.0,400.0,0,0,None,None,"Diode and Gated Diodes Pads are ordered (from bottom-to-top): S, D, G, S, D, G, S, D, G, S, D, G"
'1943',FET,mod_diode_asym_left_lc_0.40_lch_0.08_w_4.0,17800,10080.0,1,4000.0,None,80.0,400.0,0,0,None,None,"Diode and Gated Diodes Pads are ordered (from bottom-to-top): S, D, G, S, D, G, S, D, G, S, D, G"
'1944',FET,mod_diode_asym_left_lc_0.20_lch_0.20_w_4.0,17850,10080.0,1,4000.0,None,200.0,200.0,0,0,None,None,"Diode and Gated Diodes Pads are ordered (from bottom-to-top): S, D, G, S, D, G, S, D, G, S, D, G"
'1945',FET,mod_diode_asym_left_lc_0.20_lch_0.16_w_4.0,17900,10080.0,1,4000.0,None,160.0,200.0,0,0,None,None,"Diode and Gated Diodes Pads are ordered (from bottom-to-top): S, D, G, S, D, G, S, D, G, S, D, G"
'1946',FET,mod_diode_asym_left_lc_0.20_lch_0.12_w_4.0,17950,10080.0,1,4000.0,None,120.0,200.0,0,0,None,None,"Diode and Gated Diodes Pads are ordered (from bottom-to-top): S, D, G, S, D, G, S, D, G, S, D, G"
'1947',FET,mod_diode_asym_left_lc_0.20_lch_0.08_w_4.0,18000,10080.0,1,4000.0,None,80.0,200.0,0,0,None,None,"Diode and Gated Diodes Pads are ordered (from bottom-to-top): S, D, G, S, D, G, S, D, G, S, D, G"
'1948',FET,mod_diode_asym_left_lc_0.16_lch_0.20_w_4.0,18050,10080.0,1,4000.0,None,200.0,160.0,0,0,None,None,"Diode and Gated Diodes Pads are ordered (from bottom-to-top): S, D, G, S, D, G, S, D, G, S, D, G"
'1949',FET,mod_diode_asym_left_lc_0.16_lch_0.16_w_4.0,18100,10080.0,1,4000.0,None,160.0,160.0,0,0,None,None,"Diode and Gated Diodes Pads are ordered (from bottom-to-top): S, D, G, S, D, G, S, D, G, S, D, G"
'1950',FET,mod_diode_asym_left_lc_0.16_lch_0.12_w_4.0,18150,10080.0,1,4000.0,None,120.0,160.0,0,0,None,None,"Diode and Gated Diodes Pads are ordered (from bottom-to-top): S, D, G, S, D, G, S, D, G, S, D, G"
'1951',FET,mod_diode_asym_left_lc_0.16_lch_0.08_w_4.0,18200,10080.0,1,4000.0,None,80.0,160.0,0,0,None,None,"Diode and Gated Diodes Pads are ordered (from bottom-to-top): S, D, G, S, D, G, S, D, G, S, D, G"
'1952',FET,mod_diode_asym_left_lc_0.12_lch_0.20_w_4.0,18250,10080.0,1,4000.0,None,200.0,120.0,0,0,None,None,"Diode and Gated Diodes Pads are ordered (from bottom-to-top): S, D, G, S, D, G, S, D, G, S, D, G"
'1953',FET,mod_diode_asym_left_lc_0.12_lch_0.16_w_4.0,18300,10080.0,1,4000.0,None,160.0,120.0,0,0,None,None,"Diode and Gated Diodes Pads are ordered (from bottom-to-top): S, D, G, S, D, G, S, D, G, S, D, G"
'1954',FET,mod_diode_asym_left_lc_0.12_lch_0.12_w_4.0,18350,10080.0,1,4000.0,None,120.0,120.0,0,0,None,None,"Diode and Gated Diodes Pads are ordered (from bottom-to-top): S, D, G, S, D, G, S, D, G, S, D, G"
'1955',FET,mod_diode_asym_left_lc_0.12_lch_0.08_w_4.0,18400,10080.0,1,4000.0,None,80.0,120.0,0,0,None,None,"Diode and Gated Diodes Pads are ordered (from bottom-to-top): S, D, G, S, D, G, S, D, G, S, D, G"
'1956',FET,mod_diode_asym_right_lc_0.40_lch_0.20_w_4.0,17650,10080.0,1,4000.0,None,200.0,400.0,0,0,None,None,"Diode and Gated Diodes Pads are ordered (from bottom-to-top): S, D, G, S, D, G, S, D, G, S, D, G"
'1957',FET,mod_diode_asym_right_lc_0.40_lch_0.16_w_4.0,17700,10080.0,1,4000.0,None,160.0,400.0,0,0,None,None,"Diode and Gated Diodes Pads are ordered (from bottom-to-top): S, D, G, S, D, G, S, D, G, S, D, G"
'1958',FET,mod_diode_asym_right_lc_0.40_lch_0.12_w_4.0,17750,10080.0,1,4000.0,None,120.0,400.0,0,0,None,None,"Diode and Gated Diodes Pads are ordered (from bottom-to-top): S, D, G, S, D, G, S, D, G, S, D, G"
'1959',FET,mod_diode_asym_right_lc_0.40_lch_0.08_w_4.0,17800,10080.0,1,4000.0,None,80.0,400.0,0,0,None,None,"Diode and Gated Diodes Pads are ordered (from bottom-to-top): S, D, G, S, D, G, S, D, G, S, D, G"
'1960',FET,mod_diode_asym_right_lc_0.20_lch_0.20_w_4.0,17850,10080.0,1,4000.0,None,200.0,200.0,0,0,None,None,"Diode and Gated Diodes Pads are ordered (from bottom-to-top): S, D, G, S, D, G, S, D, G, S, D, G"
'1961',FET,mod_diode_asym_right_lc_0.20_lch_0.16_w_4.0,17900,10080.0,1,4000.0,None,160.0,200.0,0,0,None,None,"Diode and Gated Diodes Pads are ordered (from bottom-to-top): S, D, G, S, D, G, S, D, G, S, D, G"
'1962',FET,mod_diode_asym_right_lc_0.20_lch_0.12_w_4.0,17950,10080.0,1,4000.0,None,120.0,200.0,0,0,None,None,"Diode and Gated Diodes Pads are ordered (from bottom-to-top): S, D, G, S, D, G, S, D, G, S, D, G"
'1963',FET,mod_diode_asym_right_lc_0.20_lch_0.08_w_4.0,18000,10080.0,1,4000.0,None,80.0,200.0,0,0,None,None,"Diode and Gated Diodes Pads are ordered (from bottom-to-top): S, D, G, S, D, G, S, D, G, S, D, G"
'1964',FET,mod_diode_asym_right_lc_0.16_lch_0.20_w_4.0,18050,10080.0,1,4000.0,None,200.0,160.0,0,0,None,None,"Diode and Gated Diodes Pads are ordered (from bottom-to-top): S, D, G, S, D, G, S, D, G, S, D, G"
'1965',FET,mod_diode_asym_right_lc_0.16_lch_0.16_w_4.0,18100,10080.0,1,4000.0,None,160.0,160.0,0,0,None,None,"Diode and Gated Diodes Pads are ordered (from bottom-to-top): S, D, G, S, D, G, S, D, G, S, D, G"
'1966',FET,mod_diode_asym_right_lc_0.16_lch_0.12_w_4.0,18150,10080.0,1,4000.0,None,120.0,160.0,0,0,None,None,"Diode and Gated Diodes Pads are ordered (from bottom-to-top): S, D, G, S, D, G, S, D, G, S, D, G"
'1967',FET,mod_diode_asym_right_lc_0.16_lch_0.08_w_4.0,18200,10080.0,1,4000.0,None,80.0,160.0,0,0,None,None,"Diode and Gated Diodes Pads are ordered (from bottom-to-top): S, D, G, S, D, G, S, D, G, S, D, G"
'1968',FET,mod_diode_asym_right_lc_0.12_lch_0.20_w_4.0,18250,10080.0,1,4000.0,None,200.0,120.0,0,0,None,None,"Diode and Gated Diodes Pads are ordered (from bottom-to-top): S, D, G, S, D, G, S, D, G, S, D, G"
'1969',FET,mod_diode_asym_right_lc_0.12_lch_0.16_w_4.0,18300,10080.0,1,4000.0,None,160.0,120.0,0,0,None,None,"Diode and Gated Diodes Pads are ordered (from bottom-to-top): S, D, G, S, D, G, S, D, G, S, D, G"
'1970',FET,mod_diode_asym_right_lc_0.12_lch_0.12_w_4.0,18350,10080.0,1,4000.0,None,120.0,120.0,0,0,None,None,"Diode and Gated Diodes Pads are ordered (from bottom-to-top): S, D, G, S, D, G, S, D, G, S, D, G"
'1971',FET,mod_diode_asym_right_lc_0.12_lch_0.08_w_4.0,18400,10080.0,1,4000.0,None,80.0,120.0,0,0,None,None,"Diode and Gated Diodes Pads are ordered (from bottom-to-top): S, D, G, S, D, G, S, D, G, S, D, G"
'1972',FET,mod_gated_diode_lc_0.20_lch_0.16_lov_0.06_w_4.0,17650,13410.0,1,4000.0,None,160.0,200.0,60.0,0,None,None,"Gated Diodes Pads are ordered (from bottom-to-top): S, D, G, S, D, G, S, D, G, S, D, G"
'1973',FET,mod_gated_diode_lc_0.20_lch_0.12_lov_0.06_w_4.0,17700,13410.0,1,4000.0,None,120.0,200.0,60.0,0,None,None,"Gated Diodes Pads are ordered (from bottom-to-top): S, D, G, S, D, G, S, D, G, S, D, G"
'1974',FET,mod_gated_diode_lc_0.20_lch_0.08_lov_0.06_w_4.0,17750,13410.0,1,4000.0,None,80.0,200.0,60.0,0,None,None,"Gated Diodes Pads are ordered (from bottom-to-top): S, D, G, S, D, G, S, D, G, S, D, G"
'1975',FET,mod_gated_diode_lc_0.16_lch_0.16_lov_0.06_w_4.0,17800,13410.0,1,4000.0,None,160.0,160.0,60.0,0,None,None,"Gated Diodes Pads are ordered (from bottom-to-top): S, D, G, S, D, G, S, D, G, S, D, G"
'1976',FET,mod_gated_diode_lc_0.16_lch_0.12_lov_0.06_w_4.0,17850,13410.0,1,4000.0,None,120.0,160.0,60.0,0,None,None,"Gated Diodes Pads are ordered (from bottom-to-top): S, D, G, S, D, G, S, D, G, S, D, G"
'1977',FET,mod_gated_diode_lc_0.16_lch_0.08_lov_0.06_w_4.0,17900,13410.0,1,4000.0,None,80.0,160.0,60.0,0,None,None,"Gated Diodes Pads are ordered (from bottom-to-top): S, D, G, S, D, G, S, D, G, S, D, G"
'1978',FET,mod_gated_diode_lc_0.12_lch_0.16_lov_0.06_w_4.0,17950,13410.0,1,4000.0,None,160.0,120.0,60.0,0,None,None,"Gated Diodes Pads are ordered (from bottom-to-top): S, D, G, S, D, G, S, D, G, S, D, G"
'1979',FET,mod_gated_diode_lc_0.12_lch_0.12_lov_0.06_w_4.0,18000,13410.0,1,4000.0,None,120.0,120.0,60.0,0,None,None,"Gated Diodes Pads are ordered (from bottom-to-top): S, D, G, S, D, G, S, D, G, S, D, G"
'1980',FET,mod_gated_diode_lc_0.12_lch_0.08_lov_0.06_w_4.0,18050,13410.0,1,4000.0,None,80.0,120.0,60.0,0,None,None,"Gated Diodes Pads are ordered (from bottom-to-top): S, D, G, S, D, G, S, D, G, S, D, G"
'1981',FET,mod_gated_diode_lc_0.20_lch_0.16_lov_0.02_w_4.0,18100,13410.0,1,4000.0,None,160.0,200.0,20.0,0,None,None,"Gated Diodes Pads are ordered (from bottom-to-top): S, D, G, S, D, G, S, D, G, S, D, G"
'1982',FET,mod_gated_diode_lc_0.20_lch_0.12_lov_0.02_w_4.0,18150,13410.0,1,4000.0,None,120.0,200.0,20.0,0,None,None,"Gated Diodes Pads are ordered (from bottom-to-top): S, D, G, S, D, G, S, D, G, S, D, G"
'1983',FET,mod_gated_diode_lc_0.20_lch_0.08_lov_0.02_w_4.0,18200,13410.0,1,4000.0,None,80.0,200.0,20.0,0,None,None,"Gated Diodes Pads are ordered (from bottom-to-top): S, D, G, S, D, G, S, D, G, S, D, G"
'1984',FET,mod_gated_diode_lc_0.16_lch_0.16_lov_0.02_w_4.0,18250,13410.0,1,4000.0,None,160.0,160.0,20.0,0,None,None,"Gated Diodes Pads are ordered (from bottom-to-top): S, D, G, S, D, G, S, D, G, S, D, G"
'1985',FET,mod_gated_diode_lc_0.16_lch_0.12_lov_0.02_w_4.0,18300,13410.0,1,4000.0,None,120.0,160.0,20.0,0,None,None,"Gated Diodes Pads are ordered (from bottom-to-top): S, D, G, S, D, G, S, D, G, S, D, G"
'1986',FET,mod_gated_diode_lc_0.16_lch_0.08_lov_0.02_w_4.0,18350,13410.0,1,4000.0,None,80.0,160.0,20.0,0,None,None,"Gated Diodes Pads are ordered (from bottom-to-top): S, D, G, S, D, G, S, D, G, S, D, G"
'1987',FET,mod_gated_diode_lc_0.12_lch_0.16_lov_0.02_w_4.0,18400,13410.0,1,4000.0,None,160.0,120.0,20.0,0,None,None,"Gated Diodes Pads are ordered (from bottom-to-top): S, D, G, S, D, G, S, D, G, S, D, G"
'1988',FET,mod_gated_diode_lc_0.12_lch_0.12_lov_0.02_w_4.0,18450,13410.0,1,4000.0,None,120.0,120.0,20.0,0,None,None,"Gated Diodes Pads are ordered (from bottom-to-top): S, D, G, S, D, G, S, D, G, S, D, G"
'1989',FET,mod_gated_diode_lc_0.12_lch_0.08_lov_0.02_w_4.0,18500,13410.0,1,4000.0,None,80.0,120.0,20.0,0,None,None,"Gated Diodes Pads are ordered (from bottom-to-top): S, D, G, S, D, G, S, D, G, S, D, G"
'1990',FET,mod_gated_diode_asym_left_lc_0.20_lch_0.16_lov_0.06_w_4.0,17650,13410.0,1,4000.0,None,160.0,200.0,60.0,0,None,None,"Gated Diodes Pads are ordered (from bottom-to-top): S, D, G, S, D, G, S, D, G, S, D, G"
'1991',FET,mod_gated_diode_asym_left_lc_0.20_lch_0.12_lov_0.06_w_4.0,17700,13410.0,1,4000.0,None,120.0,200.0,60.0,0,None,None,"Gated Diodes Pads are ordered (from bottom-to-top): S, D, G, S, D, G, S, D, G, S, D, G"
'1992',FET,mod_gated_diode_asym_left_lc_0.20_lch_0.08_lov_0.06_w_4.0,17750,13410.0,1,4000.0,None,80.0,200.0,60.0,0,None,None,"Gated Diodes Pads are ordered (from bottom-to-top): S, D, G, S, D, G, S, D, G, S, D, G"
'1993',FET,mod_gated_diode_asym_left_lc_0.16_lch_0.16_lov_0.06_w_4.0,17800,13410.0,1,4000.0,None,160.0,160.0,60.0,0,None,None,"Gated Diodes Pads are ordered (from bottom-to-top): S, D, G, S, D, G, S, D, G, S, D, G"
'1994',FET,mod_gated_diode_asym_left_lc_0.16_lch_0.12_lov_0.06_w_4.0,17850,13410.0,1,4000.0,None,120.0,160.0,60.0,0,None,None,"Gated Diodes Pads are ordered (from bottom-to-top): S, D, G, S, D, G, S, D, G, S, D, G"
'1995',FET,mod_gated_diode_asym_left_lc_0.16_lch_0.08_lov_0.06_w_4.0,17900,13410.0,1,4000.0,None,80.0,160.0,60.0,0,None,None,"Gated Diodes Pads are ordered (from bottom-to-top): S, D, G, S, D, G, S, D, G, S, D, G"
'1996',FET,mod_gated_diode_asym_left_lc_0.12_lch_0.16_lov_0.06_w_4.0,17950,13410.0,1,4000.0,None,160.0,120.0,60.0,0,None,None,"Gated Diodes Pads are ordered (from bottom-to-top): S, D, G, S, D, G, S, D, G, S, D, G"
'1997',FET,mod_gated_diode_asym_left_lc_0.12_lch_0.12_lov_0.06_w_4.0,18000,13410.0,1,4000.0,None,120.0,120.0,60.0,0,None,None,"Gated Diodes Pads are ordered (from bottom-to-top): S, D, G, S, D, G, S, D, G, S, D, G"
'1998',FET,mod_gated_diode_asym_left_lc_0.12_lch_0.08_lov_0.06_w_4.0,18050,13410.0,1,4000.0,None,80.0,120.0,60.0,0,None,None,"Gated Diodes Pads are ordered (from bottom-to-top): S, D, G, S, D, G, S, D, G, S, D, G"
'1999',FET,mod_gated_diode_asym_left_lc_0.20_lch_0.16_lov_0.02_w_4.0,18100,13410.0,1,4000.0,None,160.0,200.0,20.0,0,None,None,"Gated Diodes Pads are ordered (from bottom-to-top): S, D, G, S, D, G, S, D, G, S, D, G"
'2000',FET,mod_gated_diode_asym_left_lc_0.20_lch_0.12_lov_0.02_w_4.0,18150,13410.0,1,4000.0,None,120.0,200.0,20.0,0,None,None,"Gated Diodes Pads are ordered (from bottom-to-top): S, D, G, S, D, G, S, D, G, S, D, G"
'2001',FET,mod_gated_diode_asym_left_lc_0.20_lch_0.08_lov_0.02_w_4.0,18200,13410.0,1,4000.0,None,80.0,200.0,20.0,0,None,None,"Gated Diodes Pads are ordered (from bottom-to-top): S, D, G, S, D, G, S, D, G, S, D, G"
'2002',FET,mod_gated_diode_asym_left_lc_0.16_lch_0.16_lov_0.02_w_4.0,18250,13410.0,1,4000.0,None,160.0,160.0,20.0,0,None,None,"Gated Diodes Pads are ordered (from bottom-to-top): S, D, G, S, D, G, S, D, G, S, D, G"
'2003',FET,mod_gated_diode_asym_left_lc_0.16_lch_0.12_lov_0.02_w_4.0,18300,13410.0,1,4000.0,None,120.0,160.0,20.0,0,None,None,"Gated Diodes Pads are ordered (from bottom-to-top): S, D, G, S, D, G, S, D, G, S, D, G"
'2004',FET,mod_gated_diode_asym_left_lc_0.16_lch_0.08_lov_0.02_w_4.0,18350,13410.0,1,4000.0,None,80.0,160.0,20.0,0,None,None,"Gated Diodes Pads are ordered (from bottom-to-top): S, D, G, S, D, G, S, D, G, S, D, G"
'2005',FET,mod_gated_diode_asym_left_lc_0.12_lch_0.16_lov_0.02_w_4.0,18400,13410.0,1,4000.0,None,160.0,120.0,20.0,0,None,None,"Gated Diodes Pads are ordered (from bottom-to-top): S, D, G, S, D, G, S, D, G, S, D, G"
'2006',FET,mod_gated_diode_asym_left_lc_0.12_lch_0.12_lov_0.02_w_4.0,18450,13410.0,1,4000.0,None,120.0,120.0,20.0,0,None,None,"Gated Diodes Pads are ordered (from bottom-to-top): S, D, G, S, D, G, S, D, G, S, D, G"
'2007',FET,mod_gated_diode_asym_left_lc_0.12_lch_0.08_lov_0.02_w_4.0,18500,13410.0,1,4000.0,None,80.0,120.0,20.0,0,None,None,"Gated Diodes Pads are ordered (from bottom-to-top): S, D, G, S, D, G, S, D, G, S, D, G"
'2008',FET,mod_gated_diode_asym_right_lc_0.20_lch_0.16_lov_0.06_w_4.0,17650,13410.0,1,4000.0,None,160.0,200.0,60.0,0,None,None,"Gated Diodes Pads are ordered (from bottom-to-top): S, D, G, S, D, G, S, D, G, S, D, G"
'2009',FET,mod_gated_diode_asym_right_lc_0.20_lch_0.12_lov_0.06_w_4.0,17700,13410.0,1,4000.0,None,120.0,200.0,60.0,0,None,None,"Gated Diodes Pads are ordered (from bottom-to-top): S, D, G, S, D, G, S, D, G, S, D, G"
'2010',FET,mod_gated_diode_asym_right_lc_0.20_lch_0.08_lov_0.06_w_4.0,17750,13410.0,1,4000.0,None,80.0,200.0,60.0,0,None,None,"Gated Diodes Pads are ordered (from bottom-to-top): S, D, G, S, D, G, S, D, G, S, D, G"
'2011',FET,mod_gated_diode_asym_right_lc_0.16_lch_0.16_lov_0.06_w_4.0,17800,13410.0,1,4000.0,None,160.0,160.0,60.0,0,None,None,"Gated Diodes Pads are ordered (from bottom-to-top): S, D, G, S, D, G, S, D, G, S, D, G"
'2012',FET,mod_gated_diode_asym_right_lc_0.16_lch_0.12_lov_0.06_w_4.0,17850,13410.0,1,4000.0,None,120.0,160.0,60.0,0,None,None,"Gated Diodes Pads are ordered (from bottom-to-top): S, D, G, S, D, G, S, D, G, S, D, G"
'2013',FET,mod_gated_diode_asym_right_lc_0.16_lch_0.08_lov_0.06_w_4.0,17900,13410.0,1,4000.0,None,80.0,160.0,60.0,0,None,None,"Gated Diodes Pads are ordered (from bottom-to-top): S, D, G, S, D, G, S, D, G, S, D, G"
'2014',FET,mod_gated_diode_asym_right_lc_0.12_lch_0.16_lov_0.06_w_4.0,17950,13410.0,1,4000.0,None,160.0,120.0,60.0,0,None,None,"Gated Diodes Pads are ordered (from bottom-to-top): S, D, G, S, D, G, S, D, G, S, D, G"
'2015',FET,mod_gated_diode_asym_right_lc_0.12_lch_0.12_lov_0.06_w_4.0,18000,13410.0,1,4000.0,None,120.0,120.0,60.0,0,None,None,"Gated Diodes Pads are ordered (from bottom-to-top): S, D, G, S, D, G, S, D, G, S, D, G"
'2016',FET,mod_gated_diode_asym_right_lc_0.12_lch_0.08_lov_0.06_w_4.0,18050,13410.0,1,4000.0,None,80.0,120.0,60.0,0,None,None,"Gated Diodes Pads are ordered (from bottom-to-top): S, D, G, S, D, G, S, D, G, S, D, G"
'2017',FET,mod_gated_diode_asym_right_lc_0.20_lch_0.16_lov_0.02_w_4.0,18100,13410.0,1,4000.0,None,160.0,200.0,20.0,0,None,None,"Gated Diodes Pads are ordered (from bottom-to-top): S, D, G, S, D, G, S, D, G, S, D, G"
'2018',FET,mod_gated_diode_asym_right_lc_0.20_lch_0.12_lov_0.02_w_4.0,18150,13410.0,1,4000.0,None,120.0,200.0,20.0,0,None,None,"Gated Diodes Pads are ordered (from bottom-to-top): S, D, G, S, D, G, S, D, G, S, D, G"
'2019',FET,mod_gated_diode_asym_right_lc_0.20_lch_0.08_lov_0.02_w_4.0,18200,13410.0,1,4000.0,None,80.0,200.0,20.0,0,None,None,"Gated Diodes Pads are ordered (from bottom-to-top): S, D, G, S, D, G, S, D, G, S, D, G"
'2020',FET,mod_gated_diode_asym_right_lc_0.16_lch_0.16_lov_0.02_w_4.0,18250,13410.0,1,4000.0,None,160.0,160.0,20.0,0,None,None,"Gated Diodes Pads are ordered (from bottom-to-top): S, D, G, S, D, G, S, D, G, S, D, G"
'2021',FET,mod_gated_diode_asym_right_lc_0.16_lch_0.12_lov_0.02_w_4.0,18300,13410.0,1,4000.0,None,120.0,160.0,20.0,0,None,None,"Gated Diodes Pads are ordered (from bottom-to-top): S, D, G, S, D, G, S, D, G, S, D, G"
'2022',FET,mod_gated_diode_asym_right_lc_0.16_lch_0.08_lov_0.02_w_4.0,18350,13410.0,1,4000.0,None,80.0,160.0,20.0,0,None,None,"Gated Diodes Pads are ordered (from bottom-to-top): S, D, G, S, D, G, S, D, G, S, D, G"
'2023',FET,mod_gated_diode_asym_right_lc_0.12_lch_0.16_lov_0.02_w_4.0,18400,13410.0,1,4000.0,None,160.0,120.0,20.0,0,None,None,"Gated Diodes Pads are ordered (from bottom-to-top): S, D, G, S, D, G, S, D, G, S, D, G"
'2024',FET,mod_gated_diode_asym_right_lc_0.12_lch_0.12_lov_0.02_w_4.0,18450,13410.0,1,4000.0,None,120.0,120.0,20.0,0,None,None,"Gated Diodes Pads are ordered (from bottom-to-top): S, D, G, S, D, G, S, D, G, S, D, G"
'2025',FET,mod_gated_diode_asym_right_lc_0.12_lch_0.08_lov_0.02_w_4.0,18500,13410.0,1,4000.0,None,80.0,120.0,20.0,0,None,None,"Gated Diodes Pads are ordered (from bottom-to-top): S, D, G, S, D, G, S, D, G, S, D, G"
'2026',FET,mod_gated_diode_fingered_lc_0.28_lch_0.16_lov_0.06_w_4.0,17650,16740.0,1,4000.0,None,160.0,280.0,60.0,0,None,None,"Gated Diodes Pads are ordered (from bottom-to-top): S, D, G, S, D, G, S, D, G, S, D, G"
'2027',FET,mod_gated_diode_fingered_lc_0.28_lch_0.12_lov_0.06_w_4.0,17700,16740.0,1,4000.0,None,120.0,280.0,60.0,0,None,None,"Gated Diodes Pads are ordered (from bottom-to-top): S, D, G, S, D, G, S, D, G, S, D, G"
'2028',FET,mod_gated_diode_fingered_lc_0.28_lch_0.08_lov_0.06_w_4.0,17750,16740.0,1,4000.0,None,80.0,280.0,60.0,0,None,None,"Gated Diodes Pads are ordered (from bottom-to-top): S, D, G, S, D, G, S, D, G, S, D, G"
'2029',FET,mod_gated_diode_fingered_lc_0.24_lch_0.16_lov_0.06_w_4.0,17800,16740.0,1,4000.0,None,160.0,240.0,60.0,0,None,None,"Gated Diodes Pads are ordered (from bottom-to-top): S, D, G, S, D, G, S, D, G, S, D, G"
'2030',FET,mod_gated_diode_fingered_lc_0.24_lch_0.12_lov_0.06_w_4.0,17850,16740.0,1,4000.0,None,120.0,240.0,60.0,0,None,None,"Gated Diodes Pads are ordered (from bottom-to-top): S, D, G, S, D, G, S, D, G, S, D, G"
'2031',FET,mod_gated_diode_fingered_lc_0.24_lch_0.08_lov_0.06_w_4.0,17900,16740.0,1,4000.0,None,80.0,240.0,60.0,0,None,None,"Gated Diodes Pads are ordered (from bottom-to-top): S, D, G, S, D, G, S, D, G, S, D, G"
'2032',FET,mod_gated_diode_fingered_lc_0.20_lch_0.16_lov_0.06_w_4.0,17950,16740.0,1,4000.0,None,160.0,200.0,60.0,0,None,None,"Gated Diodes Pads are ordered (from bottom-to-top): S, D, G, S, D, G, S, D, G, S, D, G"
'2033',FET,mod_gated_diode_fingered_lc_0.20_lch_0.12_lov_0.06_w_4.0,18000,16740.0,1,4000.0,None,120.0,200.0,60.0,0,None,None,"Gated Diodes Pads are ordered (from bottom-to-top): S, D, G, S, D, G, S, D, G, S, D, G"
'2034',FET,mod_gated_diode_fingered_lc_0.20_lch_0.08_lov_0.06_w_4.0,18050,16740.0,1,4000.0,None,80.0,200.0,60.0,0,None,None,"Gated Diodes Pads are ordered (from bottom-to-top): S, D, G, S, D, G, S, D, G, S, D, G"
'2035',FET,mod_gated_diode_fingered_lc_0.28_lch_0.16_lov_0.02_w_4.0,18100,16740.0,1,4000.0,None,160.0,280.0,20.0,0,None,None,"Gated Diodes Pads are ordered (from bottom-to-top): S, D, G, S, D, G, S, D, G, S, D, G"
'2036',FET,mod_gated_diode_fingered_lc_0.28_lch_0.12_lov_0.02_w_4.0,18150,16740.0,1,4000.0,None,120.0,280.0,20.0,0,None,None,"Gated Diodes Pads are ordered (from bottom-to-top): S, D, G, S, D, G, S, D, G, S, D, G"
'2037',FET,mod_gated_diode_fingered_lc_0.28_lch_0.08_lov_0.02_w_4.0,18200,16740.0,1,4000.0,None,80.0,280.0,20.0,0,None,None,"Gated Diodes Pads are ordered (from bottom-to-top): S, D, G, S, D, G, S, D, G, S, D, G"
'2038',FET,mod_gated_diode_fingered_lc_0.24_lch_0.16_lov_0.02_w_4.0,18250,16740.0,1,4000.0,None,160.0,240.0,20.0,0,None,None,"Gated Diodes Pads are ordered (from bottom-to-top): S, D, G, S, D, G, S, D, G, S, D, G"
'2039',FET,mod_gated_diode_fingered_lc_0.24_lch_0.12_lov_0.02_w_4.0,18300,16740.0,1,4000.0,None,120.0,240.0,20.0,0,None,None,"Gated Diodes Pads are ordered (from bottom-to-top): S, D, G, S, D, G, S, D, G, S, D, G"
'2040',FET,mod_gated_diode_fingered_lc_0.24_lch_0.08_lov_0.02_w_4.0,18350,16740.0,1,4000.0,None,80.0,240.0,20.0,0,None,None,"Gated Diodes Pads are ordered (from bottom-to-top): S, D, G, S, D, G, S, D, G, S, D, G"
'2041',FET,mod_gated_diode_fingered_lc_0.20_lch_0.16_lov_0.02_w_4.0,18400,16740.0,1,4000.0,None,160.0,200.0,20.0,0,None,None,"Gated Diodes Pads are ordered (from bottom-to-top): S, D, G, S, D, G, S, D, G, S, D, G"
'2042',FET,mod_gated_diode_fingered_lc_0.20_lch_0.12_lov_0.02_w_4.0,18450,16740.0,1,4000.0,None,120.0,200.0,20.0,0,None,None,"Gated Diodes Pads are ordered (from bottom-to-top): S, D, G, S, D, G, S, D, G, S, D, G"
'2043',FET,mod_gated_diode_fingered_lc_0.20_lch_0.08_lov_0.02_w_4.0,18500,16740.0,1,4000.0,None,80.0,200.0,20.0,0,None,None,"Gated Diodes Pads are ordered (from bottom-to-top): S, D, G, S, D, G, S, D, G, S, D, G"
'2044',FET,mod_gated_diode_fingered_asym_n_lc_0.28_lch_0.16_lov_0.06_w_4.0,17650,16740.0,1,4000.0,None,160.0,280.0,60.0,0,None,None,"Gated Diodes Pads are ordered (from bottom-to-top): S, D, G, S, D, G, S, D, G, S, D, G"
'2045',FET,mod_gated_diode_fingered_asym_n_lc_0.28_lch_0.12_lov_0.06_w_4.0,17700,16740.0,1,4000.0,None,120.0,280.0,60.0,0,None,None,"Gated Diodes Pads are ordered (from bottom-to-top): S, D, G, S, D, G, S, D, G, S, D, G"
'2046',FET,mod_gated_diode_fingered_asym_n_lc_0.28_lch_0.08_lov_0.06_w_4.0,17750,16740.0,1,4000.0,None,80.0,280.0,60.0,0,None,None,"Gated Diodes Pads are ordered (from bottom-to-top): S, D, G, S, D, G, S, D, G, S, D, G"
'2047',FET,mod_gated_diode_fingered_asym_n_lc_0.24_lch_0.16_lov_0.06_w_4.0,17800,16740.0,1,4000.0,None,160.0,240.0,60.0,0,None,None,"Gated Diodes Pads are ordered (from bottom-to-top): S, D, G, S, D, G, S, D, G, S, D, G"
'2048',FET,mod_gated_diode_fingered_asym_n_lc_0.24_lch_0.12_lov_0.06_w_4.0,17850,16740.0,1,4000.0,None,120.0,240.0,60.0,0,None,None,"Gated Diodes Pads are ordered (from bottom-to-top): S, D, G, S, D, G, S, D, G, S, D, G"
'2049',FET,mod_gated_diode_fingered_asym_n_lc_0.24_lch_0.08_lov_0.06_w_4.0,17900,16740.0,1,4000.0,None,80.0,240.0,60.0,0,None,None,"Gated Diodes Pads are ordered (from bottom-to-top): S, D, G, S, D, G, S, D, G, S, D, G"
'2050',FET,mod_gated_diode_fingered_asym_n_lc_0.20_lch_0.16_lov_0.06_w_4.0,17950,16740.0,1,4000.0,None,160.0,200.0,60.0,0,None,None,"Gated Diodes Pads are ordered (from bottom-to-top): S, D, G, S, D, G, S, D, G, S, D, G"
'2051',FET,mod_gated_diode_fingered_asym_n_lc_0.20_lch_0.12_lov_0.06_w_4.0,18000,16740.0,1,4000.0,None,120.0,200.0,60.0,0,None,None,"Gated Diodes Pads are ordered (from bottom-to-top): S, D, G, S, D, G, S, D, G, S, D, G"
'2052',FET,mod_gated_diode_fingered_asym_n_lc_0.20_lch_0.08_lov_0.06_w_4.0,18050,16740.0,1,4000.0,None,80.0,200.0,60.0,0,None,None,"Gated Diodes Pads are ordered (from bottom-to-top): S, D, G, S, D, G, S, D, G, S, D, G"
'2053',FET,mod_gated_diode_fingered_asym_n_lc_0.28_lch_0.16_lov_0.02_w_4.0,18100,16740.0,1,4000.0,None,160.0,280.0,20.0,0,None,None,"Gated Diodes Pads are ordered (from bottom-to-top): S, D, G, S, D, G, S, D, G, S, D, G"
'2054',FET,mod_gated_diode_fingered_asym_n_lc_0.28_lch_0.12_lov_0.02_w_4.0,18150,16740.0,1,4000.0,None,120.0,280.0,20.0,0,None,None,"Gated Diodes Pads are ordered (from bottom-to-top): S, D, G, S, D, G, S, D, G, S, D, G"
'2055',FET,mod_gated_diode_fingered_asym_n_lc_0.28_lch_0.08_lov_0.02_w_4.0,18200,16740.0,1,4000.0,None,80.0,280.0,20.0,0,None,None,"Gated Diodes Pads are ordered (from bottom-to-top): S, D, G, S, D, G, S, D, G, S, D, G"
'2056',FET,mod_gated_diode_fingered_asym_n_lc_0.24_lch_0.16_lov_0.02_w_4.0,18250,16740.0,1,4000.0,None,160.0,240.0,20.0,0,None,None,"Gated Diodes Pads are ordered (from bottom-to-top): S, D, G, S, D, G, S, D, G, S, D, G"
'2057',FET,mod_gated_diode_fingered_asym_n_lc_0.24_lch_0.12_lov_0.02_w_4.0,18300,16740.0,1,4000.0,None,120.0,240.0,20.0,0,None,None,"Gated Diodes Pads are ordered (from bottom-to-top): S, D, G, S, D, G, S, D, G, S, D, G"
'2058',FET,mod_gated_diode_fingered_asym_n_lc_0.24_lch_0.08_lov_0.02_w_4.0,18350,16740.0,1,4000.0,None,80.0,240.0,20.0,0,None,None,"Gated Diodes Pads are ordered (from bottom-to-top): S, D, G, S, D, G, S, D, G, S, D, G"
'2059',FET,mod_gated_diode_fingered_asym_n_lc_0.20_lch_0.16_lov_0.02_w_4.0,18400,16740.0,1,4000.0,None,160.0,200.0,20.0,0,None,None,"Gated Diodes Pads are ordered (from bottom-to-top): S, D, G, S, D, G, S, D, G, S, D, G"
'2060',FET,mod_gated_diode_fingered_asym_n_lc_0.20_lch_0.12_lov_0.02_w_4.0,18450,16740.0,1,4000.0,None,120.0,200.0,20.0,0,None,None,"Gated Diodes Pads are ordered (from bottom-to-top): S, D, G, S, D, G, S, D, G, S, D, G"
'2061',FET,mod_gated_diode_fingered_asym_n_lc_0.20_lch_0.08_lov_0.02_w_4.0,18500,16740.0,1,4000.0,None,80.0,200.0,20.0,0,None,None,"Gated Diodes Pads are ordered (from bottom-to-top): S, D, G, S, D, G, S, D, G, S, D, G"
'2062',FET,mod_gated_diode_fingered_asym_p_lc_0.28_lch_0.16_lov_0.06_w_4.0,17650,16740.0,1,4000.0,None,160.0,280.0,60.0,0,None,None,"Gated Diodes Pads are ordered (from bottom-to-top): S, D, G, S, D, G, S, D, G, S, D, G"
'2063',FET,mod_gated_diode_fingered_asym_p_lc_0.28_lch_0.12_lov_0.06_w_4.0,17700,16740.0,1,4000.0,None,120.0,280.0,60.0,0,None,None,"Gated Diodes Pads are ordered (from bottom-to-top): S, D, G, S, D, G, S, D, G, S, D, G"
'2064',FET,mod_gated_diode_fingered_asym_p_lc_0.28_lch_0.08_lov_0.06_w_4.0,17750,16740.0,1,4000.0,None,80.0,280.0,60.0,0,None,None,"Gated Diodes Pads are ordered (from bottom-to-top): S, D, G, S, D, G, S, D, G, S, D, G"
'2065',FET,mod_gated_diode_fingered_asym_p_lc_0.24_lch_0.16_lov_0.06_w_4.0,17800,16740.0,1,4000.0,None,160.0,240.0,60.0,0,None,None,"Gated Diodes Pads are ordered (from bottom-to-top): S, D, G, S, D, G, S, D, G, S, D, G"
'2066',FET,mod_gated_diode_fingered_asym_p_lc_0.24_lch_0.12_lov_0.06_w_4.0,17850,16740.0,1,4000.0,None,120.0,240.0,60.0,0,None,None,"Gated Diodes Pads are ordered (from bottom-to-top): S, D, G, S, D, G, S, D, G, S, D, G"
'2067',FET,mod_gated_diode_fingered_asym_p_lc_0.24_lch_0.08_lov_0.06_w_4.0,17900,16740.0,1,4000.0,None,80.0,240.0,60.0,0,None,None,"Gated Diodes Pads are ordered (from bottom-to-top): S, D, G, S, D, G, S, D, G, S, D, G"
'2068',FET,mod_gated_diode_fingered_asym_p_lc_0.20_lch_0.16_lov_0.06_w_4.0,17950,16740.0,1,4000.0,None,160.0,200.0,60.0,0,None,None,"Gated Diodes Pads are ordered (from bottom-to-top): S, D, G, S, D, G, S, D, G, S, D, G"
'2069',FET,mod_gated_diode_fingered_asym_p_lc_0.20_lch_0.12_lov_0.06_w_4.0,18000,16740.0,1,4000.0,None,120.0,200.0,60.0,0,None,None,"Gated Diodes Pads are ordered (from bottom-to-top): S, D, G, S, D, G, S, D, G, S, D, G"
'2070',FET,mod_gated_diode_fingered_asym_p_lc_0.20_lch_0.08_lov_0.06_w_4.0,18050,16740.0,1,4000.0,None,80.0,200.0,60.0,0,None,None,"Gated Diodes Pads are ordered (from bottom-to-top): S, D, G, S, D, G, S, D, G, S, D, G"
'2071',FET,mod_gated_diode_fingered_asym_p_lc_0.28_lch_0.16_lov_0.02_w_4.0,18100,16740.0,1,4000.0,None,160.0,280.0,20.0,0,None,None,"Gated Diodes Pads are ordered (from bottom-to-top): S, D, G, S, D, G, S, D, G, S, D, G"
'2072',FET,mod_gated_diode_fingered_asym_p_lc_0.28_lch_0.12_lov_0.02_w_4.0,18150,16740.0,1,4000.0,None,120.0,280.0,20.0,0,None,None,"Gated Diodes Pads are ordered (from bottom-to-top): S, D, G, S, D, G, S, D, G, S, D, G"
'2073',FET,mod_gated_diode_fingered_asym_p_lc_0.28_lch_0.08_lov_0.02_w_4.0,18200,16740.0,1,4000.0,None,80.0,280.0,20.0,0,None,None,"Gated Diodes Pads are ordered (from bottom-to-top): S, D, G, S, D, G, S, D, G, S, D, G"
'2074',FET,mod_gated_diode_fingered_asym_p_lc_0.24_lch_0.16_lov_0.02_w_4.0,18250,16740.0,1,4000.0,None,160.0,240.0,20.0,0,None,None,"Gated Diodes Pads are ordered (from bottom-to-top): S, D, G, S, D, G, S, D, G, S, D, G"
'2075',FET,mod_gated_diode_fingered_asym_p_lc_0.24_lch_0.12_lov_0.02_w_4.0,18300,16740.0,1,4000.0,None,120.0,240.0,20.0,0,None,None,"Gated Diodes Pads are ordered (from bottom-to-top): S, D, G, S, D, G, S, D, G, S, D, G"
'2076',FET,mod_gated_diode_fingered_asym_p_lc_0.24_lch_0.08_lov_0.02_w_4.0,18350,16740.0,1,4000.0,None,80.0,240.0,20.0,0,None,None,"Gated Diodes Pads are ordered (from bottom-to-top): S, D, G, S, D, G, S, D, G, S, D, G"
'2077',FET,mod_gated_diode_fingered_asym_p_lc_0.20_lch_0.16_lov_0.02_w_4.0,18400,16740.0,1,4000.0,None,160.0,200.0,20.0,0,None,None,"Gated Diodes Pads are ordered (from bottom-to-top): S, D, G, S, D, G, S, D, G, S, D, G"
'2078',FET,mod_gated_diode_fingered_asym_p_lc_0.20_lch_0.12_lov_0.02_w_4.0,18450,16740.0,1,4000.0,None,120.0,200.0,20.0,0,None,None,"Gated Diodes Pads are ordered (from bottom-to-top): S, D, G, S, D, G, S, D, G, S, D, G"
'2079',FET,mod_gated_diode_fingered_asym_p_lc_0.20_lch_0.08_lov_0.02_w_4.0,18500,16740.0,1,4000.0,None,80.0,200.0,20.0,0,None,None,"Gated Diodes Pads are ordered (from bottom-to-top): S, D, G, S, D, G, S, D, G, S, D, G"
'2080',FET,mod_gated_diode_dummy_1_lc_0.20_lch_0.16_lov_0.06_w_4.0,17650,20070.0,1,4000.0,None,160.0,200.0,60.0,0,None,None,"Gated Diodes Pads are ordered (from bottom-to-top): S, D, G, S, D, G, S, D, G, S, D, G"
'2081',FET,mod_gated_diode_dummy_1_lc_0.20_lch_0.12_lov_0.06_w_4.0,17700,20070.0,1,4000.0,None,120.0,200.0,60.0,0,None,None,"Gated Diodes Pads are ordered (from bottom-to-top): S, D, G, S, D, G, S, D, G, S, D, G"
'2082',FET,mod_gated_diode_dummy_1_lc_0.20_lch_0.08_lov_0.06_w_4.0,17750,20070.0,1,4000.0,None,80.0,200.0,60.0,0,None,None,"Gated Diodes Pads are ordered (from bottom-to-top): S, D, G, S, D, G, S, D, G, S, D, G"
'2083',FET,mod_gated_diode_dummy_1_lc_0.16_lch_0.16_lov_0.06_w_4.0,17800,20070.0,1,4000.0,None,160.0,160.0,60.0,0,None,None,"Gated Diodes Pads are ordered (from bottom-to-top): S, D, G, S, D, G, S, D, G, S, D, G"
'2084',FET,mod_gated_diode_dummy_1_lc_0.16_lch_0.12_lov_0.06_w_4.0,17850,20070.0,1,4000.0,None,120.0,160.0,60.0,0,None,None,"Gated Diodes Pads are ordered (from bottom-to-top): S, D, G, S, D, G, S, D, G, S, D, G"
'2085',FET,mod_gated_diode_dummy_1_lc_0.16_lch_0.08_lov_0.06_w_4.0,17900,20070.0,1,4000.0,None,80.0,160.0,60.0,0,None,None,"Gated Diodes Pads are ordered (from bottom-to-top): S, D, G, S, D, G, S, D, G, S, D, G"
'2086',FET,mod_gated_diode_dummy_1_lc_0.12_lch_0.16_lov_0.06_w_4.0,17950,20070.0,1,4000.0,None,160.0,120.0,60.0,0,None,None,"Gated Diodes Pads are ordered (from bottom-to-top): S, D, G, S, D, G, S, D, G, S, D, G"
'2087',FET,mod_gated_diode_dummy_1_lc_0.12_lch_0.12_lov_0.06_w_4.0,18000,20070.0,1,4000.0,None,120.0,120.0,60.0,0,None,None,"Gated Diodes Pads are ordered (from bottom-to-top): S, D, G, S, D, G, S, D, G, S, D, G"
'2088',FET,mod_gated_diode_dummy_1_lc_0.12_lch_0.08_lov_0.06_w_4.0,18050,20070.0,1,4000.0,None,80.0,120.0,60.0,0,None,None,"Gated Diodes Pads are ordered (from bottom-to-top): S, D, G, S, D, G, S, D, G, S, D, G"
'2089',FET,mod_gated_diode_dummy_1_lc_0.20_lch_0.16_lov_0.02_w_4.0,18100,20070.0,1,4000.0,None,160.0,200.0,20.0,0,None,None,"Gated Diodes Pads are ordered (from bottom-to-top): S, D, G, S, D, G, S, D, G, S, D, G"
'2090',FET,mod_gated_diode_dummy_1_lc_0.20_lch_0.12_lov_0.02_w_4.0,18150,20070.0,1,4000.0,None,120.0,200.0,20.0,0,None,None,"Gated Diodes Pads are ordered (from bottom-to-top): S, D, G, S, D, G, S, D, G, S, D, G"
'2091',FET,mod_gated_diode_dummy_1_lc_0.20_lch_0.08_lov_0.02_w_4.0,18200,20070.0,1,4000.0,None,80.0,200.0,20.0,0,None,None,"Gated Diodes Pads are ordered (from bottom-to-top): S, D, G, S, D, G, S, D, G, S, D, G"
'2092',FET,mod_gated_diode_dummy_1_lc_0.16_lch_0.16_lov_0.02_w_4.0,18250,20070.0,1,4000.0,None,160.0,160.0,20.0,0,None,None,"Gated Diodes Pads are ordered (from bottom-to-top): S, D, G, S, D, G, S, D, G, S, D, G"
'2093',FET,mod_gated_diode_dummy_1_lc_0.16_lch_0.12_lov_0.02_w_4.0,18300,20070.0,1,4000.0,None,120.0,160.0,20.0,0,None,None,"Gated Diodes Pads are ordered (from bottom-to-top): S, D, G, S, D, G, S, D, G, S, D, G"
'2094',FET,mod_gated_diode_dummy_1_lc_0.16_lch_0.08_lov_0.02_w_4.0,18350,20070.0,1,4000.0,None,80.0,160.0,20.0,0,None,None,"Gated Diodes Pads are ordered (from bottom-to-top): S, D, G, S, D, G, S, D, G, S, D, G"
'2095',FET,mod_gated_diode_dummy_1_lc_0.12_lch_0.16_lov_0.02_w_4.0,18400,20070.0,1,4000.0,None,160.0,120.0,20.0,0,None,None,"Gated Diodes Pads are ordered (from bottom-to-top): S, D, G, S, D, G, S, D, G, S, D, G"
'2096',FET,mod_gated_diode_dummy_1_lc_0.12_lch_0.12_lov_0.02_w_4.0,18450,20070.0,1,4000.0,None,120.0,120.0,20.0,0,None,None,"Gated Diodes Pads are ordered (from bottom-to-top): S, D, G, S, D, G, S, D, G, S, D, G"
'2097',FET,mod_gated_diode_dummy_1_lc_0.12_lch_0.08_lov_0.02_w_4.0,18500,20070.0,1,4000.0,None,80.0,120.0,20.0,0,None,None,"Gated Diodes Pads are ordered (from bottom-to-top): S, D, G, S, D, G, S, D, G, S, D, G"
'2098',FET,mod_gated_diode_dummy_2_lc_0.20_lch_0.16_lov_0.06_w_4.0,17650,20070.0,1,4000.0,None,160.0,200.0,60.0,0,None,None,"Gated Diodes Pads are ordered (from bottom-to-top): S, D, G, S, D, G, S, D, G, S, D, G"
'2099',FET,mod_gated_diode_dummy_2_lc_0.20_lch_0.12_lov_0.06_w_4.0,17700,20070.0,1,4000.0,None,120.0,200.0,60.0,0,None,None,"Gated Diodes Pads are ordered (from bottom-to-top): S, D, G, S, D, G, S, D, G, S, D, G"
'2100',FET,mod_gated_diode_dummy_2_lc_0.20_lch_0.08_lov_0.06_w_4.0,17750,20070.0,1,4000.0,None,80.0,200.0,60.0,0,None,None,"Gated Diodes Pads are ordered (from bottom-to-top): S, D, G, S, D, G, S, D, G, S, D, G"
'2101',FET,mod_gated_diode_dummy_2_lc_0.16_lch_0.16_lov_0.06_w_4.0,17800,20070.0,1,4000.0,None,160.0,160.0,60.0,0,None,None,"Gated Diodes Pads are ordered (from bottom-to-top): S, D, G, S, D, G, S, D, G, S, D, G"
'2102',FET,mod_gated_diode_dummy_2_lc_0.16_lch_0.12_lov_0.06_w_4.0,17850,20070.0,1,4000.0,None,120.0,160.0,60.0,0,None,None,"Gated Diodes Pads are ordered (from bottom-to-top): S, D, G, S, D, G, S, D, G, S, D, G"
'2103',FET,mod_gated_diode_dummy_2_lc_0.16_lch_0.08_lov_0.06_w_4.0,17900,20070.0,1,4000.0,None,80.0,160.0,60.0,0,None,None,"Gated Diodes Pads are ordered (from bottom-to-top): S, D, G, S, D, G, S, D, G, S, D, G"
'2104',FET,mod_gated_diode_dummy_2_lc_0.12_lch_0.16_lov_0.06_w_4.0,17950,20070.0,1,4000.0,None,160.0,120.0,60.0,0,None,None,"Gated Diodes Pads are ordered (from bottom-to-top): S, D, G, S, D, G, S, D, G, S, D, G"
'2105',FET,mod_gated_diode_dummy_2_lc_0.12_lch_0.12_lov_0.06_w_4.0,18000,20070.0,1,4000.0,None,120.0,120.0,60.0,0,None,None,"Gated Diodes Pads are ordered (from bottom-to-top): S, D, G, S, D, G, S, D, G, S, D, G"
'2106',FET,mod_gated_diode_dummy_2_lc_0.12_lch_0.08_lov_0.06_w_4.0,18050,20070.0,1,4000.0,None,80.0,120.0,60.0,0,None,None,"Gated Diodes Pads are ordered (from bottom-to-top): S, D, G, S, D, G, S, D, G, S, D, G"
'2107',FET,mod_gated_diode_dummy_2_lc_0.20_lch_0.16_lov_0.02_w_4.0,18100,20070.0,1,4000.0,None,160.0,200.0,20.0,0,None,None,"Gated Diodes Pads are ordered (from bottom-to-top): S, D, G, S, D, G, S, D, G, S, D, G"
'2108',FET,mod_gated_diode_dummy_2_lc_0.20_lch_0.12_lov_0.02_w_4.0,18150,20070.0,1,4000.0,None,120.0,200.0,20.0,0,None,None,"Gated Diodes Pads are ordered (from bottom-to-top): S, D, G, S, D, G, S, D, G, S, D, G"
'2109',FET,mod_gated_diode_dummy_2_lc_0.20_lch_0.08_lov_0.02_w_4.0,18200,20070.0,1,4000.0,None,80.0,200.0,20.0,0,None,None,"Gated Diodes Pads are ordered (from bottom-to-top): S, D, G, S, D, G, S, D, G, S, D, G"
'2110',FET,mod_gated_diode_dummy_2_lc_0.16_lch_0.16_lov_0.02_w_4.0,18250,20070.0,1,4000.0,None,160.0,160.0,20.0,0,None,None,"Gated Diodes Pads are ordered (from bottom-to-top): S, D, G, S, D, G, S, D, G, S, D, G"
'2111',FET,mod_gated_diode_dummy_2_lc_0.16_lch_0.12_lov_0.02_w_4.0,18300,20070.0,1,4000.0,None,120.0,160.0,20.0,0,None,None,"Gated Diodes Pads are ordered (from bottom-to-top): S, D, G, S, D, G, S, D, G, S, D, G"
'2112',FET,mod_gated_diode_dummy_2_lc_0.16_lch_0.08_lov_0.02_w_4.0,18350,20070.0,1,4000.0,None,80.0,160.0,20.0,0,None,None,"Gated Diodes Pads are ordered (from bottom-to-top): S, D, G, S, D, G, S, D, G, S, D, G"
'2113',FET,mod_gated_diode_dummy_2_lc_0.12_lch_0.16_lov_0.02_w_4.0,18400,20070.0,1,4000.0,None,160.0,120.0,20.0,0,None,None,"Gated Diodes Pads are ordered (from bottom-to-top): S, D, G, S, D, G, S, D, G, S, D, G"
'2114',FET,mod_gated_diode_dummy_2_lc_0.12_lch_0.12_lov_0.02_w_4.0,18450,20070.0,1,4000.0,None,120.0,120.0,20.0,0,None,None,"Gated Diodes Pads are ordered (from bottom-to-top): S, D, G, S, D, G, S, D, G, S, D, G"
'2115',FET,mod_gated_diode_dummy_2_lc_0.12_lch_0.08_lov_0.02_w_4.0,18500,20070.0,1,4000.0,None,80.0,120.0,20.0,0,None,None,"Gated Diodes Pads are ordered (from bottom-to-top): S, D, G, S, D, G, S, D, G, S, D, G"
'2116',FET,mod_gated_diode_dummy_3_lc_0.20_lch_0.16_lov_0.06_w_4.0,17650,20070.0,1,4000.0,None,160.0,200.0,60.0,0,None,None,"Gated Diodes Pads are ordered (from bottom-to-top): S, D, G, S, D, G, S, D, G, S, D, G"
'2117',FET,mod_gated_diode_dummy_3_lc_0.20_lch_0.12_lov_0.06_w_4.0,17700,20070.0,1,4000.0,None,120.0,200.0,60.0,0,None,None,"Gated Diodes Pads are ordered (from bottom-to-top): S, D, G, S, D, G, S, D, G, S, D, G"
'2118',FET,mod_gated_diode_dummy_3_lc_0.20_lch_0.08_lov_0.06_w_4.0,17750,20070.0,1,4000.0,None,80.0,200.0,60.0,0,None,None,"Gated Diodes Pads are ordered (from bottom-to-top): S, D, G, S, D, G, S, D, G, S, D, G"
'2119',FET,mod_gated_diode_dummy_3_lc_0.16_lch_0.16_lov_0.06_w_4.0,17800,20070.0,1,4000.0,None,160.0,160.0,60.0,0,None,None,"Gated Diodes Pads are ordered (from bottom-to-top): S, D, G, S, D, G, S, D, G, S, D, G"
'2120',FET,mod_gated_diode_dummy_3_lc_0.16_lch_0.12_lov_0.06_w_4.0,17850,20070.0,1,4000.0,None,120.0,160.0,60.0,0,None,None,"Gated Diodes Pads are ordered (from bottom-to-top): S, D, G, S, D, G, S, D, G, S, D, G"
'2121',FET,mod_gated_diode_dummy_3_lc_0.16_lch_0.08_lov_0.06_w_4.0,17900,20070.0,1,4000.0,None,80.0,160.0,60.0,0,None,None,"Gated Diodes Pads are ordered (from bottom-to-top): S, D, G, S, D, G, S, D, G, S, D, G"
'2122',FET,mod_gated_diode_dummy_3_lc_0.12_lch_0.16_lov_0.06_w_4.0,17950,20070.0,1,4000.0,None,160.0,120.0,60.0,0,None,None,"Gated Diodes Pads are ordered (from bottom-to-top): S, D, G, S, D, G, S, D, G, S, D, G"
'2123',FET,mod_gated_diode_dummy_3_lc_0.12_lch_0.12_lov_0.06_w_4.0,18000,20070.0,1,4000.0,None,120.0,120.0,60.0,0,None,None,"Gated Diodes Pads are ordered (from bottom-to-top): S, D, G, S, D, G, S, D, G, S, D, G"
'2124',FET,mod_gated_diode_dummy_3_lc_0.12_lch_0.08_lov_0.06_w_4.0,18050,20070.0,1,4000.0,None,80.0,120.0,60.0,0,None,None,"Gated Diodes Pads are ordered (from bottom-to-top): S, D, G, S, D, G, S, D, G, S, D, G"
'2125',FET,mod_gated_diode_dummy_3_lc_0.20_lch_0.16_lov_0.02_w_4.0,18100,20070.0,1,4000.0,None,160.0,200.0,20.0,0,None,None,"Gated Diodes Pads are ordered (from bottom-to-top): S, D, G, S, D, G, S, D, G, S, D, G"
'2126',FET,mod_gated_diode_dummy_3_lc_0.20_lch_0.12_lov_0.02_w_4.0,18150,20070.0,1,4000.0,None,120.0,200.0,20.0,0,None,None,"Gated Diodes Pads are ordered (from bottom-to-top): S, D, G, S, D, G, S, D, G, S, D, G"
'2127',FET,mod_gated_diode_dummy_3_lc_0.20_lch_0.08_lov_0.02_w_4.0,18200,20070.0,1,4000.0,None,80.0,200.0,20.0,0,None,None,"Gated Diodes Pads are ordered (from bottom-to-top): S, D, G, S, D, G, S, D, G, S, D, G"
'2128',FET,mod_gated_diode_dummy_3_lc_0.16_lch_0.16_lov_0.02_w_4.0,18250,20070.0,1,4000.0,None,160.0,160.0,20.0,0,None,None,"Gated Diodes Pads are ordered (from bottom-to-top): S, D, G, S, D, G, S, D, G, S, D, G"
'2129',FET,mod_gated_diode_dummy_3_lc_0.16_lch_0.12_lov_0.02_w_4.0,18300,20070.0,1,4000.0,None,120.0,160.0,20.0,0,None,None,"Gated Diodes Pads are ordered (from bottom-to-top): S, D, G, S, D, G, S, D, G, S, D, G"
'2130',FET,mod_gated_diode_dummy_3_lc_0.16_lch_0.08_lov_0.02_w_4.0,18350,20070.0,1,4000.0,None,80.0,160.0,20.0,0,None,None,"Gated Diodes Pads are ordered (from bottom-to-top): S, D, G, S, D, G, S, D, G, S, D, G"
'2131',FET,mod_gated_diode_dummy_3_lc_0.12_lch_0.16_lov_0.02_w_4.0,18400,20070.0,1,4000.0,None,160.0,120.0,20.0,0,None,None,"Gated Diodes Pads are ordered (from bottom-to-top): S, D, G, S, D, G, S, D, G, S, D, G"
'2132',FET,mod_gated_diode_dummy_3_lc_0.12_lch_0.12_lov_0.02_w_4.0,18450,20070.0,1,4000.0,None,120.0,120.0,20.0,0,None,None,"Gated Diodes Pads are ordered (from bottom-to-top): S, D, G, S, D, G, S, D, G, S, D, G"
'2133',FET,mod_gated_diode_dummy_3_lc_0.12_lch_0.08_lov_0.02_w_4.0,18500,20070.0,1,4000.0,None,80.0,120.0,20.0,0,None,None,"Gated Diodes Pads are ordered (from bottom-to-top): S, D, G, S, D, G, S, D, G, S, D, G"
'3000',FINGERED FET,mod_fingered_fet_tlm_nmos_nf_32_lc_0.40_lch_0.40_lov_0.06_gateasym_0.00_w_4.0,0,10080.0,3,4000.0,32,400.0,400.0,60.0,0.0,None,None,"3-Terminal Fingered FETs NMOS Pads are ordered (from bottom-to-top): S, D, G, S, D, G, S, D, G, S, D, G"
'3001',FINGERED FET,mod_fingered_fet_tlm_nmos_nf_16_lc_0.40_lch_0.40_lov_0.06_gateasym_0.00_w_4.0,0,13320.0,3,4000.0,16,400.0,400.0,60.0,0.0,None,None,"3-Terminal Fingered FETs NMOS Pads are ordered (from bottom-to-top): S, D, G, S, D, G, S, D, G, S, D, G"
'3002',FINGERED FET,mod_fingered_fet_tlm_nmos_nf_8_lc_0.40_lch_0.40_lov_0.06_gateasym_0.00_w_4.0,0,16560.0,3,4000.0,8,400.0,400.0,60.0,0.0,None,None,"3-Terminal Fingered FETs NMOS Pads are ordered (from bottom-to-top): S, D, G, S, D, G, S, D, G, S, D, G"
'3003',FINGERED FET,mod_fingered_fet_tlm_nmos_nf_4_lc_0.40_lch_0.40_lov_0.06_gateasym_0.00_w_4.0,0,19800.0,3,4000.0,4,400.0,400.0,60.0,0.0,None,None,"3-Terminal Fingered FETs NMOS Pads are ordered (from bottom-to-top): S, D, G, S, D, G, S, D, G, S, D, G"
'3004',FINGERED FET,mod_fingered_fet_tlm_pmos_nf_32_lc_0.40_lch_0.40_lov_0.06_gateasym_0.00_w_4.0,50,10080.0,3,4000.0,32,400.0,400.0,60.0,0.0,None,None,"3-Terminal Fingered FETs PMOS Pads are ordered (from bottom-to-top): S, D, G, S, D, G, S, D, G, S, D, G"
'3005',FINGERED FET,mod_fingered_fet_tlm_pmos_nf_16_lc_0.40_lch_0.40_lov_0.06_gateasym_0.00_w_4.0,50,13320.0,3,4000.0,16,400.0,400.0,60.0,0.0,None,None,"3-Terminal Fingered FETs PMOS Pads are ordered (from bottom-to-top): S, D, G, S, D, G, S, D, G, S, D, G"
'3006',FINGERED FET,mod_fingered_fet_tlm_pmos_nf_8_lc_0.40_lch_0.40_lov_0.06_gateasym_0.00_w_4.0,50,16560.0,3,4000.0,8,400.0,400.0,60.0,0.0,None,None,"3-Terminal Fingered FETs PMOS Pads are ordered (from bottom-to-top): S, D, G, S, D, G, S, D, G, S, D, G"
'3007',FINGERED FET,mod_fingered_fet_tlm_pmos_nf_4_lc_0.40_lch_0.40_lov_0.06_gateasym_0.00_w_4.0,50,19800.0,3,4000.0,4,400.0,400.0,60.0,0.0,None,None,"3-Terminal Fingered FETs PMOS Pads are ordered (from bottom-to-top): S, D, G, S, D, G, S, D, G, S, D, G"
'3008',FINGERED FET,mod_fingered_fet_tlm_nmos_nf_32_lc_0.40_lch_0.20_lov_0.06_gateasym_0.00_w_4.0,100,10080.0,3,4000.0,32,200.0,400.0,60.0,0.0,None,None,"3-Terminal Fingered FETs NMOS Pads are ordered (from bottom-to-top): S, D, G, S, D, G, S, D, G, S, D, G"
'3009',FINGERED FET,mod_fingered_fet_tlm_nmos_nf_16_lc_0.40_lch_0.20_lov_0.06_gateasym_0.00_w_4.0,100,13320.0,3,4000.0,16,200.0,400.0,60.0,0.0,None,None,"3-Terminal Fingered FETs NMOS Pads are ordered (from bottom-to-top): S, D, G, S, D, G, S, D, G, S, D, G"
'3010',FINGERED FET,mod_fingered_fet_tlm_nmos_nf_8_lc_0.40_lch_0.20_lov_0.06_gateasym_0.00_w_4.0,100,16560.0,3,4000.0,8,200.0,400.0,60.0,0.0,None,None,"3-Terminal Fingered FETs NMOS Pads are ordered (from bottom-to-top): S, D, G, S, D, G, S, D, G, S, D, G"
'3011',FINGERED FET,mod_fingered_fet_tlm_nmos_nf_4_lc_0.40_lch_0.20_lov_0.06_gateasym_0.00_w_4.0,100,19800.0,3,4000.0,4,200.0,400.0,60.0,0.0,None,None,"3-Terminal Fingered FETs NMOS Pads are ordered (from bottom-to-top): S, D, G, S, D, G, S, D, G, S, D, G"
'3012',FINGERED FET,mod_fingered_fet_tlm_pmos_nf_32_lc_0.40_lch_0.20_lov_0.06_gateasym_0.00_w_4.0,150,10080.0,3,4000.0,32,200.0,400.0,60.0,0.0,None,None,"3-Terminal Fingered FETs PMOS Pads are ordered (from bottom-to-top): S, D, G, S, D, G, S, D, G, S, D, G"
'3013',FINGERED FET,mod_fingered_fet_tlm_pmos_nf_16_lc_0.40_lch_0.20_lov_0.06_gateasym_0.00_w_4.0,150,13320.0,3,4000.0,16,200.0,400.0,60.0,0.0,None,None,"3-Terminal Fingered FETs PMOS Pads are ordered (from bottom-to-top): S, D, G, S, D, G, S, D, G, S, D, G"
'3014',FINGERED FET,mod_fingered_fet_tlm_pmos_nf_8_lc_0.40_lch_0.20_lov_0.06_gateasym_0.00_w_4.0,150,16560.0,3,4000.0,8,200.0,400.0,60.0,0.0,None,None,"3-Terminal Fingered FETs PMOS Pads are ordered (from bottom-to-top): S, D, G, S, D, G, S, D, G, S, D, G"
'3015',FINGERED FET,mod_fingered_fet_tlm_pmos_nf_4_lc_0.40_lch_0.20_lov_0.06_gateasym_0.00_w_4.0,150,19800.0,3,4000.0,4,200.0,400.0,60.0,0.0,None,None,"3-Terminal Fingered FETs PMOS Pads are ordered (from bottom-to-top): S, D, G, S, D, G, S, D, G, S, D, G"
'3016',FINGERED FET,mod_fingered_fet_tlm_nmos_nf_32_lc_0.40_lch_0.16_lov_0.06_gateasym_0.00_w_4.0,200,10080.0,3,4000.0,32,160.0,400.0,60.0,0.0,None,None,"3-Terminal Fingered FETs NMOS Pads are ordered (from bottom-to-top): S, D, G, S, D, G, S, D, G, S, D, G"
'3017',FINGERED FET,mod_fingered_fet_tlm_nmos_nf_16_lc_0.40_lch_0.16_lov_0.06_gateasym_0.00_w_4.0,200,13320.0,3,4000.0,16,160.0,400.0,60.0,0.0,None,None,"3-Terminal Fingered FETs NMOS Pads are ordered (from bottom-to-top): S, D, G, S, D, G, S, D, G, S, D, G"
'3018',FINGERED FET,mod_fingered_fet_tlm_nmos_nf_8_lc_0.40_lch_0.16_lov_0.06_gateasym_0.00_w_4.0,200,16560.0,3,4000.0,8,160.0,400.0,60.0,0.0,None,None,"3-Terminal Fingered FETs NMOS Pads are ordered (from bottom-to-top): S, D, G, S, D, G, S, D, G, S, D, G"
'3019',FINGERED FET,mod_fingered_fet_tlm_nmos_nf_4_lc_0.40_lch_0.16_lov_0.06_gateasym_0.00_w_4.0,200,19800.0,3,4000.0,4,160.0,400.0,60.0,0.0,None,None,"3-Terminal Fingered FETs NMOS Pads are ordered (from bottom-to-top): S, D, G, S, D, G, S, D, G, S, D, G"
'3020',FINGERED FET,mod_fingered_fet_tlm_pmos_nf_32_lc_0.40_lch_0.16_lov_0.06_gateasym_0.00_w_4.0,250,10080.0,3,4000.0,32,160.0,400.0,60.0,0.0,None,None,"3-Terminal Fingered FETs PMOS Pads are ordered (from bottom-to-top): S, D, G, S, D, G, S, D, G, S, D, G"
'3021',FINGERED FET,mod_fingered_fet_tlm_pmos_nf_16_lc_0.40_lch_0.16_lov_0.06_gateasym_0.00_w_4.0,250,13320.0,3,4000.0,16,160.0,400.0,60.0,0.0,None,None,"3-Terminal Fingered FETs PMOS Pads are ordered (from bottom-to-top): S, D, G, S, D, G, S, D, G, S, D, G"
'3022',FINGERED FET,mod_fingered_fet_tlm_pmos_nf_8_lc_0.40_lch_0.16_lov_0.06_gateasym_0.00_w_4.0,250,16560.0,3,4000.0,8,160.0,400.0,60.0,0.0,None,None,"3-Terminal Fingered FETs PMOS Pads are ordered (from bottom-to-top): S, D, G, S, D, G, S, D, G, S, D, G"
'3023',FINGERED FET,mod_fingered_fet_tlm_pmos_nf_4_lc_0.40_lch_0.16_lov_0.06_gateasym_0.00_w_4.0,250,19800.0,3,4000.0,4,160.0,400.0,60.0,0.0,None,None,"3-Terminal Fingered FETs PMOS Pads are ordered (from bottom-to-top): S, D, G, S, D, G, S, D, G, S, D, G"
'3024',FINGERED FET,mod_fingered_fet_tlm_nmos_nf_32_lc_0.40_lch_0.14_lov_0.06_gateasym_0.00_w_4.0,300,10080.0,3,4000.0,32,140.0,400.0,60.0,0.0,None,None,"3-Terminal Fingered FETs NMOS Pads are ordered (from bottom-to-top): S, D, G, S, D, G, S, D, G, S, D, G"
'3025',FINGERED FET,mod_fingered_fet_tlm_nmos_nf_16_lc_0.40_lch_0.14_lov_0.06_gateasym_0.00_w_4.0,300,13320.0,3,4000.0,16,140.0,400.0,60.0,0.0,None,None,"3-Terminal Fingered FETs NMOS Pads are ordered (from bottom-to-top): S, D, G, S, D, G, S, D, G, S, D, G"
'3026',FINGERED FET,mod_fingered_fet_tlm_nmos_nf_8_lc_0.40_lch_0.14_lov_0.06_gateasym_0.00_w_4.0,300,16560.0,3,4000.0,8,140.0,400.0,60.0,0.0,None,None,"3-Terminal Fingered FETs NMOS Pads are ordered (from bottom-to-top): S, D, G, S, D, G, S, D, G, S, D, G"
'3027',FINGERED FET,mod_fingered_fet_tlm_nmos_nf_4_lc_0.40_lch_0.14_lov_0.06_gateasym_0.00_w_4.0,300,19800.0,3,4000.0,4,140.0,400.0,60.0,0.0,None,None,"3-Terminal Fingered FETs NMOS Pads are ordered (from bottom-to-top): S, D, G, S, D, G, S, D, G, S, D, G"
'3028',FINGERED FET,mod_fingered_fet_tlm_pmos_nf_32_lc_0.40_lch_0.14_lov_0.06_gateasym_0.00_w_4.0,350,10080.0,3,4000.0,32,140.0,400.0,60.0,0.0,None,None,"3-Terminal Fingered FETs PMOS Pads are ordered (from bottom-to-top): S, D, G, S, D, G, S, D, G, S, D, G"
'3029',FINGERED FET,mod_fingered_fet_tlm_pmos_nf_16_lc_0.40_lch_0.14_lov_0.06_gateasym_0.00_w_4.0,350,13320.0,3,4000.0,16,140.0,400.0,60.0,0.0,None,None,"3-Terminal Fingered FETs PMOS Pads are ordered (from bottom-to-top): S, D, G, S, D, G, S, D, G, S, D, G"
'3030',FINGERED FET,mod_fingered_fet_tlm_pmos_nf_8_lc_0.40_lch_0.14_lov_0.06_gateasym_0.00_w_4.0,350,16560.0,3,4000.0,8,140.0,400.0,60.0,0.0,None,None,"3-Terminal Fingered FETs PMOS Pads are ordered (from bottom-to-top): S, D, G, S, D, G, S, D, G, S, D, G"
'3031',FINGERED FET,mod_fingered_fet_tlm_pmos_nf_4_lc_0.40_lch_0.14_lov_0.06_gateasym_0.00_w_4.0,350,19800.0,3,4000.0,4,140.0,400.0,60.0,0.0,None,None,"3-Terminal Fingered FETs PMOS Pads are ordered (from bottom-to-top): S, D, G, S, D, G, S, D, G, S, D, G"
'3032',FINGERED FET,mod_fingered_fet_tlm_nmos_nf_32_lc_0.40_lch_0.12_lov_0.06_gateasym_0.00_w_4.0,400,10080.0,3,4000.0,32,120.0,400.0,60.0,0.0,None,None,"3-Terminal Fingered FETs NMOS Pads are ordered (from bottom-to-top): S, D, G, S, D, G, S, D, G, S, D, G"
'3033',FINGERED FET,mod_fingered_fet_tlm_nmos_nf_16_lc_0.40_lch_0.12_lov_0.06_gateasym_0.00_w_4.0,400,13320.0,3,4000.0,16,120.0,400.0,60.0,0.0,None,None,"3-Terminal Fingered FETs NMOS Pads are ordered (from bottom-to-top): S, D, G, S, D, G, S, D, G, S, D, G"
'3034',FINGERED FET,mod_fingered_fet_tlm_nmos_nf_8_lc_0.40_lch_0.12_lov_0.06_gateasym_0.00_w_4.0,400,16560.0,3,4000.0,8,120.0,400.0,60.0,0.0,None,None,"3-Terminal Fingered FETs NMOS Pads are ordered (from bottom-to-top): S, D, G, S, D, G, S, D, G, S, D, G"
'3035',FINGERED FET,mod_fingered_fet_tlm_nmos_nf_4_lc_0.40_lch_0.12_lov_0.06_gateasym_0.00_w_4.0,400,19800.0,3,4000.0,4,120.0,400.0,60.0,0.0,None,None,"3-Terminal Fingered FETs NMOS Pads are ordered (from bottom-to-top): S, D, G, S, D, G, S, D, G, S, D, G"
'3036',FINGERED FET,mod_fingered_fet_tlm_pmos_nf_32_lc_0.40_lch_0.12_lov_0.06_gateasym_0.00_w_4.0,450,10080.0,3,4000.0,32,120.0,400.0,60.0,0.0,None,None,"3-Terminal Fingered FETs PMOS Pads are ordered (from bottom-to-top): S, D, G, S, D, G, S, D, G, S, D, G"
'3037',FINGERED FET,mod_fingered_fet_tlm_pmos_nf_16_lc_0.40_lch_0.12_lov_0.06_gateasym_0.00_w_4.0,450,13320.0,3,4000.0,16,120.0,400.0,60.0,0.0,None,None,"3-Terminal Fingered FETs PMOS Pads are ordered (from bottom-to-top): S, D, G, S, D, G, S, D, G, S, D, G"
'3038',FINGERED FET,mod_fingered_fet_tlm_pmos_nf_8_lc_0.40_lch_0.12_lov_0.06_gateasym_0.00_w_4.0,450,16560.0,3,4000.0,8,120.0,400.0,60.0,0.0,None,None,"3-Terminal Fingered FETs PMOS Pads are ordered (from bottom-to-top): S, D, G, S, D, G, S, D, G, S, D, G"
'3039',FINGERED FET,mod_fingered_fet_tlm_pmos_nf_4_lc_0.40_lch_0.12_lov_0.06_gateasym_0.00_w_4.0,450,19800.0,3,4000.0,4,120.0,400.0,60.0,0.0,None,None,"3-Terminal Fingered FETs PMOS Pads are ordered (from bottom-to-top): S, D, G, S, D, G, S, D, G, S, D, G"
'3040',FINGERED FET,mod_fingered_fet_tlm_nmos_nf_32_lc_0.40_lch_0.10_lov_0.06_gateasym_0.00_w_4.0,500,10080.0,3,4000.0,32,100.0,400.0,60.0,0.0,None,None,"3-Terminal Fingered FETs NMOS Pads are ordered (from bottom-to-top): S, D, G, S, D, G, S, D, G, S, D, G"
'3041',FINGERED FET,mod_fingered_fet_tlm_nmos_nf_16_lc_0.40_lch_0.10_lov_0.06_gateasym_0.00_w_4.0,500,13320.0,3,4000.0,16,100.0,400.0,60.0,0.0,None,None,"3-Terminal Fingered FETs NMOS Pads are ordered (from bottom-to-top): S, D, G, S, D, G, S, D, G, S, D, G"
'3042',FINGERED FET,mod_fingered_fet_tlm_nmos_nf_8_lc_0.40_lch_0.10_lov_0.06_gateasym_0.00_w_4.0,500,16560.0,3,4000.0,8,100.0,400.0,60.0,0.0,None,None,"3-Terminal Fingered FETs NMOS Pads are ordered (from bottom-to-top): S, D, G, S, D, G, S, D, G, S, D, G"
'3043',FINGERED FET,mod_fingered_fet_tlm_nmos_nf_4_lc_0.40_lch_0.10_lov_0.06_gateasym_0.00_w_4.0,500,19800.0,3,4000.0,4,100.0,400.0,60.0,0.0,None,None,"3-Terminal Fingered FETs NMOS Pads are ordered (from bottom-to-top): S, D, G, S, D, G, S, D, G, S, D, G"
'3044',FINGERED FET,mod_fingered_fet_tlm_pmos_nf_32_lc_0.40_lch_0.10_lov_0.06_gateasym_0.00_w_4.0,550,10080.0,3,4000.0,32,100.0,400.0,60.0,0.0,None,None,"3-Terminal Fingered FETs PMOS Pads are ordered (from bottom-to-top): S, D, G, S, D, G, S, D, G, S, D, G"
'3045',FINGERED FET,mod_fingered_fet_tlm_pmos_nf_16_lc_0.40_lch_0.10_lov_0.06_gateasym_0.00_w_4.0,550,13320.0,3,4000.0,16,100.0,400.0,60.0,0.0,None,None,"3-Terminal Fingered FETs PMOS Pads are ordered (from bottom-to-top): S, D, G, S, D, G, S, D, G, S, D, G"
'3046',FINGERED FET,mod_fingered_fet_tlm_pmos_nf_8_lc_0.40_lch_0.10_lov_0.06_gateasym_0.00_w_4.0,550,16560.0,3,4000.0,8,100.0,400.0,60.0,0.0,None,None,"3-Terminal Fingered FETs PMOS Pads are ordered (from bottom-to-top): S, D, G, S, D, G, S, D, G, S, D, G"
'3047',FINGERED FET,mod_fingered_fet_tlm_pmos_nf_4_lc_0.40_lch_0.10_lov_0.06_gateasym_0.00_w_4.0,550,19800.0,3,4000.0,4,100.0,400.0,60.0,0.0,None,None,"3-Terminal Fingered FETs PMOS Pads are ordered (from bottom-to-top): S, D, G, S, D, G, S, D, G, S, D, G"
'3048',FINGERED FET,mod_fingered_fet_tlm_nmos_nf_32_lc_0.40_lch_0.08_lov_0.06_gateasym_0.00_w_4.0,600,10080.0,3,4000.0,32,80.0,400.0,60.0,0.0,None,None,"3-Terminal Fingered FETs NMOS Pads are ordered (from bottom-to-top): S, D, G, S, D, G, S, D, G, S, D, G"
'3049',FINGERED FET,mod_fingered_fet_tlm_nmos_nf_16_lc_0.40_lch_0.08_lov_0.06_gateasym_0.00_w_4.0,600,13320.0,3,4000.0,16,80.0,400.0,60.0,0.0,None,None,"3-Terminal Fingered FETs NMOS Pads are ordered (from bottom-to-top): S, D, G, S, D, G, S, D, G, S, D, G"
'3050',FINGERED FET,mod_fingered_fet_tlm_nmos_nf_8_lc_0.40_lch_0.08_lov_0.06_gateasym_0.00_w_4.0,600,16560.0,3,4000.0,8,80.0,400.0,60.0,0.0,None,None,"3-Terminal Fingered FETs NMOS Pads are ordered (from bottom-to-top): S, D, G, S, D, G, S, D, G, S, D, G"
'3051',FINGERED FET,mod_fingered_fet_tlm_nmos_nf_4_lc_0.40_lch_0.08_lov_0.06_gateasym_0.00_w_4.0,600,19800.0,3,4000.0,4,80.0,400.0,60.0,0.0,None,None,"3-Terminal Fingered FETs NMOS Pads are ordered (from bottom-to-top): S, D, G, S, D, G, S, D, G, S, D, G"
'3052',FINGERED FET,mod_fingered_fet_tlm_pmos_nf_32_lc_0.40_lch_0.08_lov_0.06_gateasym_0.00_w_4.0,650,10080.0,3,4000.0,32,80.0,400.0,60.0,0.0,None,None,"3-Terminal Fingered FETs PMOS Pads are ordered (from bottom-to-top): S, D, G, S, D, G, S, D, G, S, D, G"
'3053',FINGERED FET,mod_fingered_fet_tlm_pmos_nf_16_lc_0.40_lch_0.08_lov_0.06_gateasym_0.00_w_4.0,650,13320.0,3,4000.0,16,80.0,400.0,60.0,0.0,None,None,"3-Terminal Fingered FETs PMOS Pads are ordered (from bottom-to-top): S, D, G, S, D, G, S, D, G, S, D, G"
'3054',FINGERED FET,mod_fingered_fet_tlm_pmos_nf_8_lc_0.40_lch_0.08_lov_0.06_gateasym_0.00_w_4.0,650,16560.0,3,4000.0,8,80.0,400.0,60.0,0.0,None,None,"3-Terminal Fingered FETs PMOS Pads are ordered (from bottom-to-top): S, D, G, S, D, G, S, D, G, S, D, G"
'3055',FINGERED FET,mod_fingered_fet_tlm_pmos_nf_4_lc_0.40_lch_0.08_lov_0.06_gateasym_0.00_w_4.0,650,19800.0,3,4000.0,4,80.0,400.0,60.0,0.0,None,None,"3-Terminal Fingered FETs PMOS Pads are ordered (from bottom-to-top): S, D, G, S, D, G, S, D, G, S, D, G"
'3056',FINGERED FET,mod_fingered_fet_tlm_nmos_nf_32_lc_0.40_lch_0.07_lov_0.06_gateasym_0.00_w_4.0,700,10080.0,3,4000.0,32,70.0,400.0,60.0,0.0,None,None,"3-Terminal Fingered FETs NMOS Pads are ordered (from bottom-to-top): S, D, G, S, D, G, S, D, G, S, D, G"
'3057',FINGERED FET,mod_fingered_fet_tlm_nmos_nf_16_lc_0.40_lch_0.07_lov_0.06_gateasym_0.00_w_4.0,700,13320.0,3,4000.0,16,70.0,400.0,60.0,0.0,None,None,"3-Terminal Fingered FETs NMOS Pads are ordered (from bottom-to-top): S, D, G, S, D, G, S, D, G, S, D, G"
'3058',FINGERED FET,mod_fingered_fet_tlm_nmos_nf_8_lc_0.40_lch_0.07_lov_0.06_gateasym_0.00_w_4.0,700,16560.0,3,4000.0,8,70.0,400.0,60.0,0.0,None,None,"3-Terminal Fingered FETs NMOS Pads are ordered (from bottom-to-top): S, D, G, S, D, G, S, D, G, S, D, G"
'3059',FINGERED FET,mod_fingered_fet_tlm_nmos_nf_4_lc_0.40_lch_0.07_lov_0.06_gateasym_0.00_w_4.0,700,19800.0,3,4000.0,4,70.0,400.0,60.0,0.0,None,None,"3-Terminal Fingered FETs NMOS Pads are ordered (from bottom-to-top): S, D, G, S, D, G, S, D, G, S, D, G"
'3060',FINGERED FET,mod_fingered_fet_tlm_pmos_nf_32_lc_0.40_lch_0.07_lov_0.06_gateasym_0.00_w_4.0,750,10080.0,3,4000.0,32,70.0,400.0,60.0,0.0,None,None,"3-Terminal Fingered FETs PMOS Pads are ordered (from bottom-to-top): S, D, G, S, D, G, S, D, G, S, D, G"
'3061',FINGERED FET,mod_fingered_fet_tlm_pmos_nf_16_lc_0.40_lch_0.07_lov_0.06_gateasym_0.00_w_4.0,750,13320.0,3,4000.0,16,70.0,400.0,60.0,0.0,None,None,"3-Terminal Fingered FETs PMOS Pads are ordered (from bottom-to-top): S, D, G, S, D, G, S, D, G, S, D, G"
'3062',FINGERED FET,mod_fingered_fet_tlm_pmos_nf_8_lc_0.40_lch_0.07_lov_0.06_gateasym_0.00_w_4.0,750,16560.0,3,4000.0,8,70.0,400.0,60.0,0.0,None,None,"3-Terminal Fingered FETs PMOS Pads are ordered (from bottom-to-top): S, D, G, S, D, G, S, D, G, S, D, G"
'3063',FINGERED FET,mod_fingered_fet_tlm_pmos_nf_4_lc_0.40_lch_0.07_lov_0.06_gateasym_0.00_w_4.0,750,19800.0,3,4000.0,4,70.0,400.0,60.0,0.0,None,None,"3-Terminal Fingered FETs PMOS Pads are ordered (from bottom-to-top): S, D, G, S, D, G, S, D, G, S, D, G"
'3064',FINGERED FET,mod_fingered_fet_tlm_nmos_nf_32_lc_0.40_lch_0.06_lov_0.06_gateasym_0.00_w_4.0,800,10080.0,3,4000.0,32,60.0,400.0,60.0,0.0,None,None,"3-Terminal Fingered FETs NMOS Pads are ordered (from bottom-to-top): S, D, G, S, D, G, S, D, G, S, D, G"
'3065',FINGERED FET,mod_fingered_fet_tlm_nmos_nf_16_lc_0.40_lch_0.06_lov_0.06_gateasym_0.00_w_4.0,800,13320.0,3,4000.0,16,60.0,400.0,60.0,0.0,None,None,"3-Terminal Fingered FETs NMOS Pads are ordered (from bottom-to-top): S, D, G, S, D, G, S, D, G, S, D, G"
'3066',FINGERED FET,mod_fingered_fet_tlm_nmos_nf_8_lc_0.40_lch_0.06_lov_0.06_gateasym_0.00_w_4.0,800,16560.0,3,4000.0,8,60.0,400.0,60.0,0.0,None,None,"3-Terminal Fingered FETs NMOS Pads are ordered (from bottom-to-top): S, D, G, S, D, G, S, D, G, S, D, G"
'3067',FINGERED FET,mod_fingered_fet_tlm_nmos_nf_4_lc_0.40_lch_0.06_lov_0.06_gateasym_0.00_w_4.0,800,19800.0,3,4000.0,4,60.0,400.0,60.0,0.0,None,None,"3-Terminal Fingered FETs NMOS Pads are ordered (from bottom-to-top): S, D, G, S, D, G, S, D, G, S, D, G"
'3068',FINGERED FET,mod_fingered_fet_tlm_pmos_nf_32_lc_0.40_lch_0.06_lov_0.06_gateasym_0.00_w_4.0,850,10080.0,3,4000.0,32,60.0,400.0,60.0,0.0,None,None,"3-Terminal Fingered FETs PMOS Pads are ordered (from bottom-to-top): S, D, G, S, D, G, S, D, G, S, D, G"
'3069',FINGERED FET,mod_fingered_fet_tlm_pmos_nf_16_lc_0.40_lch_0.06_lov_0.06_gateasym_0.00_w_4.0,850,13320.0,3,4000.0,16,60.0,400.0,60.0,0.0,None,None,"3-Terminal Fingered FETs PMOS Pads are ordered (from bottom-to-top): S, D, G, S, D, G, S, D, G, S, D, G"
'3070',FINGERED FET,mod_fingered_fet_tlm_pmos_nf_8_lc_0.40_lch_0.06_lov_0.06_gateasym_0.00_w_4.0,850,16560.0,3,4000.0,8,60.0,400.0,60.0,0.0,None,None,"3-Terminal Fingered FETs PMOS Pads are ordered (from bottom-to-top): S, D, G, S, D, G, S, D, G, S, D, G"
'3071',FINGERED FET,mod_fingered_fet_tlm_pmos_nf_4_lc_0.40_lch_0.06_lov_0.06_gateasym_0.00_w_4.0,850,19800.0,3,4000.0,4,60.0,400.0,60.0,0.0,None,None,"3-Terminal Fingered FETs PMOS Pads are ordered (from bottom-to-top): S, D, G, S, D, G, S, D, G, S, D, G"
'3072',FINGERED FET,mod_fingered_fet_tlm_nmos_nf_32_lc_0.28_lch_0.40_lov_0.06_gateasym_0.00_w_4.0,900,10080.0,3,4000.0,32,400.0,280.0,60.0,0.0,None,None,"3-Terminal Fingered FETs NMOS Pads are ordered (from bottom-to-top): S, D, G, S, D, G, S, D, G, S, D, G"
'3073',FINGERED FET,mod_fingered_fet_tlm_nmos_nf_16_lc_0.28_lch_0.40_lov_0.06_gateasym_0.00_w_4.0,900,13320.0,3,4000.0,16,400.0,280.0,60.0,0.0,None,None,"3-Terminal Fingered FETs NMOS Pads are ordered (from bottom-to-top): S, D, G, S, D, G, S, D, G, S, D, G"
'3074',FINGERED FET,mod_fingered_fet_tlm_nmos_nf_8_lc_0.28_lch_0.40_lov_0.06_gateasym_0.00_w_4.0,900,16560.0,3,4000.0,8,400.0,280.0,60.0,0.0,None,None,"3-Terminal Fingered FETs NMOS Pads are ordered (from bottom-to-top): S, D, G, S, D, G, S, D, G, S, D, G"
'3075',FINGERED FET,mod_fingered_fet_tlm_nmos_nf_4_lc_0.28_lch_0.40_lov_0.06_gateasym_0.00_w_4.0,900,19800.0,3,4000.0,4,400.0,280.0,60.0,0.0,None,None,"3-Terminal Fingered FETs NMOS Pads are ordered (from bottom-to-top): S, D, G, S, D, G, S, D, G, S, D, G"
'3076',FINGERED FET,mod_fingered_fet_tlm_pmos_nf_32_lc_0.28_lch_0.40_lov_0.06_gateasym_0.00_w_4.0,950,10080.0,3,4000.0,32,400.0,280.0,60.0,0.0,None,None,"3-Terminal Fingered FETs PMOS Pads are ordered (from bottom-to-top): S, D, G, S, D, G, S, D, G, S, D, G"
'3077',FINGERED FET,mod_fingered_fet_tlm_pmos_nf_16_lc_0.28_lch_0.40_lov_0.06_gateasym_0.00_w_4.0,950,13320.0,3,4000.0,16,400.0,280.0,60.0,0.0,None,None,"3-Terminal Fingered FETs PMOS Pads are ordered (from bottom-to-top): S, D, G, S, D, G, S, D, G, S, D, G"
'3078',FINGERED FET,mod_fingered_fet_tlm_pmos_nf_8_lc_0.28_lch_0.40_lov_0.06_gateasym_0.00_w_4.0,950,16560.0,3,4000.0,8,400.0,280.0,60.0,0.0,None,None,"3-Terminal Fingered FETs PMOS Pads are ordered (from bottom-to-top): S, D, G, S, D, G, S, D, G, S, D, G"
'3079',FINGERED FET,mod_fingered_fet_tlm_pmos_nf_4_lc_0.28_lch_0.40_lov_0.06_gateasym_0.00_w_4.0,950,19800.0,3,4000.0,4,400.0,280.0,60.0,0.0,None,None,"3-Terminal Fingered FETs PMOS Pads are ordered (from bottom-to-top): S, D, G, S, D, G, S, D, G, S, D, G"
'3080',FINGERED FET,mod_fingered_fet_tlm_nmos_nf_32_lc_0.28_lch_0.20_lov_0.06_gateasym_0.00_w_4.0,1000,10080.0,3,4000.0,32,200.0,280.0,60.0,0.0,None,None,"3-Terminal Fingered FETs NMOS Pads are ordered (from bottom-to-top): S, D, G, S, D, G, S, D, G, S, D, G"
'3081',FINGERED FET,mod_fingered_fet_tlm_nmos_nf_16_lc_0.28_lch_0.20_lov_0.06_gateasym_0.00_w_4.0,1000,13320.0,3,4000.0,16,200.0,280.0,60.0,0.0,None,None,"3-Terminal Fingered FETs NMOS Pads are ordered (from bottom-to-top): S, D, G, S, D, G, S, D, G, S, D, G"
'3082',FINGERED FET,mod_fingered_fet_tlm_nmos_nf_8_lc_0.28_lch_0.20_lov_0.06_gateasym_0.00_w_4.0,1000,16560.0,3,4000.0,8,200.0,280.0,60.0,0.0,None,None,"3-Terminal Fingered FETs NMOS Pads are ordered (from bottom-to-top): S, D, G, S, D, G, S, D, G, S, D, G"
'3083',FINGERED FET,mod_fingered_fet_tlm_nmos_nf_4_lc_0.28_lch_0.20_lov_0.06_gateasym_0.00_w_4.0,1000,19800.0,3,4000.0,4,200.0,280.0,60.0,0.0,None,None,"3-Terminal Fingered FETs NMOS Pads are ordered (from bottom-to-top): S, D, G, S, D, G, S, D, G, S, D, G"
'3084',FINGERED FET,mod_fingered_fet_tlm_pmos_nf_32_lc_0.28_lch_0.20_lov_0.06_gateasym_0.00_w_4.0,1050,10080.0,3,4000.0,32,200.0,280.0,60.0,0.0,None,None,"3-Terminal Fingered FETs PMOS Pads are ordered (from bottom-to-top): S, D, G, S, D, G, S, D, G, S, D, G"
'3085',FINGERED FET,mod_fingered_fet_tlm_pmos_nf_16_lc_0.28_lch_0.20_lov_0.06_gateasym_0.00_w_4.0,1050,13320.0,3,4000.0,16,200.0,280.0,60.0,0.0,None,None,"3-Terminal Fingered FETs PMOS Pads are ordered (from bottom-to-top): S, D, G, S, D, G, S, D, G, S, D, G"
'3086',FINGERED FET,mod_fingered_fet_tlm_pmos_nf_8_lc_0.28_lch_0.20_lov_0.06_gateasym_0.00_w_4.0,1050,16560.0,3,4000.0,8,200.0,280.0,60.0,0.0,None,None,"3-Terminal Fingered FETs PMOS Pads are ordered (from bottom-to-top): S, D, G, S, D, G, S, D, G, S, D, G"
'3087',FINGERED FET,mod_fingered_fet_tlm_pmos_nf_4_lc_0.28_lch_0.20_lov_0.06_gateasym_0.00_w_4.0,1050,19800.0,3,4000.0,4,200.0,280.0,60.0,0.0,None,None,"3-Terminal Fingered FETs PMOS Pads are ordered (from bottom-to-top): S, D, G, S, D, G, S, D, G, S, D, G"
'3088',FINGERED FET,mod_fingered_fet_tlm_nmos_nf_32_lc_0.28_lch_0.16_lov_0.06_gateasym_0.00_w_4.0,1100,10080.0,3,4000.0,32,160.0,280.0,60.0,0.0,None,None,"3-Terminal Fingered FETs NMOS Pads are ordered (from bottom-to-top): S, D, G, S, D, G, S, D, G, S, D, G"
'3089',FINGERED FET,mod_fingered_fet_tlm_nmos_nf_16_lc_0.28_lch_0.16_lov_0.06_gateasym_0.00_w_4.0,1100,13320.0,3,4000.0,16,160.0,280.0,60.0,0.0,None,None,"3-Terminal Fingered FETs NMOS Pads are ordered (from bottom-to-top): S, D, G, S, D, G, S, D, G, S, D, G"
'3090',FINGERED FET,mod_fingered_fet_tlm_nmos_nf_8_lc_0.28_lch_0.16_lov_0.06_gateasym_0.00_w_4.0,1100,16560.0,3,4000.0,8,160.0,280.0,60.0,0.0,None,None,"3-Terminal Fingered FETs NMOS Pads are ordered (from bottom-to-top): S, D, G, S, D, G, S, D, G, S, D, G"
'3091',FINGERED FET,mod_fingered_fet_tlm_nmos_nf_4_lc_0.28_lch_0.16_lov_0.06_gateasym_0.00_w_4.0,1100,19800.0,3,4000.0,4,160.0,280.0,60.0,0.0,None,None,"3-Terminal Fingered FETs NMOS Pads are ordered (from bottom-to-top): S, D, G, S, D, G, S, D, G, S, D, G"
'3092',FINGERED FET,mod_fingered_fet_tlm_pmos_nf_32_lc_0.28_lch_0.16_lov_0.06_gateasym_0.00_w_4.0,1150,10080.0,3,4000.0,32,160.0,280.0,60.0,0.0,None,None,"3-Terminal Fingered FETs PMOS Pads are ordered (from bottom-to-top): S, D, G, S, D, G, S, D, G, S, D, G"
'3093',FINGERED FET,mod_fingered_fet_tlm_pmos_nf_16_lc_0.28_lch_0.16_lov_0.06_gateasym_0.00_w_4.0,1150,13320.0,3,4000.0,16,160.0,280.0,60.0,0.0,None,None,"3-Terminal Fingered FETs PMOS Pads are ordered (from bottom-to-top): S, D, G, S, D, G, S, D, G, S, D, G"
'3094',FINGERED FET,mod_fingered_fet_tlm_pmos_nf_8_lc_0.28_lch_0.16_lov_0.06_gateasym_0.00_w_4.0,1150,16560.0,3,4000.0,8,160.0,280.0,60.0,0.0,None,None,"3-Terminal Fingered FETs PMOS Pads are ordered (from bottom-to-top): S, D, G, S, D, G, S, D, G, S, D, G"
'3095',FINGERED FET,mod_fingered_fet_tlm_pmos_nf_4_lc_0.28_lch_0.16_lov_0.06_gateasym_0.00_w_4.0,1150,19800.0,3,4000.0,4,160.0,280.0,60.0,0.0,None,None,"3-Terminal Fingered FETs PMOS Pads are ordered (from bottom-to-top): S, D, G, S, D, G, S, D, G, S, D, G"
'3096',FINGERED FET,mod_fingered_fet_tlm_nmos_nf_32_lc_0.28_lch_0.14_lov_0.06_gateasym_0.00_w_4.0,1200,10080.0,3,4000.0,32,140.0,280.0,60.0,0.0,None,None,"3-Terminal Fingered FETs NMOS Pads are ordered (from bottom-to-top): S, D, G, S, D, G, S, D, G, S, D, G"
'3097',FINGERED FET,mod_fingered_fet_tlm_nmos_nf_16_lc_0.28_lch_0.14_lov_0.06_gateasym_0.00_w_4.0,1200,13320.0,3,4000.0,16,140.0,280.0,60.0,0.0,None,None,"3-Terminal Fingered FETs NMOS Pads are ordered (from bottom-to-top): S, D, G, S, D, G, S, D, G, S, D, G"
'3098',FINGERED FET,mod_fingered_fet_tlm_nmos_nf_8_lc_0.28_lch_0.14_lov_0.06_gateasym_0.00_w_4.0,1200,16560.0,3,4000.0,8,140.0,280.0,60.0,0.0,None,None,"3-Terminal Fingered FETs NMOS Pads are ordered (from bottom-to-top): S, D, G, S, D, G, S, D, G, S, D, G"
'3099',FINGERED FET,mod_fingered_fet_tlm_nmos_nf_4_lc_0.28_lch_0.14_lov_0.06_gateasym_0.00_w_4.0,1200,19800.0,3,4000.0,4,140.0,280.0,60.0,0.0,None,None,"3-Terminal Fingered FETs NMOS Pads are ordered (from bottom-to-top): S, D, G, S, D, G, S, D, G, S, D, G"
'3100',FINGERED FET,mod_fingered_fet_tlm_pmos_nf_32_lc_0.28_lch_0.14_lov_0.06_gateasym_0.00_w_4.0,1250,10080.0,3,4000.0,32,140.0,280.0,60.0,0.0,None,None,"3-Terminal Fingered FETs PMOS Pads are ordered (from bottom-to-top): S, D, G, S, D, G, S, D, G, S, D, G"
'3101',FINGERED FET,mod_fingered_fet_tlm_pmos_nf_16_lc_0.28_lch_0.14_lov_0.06_gateasym_0.00_w_4.0,1250,13320.0,3,4000.0,16,140.0,280.0,60.0,0.0,None,None,"3-Terminal Fingered FETs PMOS Pads are ordered (from bottom-to-top): S, D, G, S, D, G, S, D, G, S, D, G"
'3102',FINGERED FET,mod_fingered_fet_tlm_pmos_nf_8_lc_0.28_lch_0.14_lov_0.06_gateasym_0.00_w_4.0,1250,16560.0,3,4000.0,8,140.0,280.0,60.0,0.0,None,None,"3-Terminal Fingered FETs PMOS Pads are ordered (from bottom-to-top): S, D, G, S, D, G, S, D, G, S, D, G"
'3103',FINGERED FET,mod_fingered_fet_tlm_pmos_nf_4_lc_0.28_lch_0.14_lov_0.06_gateasym_0.00_w_4.0,1250,19800.0,3,4000.0,4,140.0,280.0,60.0,0.0,None,None,"3-Terminal Fingered FETs PMOS Pads are ordered (from bottom-to-top): S, D, G, S, D, G, S, D, G, S, D, G"
'3104',FINGERED FET,mod_fingered_fet_tlm_nmos_nf_32_lc_0.28_lch_0.12_lov_0.06_gateasym_0.00_w_4.0,1300,10080.0,3,4000.0,32,120.0,280.0,60.0,0.0,None,None,"3-Terminal Fingered FETs NMOS Pads are ordered (from bottom-to-top): S, D, G, S, D, G, S, D, G, S, D, G"
'3105',FINGERED FET,mod_fingered_fet_tlm_nmos_nf_16_lc_0.28_lch_0.12_lov_0.06_gateasym_0.00_w_4.0,1300,13320.0,3,4000.0,16,120.0,280.0,60.0,0.0,None,None,"3-Terminal Fingered FETs NMOS Pads are ordered (from bottom-to-top): S, D, G, S, D, G, S, D, G, S, D, G"
'3106',FINGERED FET,mod_fingered_fet_tlm_nmos_nf_8_lc_0.28_lch_0.12_lov_0.06_gateasym_0.00_w_4.0,1300,16560.0,3,4000.0,8,120.0,280.0,60.0,0.0,None,None,"3-Terminal Fingered FETs NMOS Pads are ordered (from bottom-to-top): S, D, G, S, D, G, S, D, G, S, D, G"
'3107',FINGERED FET,mod_fingered_fet_tlm_nmos_nf_4_lc_0.28_lch_0.12_lov_0.06_gateasym_0.00_w_4.0,1300,19800.0,3,4000.0,4,120.0,280.0,60.0,0.0,None,None,"3-Terminal Fingered FETs NMOS Pads are ordered (from bottom-to-top): S, D, G, S, D, G, S, D, G, S, D, G"
'3108',FINGERED FET,mod_fingered_fet_tlm_pmos_nf_32_lc_0.28_lch_0.12_lov_0.06_gateasym_0.00_w_4.0,1350,10080.0,3,4000.0,32,120.0,280.0,60.0,0.0,None,None,"3-Terminal Fingered FETs PMOS Pads are ordered (from bottom-to-top): S, D, G, S, D, G, S, D, G, S, D, G"
'3109',FINGERED FET,mod_fingered_fet_tlm_pmos_nf_16_lc_0.28_lch_0.12_lov_0.06_gateasym_0.00_w_4.0,1350,13320.0,3,4000.0,16,120.0,280.0,60.0,0.0,None,None,"3-Terminal Fingered FETs PMOS Pads are ordered (from bottom-to-top): S, D, G, S, D, G, S, D, G, S, D, G"
'3110',FINGERED FET,mod_fingered_fet_tlm_pmos_nf_8_lc_0.28_lch_0.12_lov_0.06_gateasym_0.00_w_4.0,1350,16560.0,3,4000.0,8,120.0,280.0,60.0,0.0,None,None,"3-Terminal Fingered FETs PMOS Pads are ordered (from bottom-to-top): S, D, G, S, D, G, S, D, G, S, D, G"
'3111',FINGERED FET,mod_fingered_fet_tlm_pmos_nf_4_lc_0.28_lch_0.12_lov_0.06_gateasym_0.00_w_4.0,1350,19800.0,3,4000.0,4,120.0,280.0,60.0,0.0,None,None,"3-Terminal Fingered FETs PMOS Pads are ordered (from bottom-to-top): S, D, G, S, D, G, S, D, G, S, D, G"
'3112',FINGERED FET,mod_fingered_fet_tlm_nmos_nf_32_lc_0.28_lch_0.10_lov_0.06_gateasym_0.00_w_4.0,1400,10080.0,3,4000.0,32,100.0,280.0,60.0,0.0,None,None,"3-Terminal Fingered FETs NMOS Pads are ordered (from bottom-to-top): S, D, G, S, D, G, S, D, G, S, D, G"
'3113',FINGERED FET,mod_fingered_fet_tlm_nmos_nf_16_lc_0.28_lch_0.10_lov_0.06_gateasym_0.00_w_4.0,1400,13320.0,3,4000.0,16,100.0,280.0,60.0,0.0,None,None,"3-Terminal Fingered FETs NMOS Pads are ordered (from bottom-to-top): S, D, G, S, D, G, S, D, G, S, D, G"
'3114',FINGERED FET,mod_fingered_fet_tlm_nmos_nf_8_lc_0.28_lch_0.10_lov_0.06_gateasym_0.00_w_4.0,1400,16560.0,3,4000.0,8,100.0,280.0,60.0,0.0,None,None,"3-Terminal Fingered FETs NMOS Pads are ordered (from bottom-to-top): S, D, G, S, D, G, S, D, G, S, D, G"
'3115',FINGERED FET,mod_fingered_fet_tlm_nmos_nf_4_lc_0.28_lch_0.10_lov_0.06_gateasym_0.00_w_4.0,1400,19800.0,3,4000.0,4,100.0,280.0,60.0,0.0,None,None,"3-Terminal Fingered FETs NMOS Pads are ordered (from bottom-to-top): S, D, G, S, D, G, S, D, G, S, D, G"
'3116',FINGERED FET,mod_fingered_fet_tlm_pmos_nf_32_lc_0.28_lch_0.10_lov_0.06_gateasym_0.00_w_4.0,1450,10080.0,3,4000.0,32,100.0,280.0,60.0,0.0,None,None,"3-Terminal Fingered FETs PMOS Pads are ordered (from bottom-to-top): S, D, G, S, D, G, S, D, G, S, D, G"
'3117',FINGERED FET,mod_fingered_fet_tlm_pmos_nf_16_lc_0.28_lch_0.10_lov_0.06_gateasym_0.00_w_4.0,1450,13320.0,3,4000.0,16,100.0,280.0,60.0,0.0,None,None,"3-Terminal Fingered FETs PMOS Pads are ordered (from bottom-to-top): S, D, G, S, D, G, S, D, G, S, D, G"
'3118',FINGERED FET,mod_fingered_fet_tlm_pmos_nf_8_lc_0.28_lch_0.10_lov_0.06_gateasym_0.00_w_4.0,1450,16560.0,3,4000.0,8,100.0,280.0,60.0,0.0,None,None,"3-Terminal Fingered FETs PMOS Pads are ordered (from bottom-to-top): S, D, G, S, D, G, S, D, G, S, D, G"
'3119',FINGERED FET,mod_fingered_fet_tlm_pmos_nf_4_lc_0.28_lch_0.10_lov_0.06_gateasym_0.00_w_4.0,1450,19800.0,3,4000.0,4,100.0,280.0,60.0,0.0,None,None,"3-Terminal Fingered FETs PMOS Pads are ordered (from bottom-to-top): S, D, G, S, D, G, S, D, G, S, D, G"
'3120',FINGERED FET,mod_fingered_fet_tlm_nmos_nf_32_lc_0.28_lch_0.08_lov_0.06_gateasym_0.00_w_4.0,1500,10080.0,3,4000.0,32,80.0,280.0,60.0,0.0,None,None,"3-Terminal Fingered FETs NMOS Pads are ordered (from bottom-to-top): S, D, G, S, D, G, S, D, G, S, D, G"
'3121',FINGERED FET,mod_fingered_fet_tlm_nmos_nf_16_lc_0.28_lch_0.08_lov_0.06_gateasym_0.00_w_4.0,1500,13320.0,3,4000.0,16,80.0,280.0,60.0,0.0,None,None,"3-Terminal Fingered FETs NMOS Pads are ordered (from bottom-to-top): S, D, G, S, D, G, S, D, G, S, D, G"
'3122',FINGERED FET,mod_fingered_fet_tlm_nmos_nf_8_lc_0.28_lch_0.08_lov_0.06_gateasym_0.00_w_4.0,1500,16560.0,3,4000.0,8,80.0,280.0,60.0,0.0,None,None,"3-Terminal Fingered FETs NMOS Pads are ordered (from bottom-to-top): S, D, G, S, D, G, S, D, G, S, D, G"
'3123',FINGERED FET,mod_fingered_fet_tlm_nmos_nf_4_lc_0.28_lch_0.08_lov_0.06_gateasym_0.00_w_4.0,1500,19800.0,3,4000.0,4,80.0,280.0,60.0,0.0,None,None,"3-Terminal Fingered FETs NMOS Pads are ordered (from bottom-to-top): S, D, G, S, D, G, S, D, G, S, D, G"
'3124',FINGERED FET,mod_fingered_fet_tlm_pmos_nf_32_lc_0.28_lch_0.08_lov_0.06_gateasym_0.00_w_4.0,1550,10080.0,3,4000.0,32,80.0,280.0,60.0,0.0,None,None,"3-Terminal Fingered FETs PMOS Pads are ordered (from bottom-to-top): S, D, G, S, D, G, S, D, G, S, D, G"
'3125',FINGERED FET,mod_fingered_fet_tlm_pmos_nf_16_lc_0.28_lch_0.08_lov_0.06_gateasym_0.00_w_4.0,1550,13320.0,3,4000.0,16,80.0,280.0,60.0,0.0,None,None,"3-Terminal Fingered FETs PMOS Pads are ordered (from bottom-to-top): S, D, G, S, D, G, S, D, G, S, D, G"
'3126',FINGERED FET,mod_fingered_fet_tlm_pmos_nf_8_lc_0.28_lch_0.08_lov_0.06_gateasym_0.00_w_4.0,1550,16560.0,3,4000.0,8,80.0,280.0,60.0,0.0,None,None,"3-Terminal Fingered FETs PMOS Pads are ordered (from bottom-to-top): S, D, G, S, D, G, S, D, G, S, D, G"
'3127',FINGERED FET,mod_fingered_fet_tlm_pmos_nf_4_lc_0.28_lch_0.08_lov_0.06_gateasym_0.00_w_4.0,1550,19800.0,3,4000.0,4,80.0,280.0,60.0,0.0,None,None,"3-Terminal Fingered FETs PMOS Pads are ordered (from bottom-to-top): S, D, G, S, D, G, S, D, G, S, D, G"
'3128',FINGERED FET,mod_fingered_fet_tlm_nmos_nf_32_lc_0.28_lch_0.07_lov_0.06_gateasym_0.00_w_4.0,1600,10080.0,3,4000.0,32,70.0,280.0,60.0,0.0,None,None,"3-Terminal Fingered FETs NMOS Pads are ordered (from bottom-to-top): S, D, G, S, D, G, S, D, G, S, D, G"
'3129',FINGERED FET,mod_fingered_fet_tlm_nmos_nf_16_lc_0.28_lch_0.07_lov_0.06_gateasym_0.00_w_4.0,1600,13320.0,3,4000.0,16,70.0,280.0,60.0,0.0,None,None,"3-Terminal Fingered FETs NMOS Pads are ordered (from bottom-to-top): S, D, G, S, D, G, S, D, G, S, D, G"
'3130',FINGERED FET,mod_fingered_fet_tlm_nmos_nf_8_lc_0.28_lch_0.07_lov_0.06_gateasym_0.00_w_4.0,1600,16560.0,3,4000.0,8,70.0,280.0,60.0,0.0,None,None,"3-Terminal Fingered FETs NMOS Pads are ordered (from bottom-to-top): S, D, G, S, D, G, S, D, G, S, D, G"
'3131',FINGERED FET,mod_fingered_fet_tlm_nmos_nf_4_lc_0.28_lch_0.07_lov_0.06_gateasym_0.00_w_4.0,1600,19800.0,3,4000.0,4,70.0,280.0,60.0,0.0,None,None,"3-Terminal Fingered FETs NMOS Pads are ordered (from bottom-to-top): S, D, G, S, D, G, S, D, G, S, D, G"
'3132',FINGERED FET,mod_fingered_fet_tlm_pmos_nf_32_lc_0.28_lch_0.07_lov_0.06_gateasym_0.00_w_4.0,1650,10080.0,3,4000.0,32,70.0,280.0,60.0,0.0,None,None,"3-Terminal Fingered FETs PMOS Pads are ordered (from bottom-to-top): S, D, G, S, D, G, S, D, G, S, D, G"
'3133',FINGERED FET,mod_fingered_fet_tlm_pmos_nf_16_lc_0.28_lch_0.07_lov_0.06_gateasym_0.00_w_4.0,1650,13320.0,3,4000.0,16,70.0,280.0,60.0,0.0,None,None,"3-Terminal Fingered FETs PMOS Pads are ordered (from bottom-to-top): S, D, G, S, D, G, S, D, G, S, D, G"
'3134',FINGERED FET,mod_fingered_fet_tlm_pmos_nf_8_lc_0.28_lch_0.07_lov_0.06_gateasym_0.00_w_4.0,1650,16560.0,3,4000.0,8,70.0,280.0,60.0,0.0,None,None,"3-Terminal Fingered FETs PMOS Pads are ordered (from bottom-to-top): S, D, G, S, D, G, S, D, G, S, D, G"
'3135',FINGERED FET,mod_fingered_fet_tlm_pmos_nf_4_lc_0.28_lch_0.07_lov_0.06_gateasym_0.00_w_4.0,1650,19800.0,3,4000.0,4,70.0,280.0,60.0,0.0,None,None,"3-Terminal Fingered FETs PMOS Pads are ordered (from bottom-to-top): S, D, G, S, D, G, S, D, G, S, D, G"
'3136',FINGERED FET,mod_fingered_fet_tlm_nmos_nf_32_lc_0.28_lch_0.06_lov_0.06_gateasym_0.00_w_4.0,1700,10080.0,3,4000.0,32,60.0,280.0,60.0,0.0,None,None,"3-Terminal Fingered FETs NMOS Pads are ordered (from bottom-to-top): S, D, G, S, D, G, S, D, G, S, D, G"
'3137',FINGERED FET,mod_fingered_fet_tlm_nmos_nf_16_lc_0.28_lch_0.06_lov_0.06_gateasym_0.00_w_4.0,1700,13320.0,3,4000.0,16,60.0,280.0,60.0,0.0,None,None,"3-Terminal Fingered FETs NMOS Pads are ordered (from bottom-to-top): S, D, G, S, D, G, S, D, G, S, D, G"
'3138',FINGERED FET,mod_fingered_fet_tlm_nmos_nf_8_lc_0.28_lch_0.06_lov_0.06_gateasym_0.00_w_4.0,1700,16560.0,3,4000.0,8,60.0,280.0,60.0,0.0,None,None,"3-Terminal Fingered FETs NMOS Pads are ordered (from bottom-to-top): S, D, G, S, D, G, S, D, G, S, D, G"
'3139',FINGERED FET,mod_fingered_fet_tlm_nmos_nf_4_lc_0.28_lch_0.06_lov_0.06_gateasym_0.00_w_4.0,1700,19800.0,3,4000.0,4,60.0,280.0,60.0,0.0,None,None,"3-Terminal Fingered FETs NMOS Pads are ordered (from bottom-to-top): S, D, G, S, D, G, S, D, G, S, D, G"
'3140',FINGERED FET,mod_fingered_fet_tlm_pmos_nf_32_lc_0.28_lch_0.06_lov_0.06_gateasym_0.00_w_4.0,1750,10080.0,3,4000.0,32,60.0,280.0,60.0,0.0,None,None,"3-Terminal Fingered FETs PMOS Pads are ordered (from bottom-to-top): S, D, G, S, D, G, S, D, G, S, D, G"
'3141',FINGERED FET,mod_fingered_fet_tlm_pmos_nf_16_lc_0.28_lch_0.06_lov_0.06_gateasym_0.00_w_4.0,1750,13320.0,3,4000.0,16,60.0,280.0,60.0,0.0,None,None,"3-Terminal Fingered FETs PMOS Pads are ordered (from bottom-to-top): S, D, G, S, D, G, S, D, G, S, D, G"
'3142',FINGERED FET,mod_fingered_fet_tlm_pmos_nf_8_lc_0.28_lch_0.06_lov_0.06_gateasym_0.00_w_4.0,1750,16560.0,3,4000.0,8,60.0,280.0,60.0,0.0,None,None,"3-Terminal Fingered FETs PMOS Pads are ordered (from bottom-to-top): S, D, G, S, D, G, S, D, G, S, D, G"
'3143',FINGERED FET,mod_fingered_fet_tlm_pmos_nf_4_lc_0.28_lch_0.06_lov_0.06_gateasym_0.00_w_4.0,1750,19800.0,3,4000.0,4,60.0,280.0,60.0,0.0,None,None,"3-Terminal Fingered FETs PMOS Pads are ordered (from bottom-to-top): S, D, G, S, D, G, S, D, G, S, D, G"
'3144',FINGERED FET,mod_fingered_fet_tlm_nmos_nf_32_lc_0.26_lch_0.40_lov_0.06_gateasym_0.00_w_4.0,1800,10080.0,3,4000.0,32,400.0,260.0,60.0,0.0,None,None,"3-Terminal Fingered FETs NMOS Pads are ordered (from bottom-to-top): S, D, G, S, D, G, S, D, G, S, D, G"
'3145',FINGERED FET,mod_fingered_fet_tlm_nmos_nf_16_lc_0.26_lch_0.40_lov_0.06_gateasym_0.00_w_4.0,1800,13320.0,3,4000.0,16,400.0,260.0,60.0,0.0,None,None,"3-Terminal Fingered FETs NMOS Pads are ordered (from bottom-to-top): S, D, G, S, D, G, S, D, G, S, D, G"
'3146',FINGERED FET,mod_fingered_fet_tlm_nmos_nf_8_lc_0.26_lch_0.40_lov_0.06_gateasym_0.00_w_4.0,1800,16560.0,3,4000.0,8,400.0,260.0,60.0,0.0,None,None,"3-Terminal Fingered FETs NMOS Pads are ordered (from bottom-to-top): S, D, G, S, D, G, S, D, G, S, D, G"
'3147',FINGERED FET,mod_fingered_fet_tlm_nmos_nf_4_lc_0.26_lch_0.40_lov_0.06_gateasym_0.00_w_4.0,1800,19800.0,3,4000.0,4,400.0,260.0,60.0,0.0,None,None,"3-Terminal Fingered FETs NMOS Pads are ordered (from bottom-to-top): S, D, G, S, D, G, S, D, G, S, D, G"
'3148',FINGERED FET,mod_fingered_fet_tlm_pmos_nf_32_lc_0.26_lch_0.40_lov_0.06_gateasym_0.00_w_4.0,1850,10080.0,3,4000.0,32,400.0,260.0,60.0,0.0,None,None,"3-Terminal Fingered FETs PMOS Pads are ordered (from bottom-to-top): S, D, G, S, D, G, S, D, G, S, D, G"
'3149',FINGERED FET,mod_fingered_fet_tlm_pmos_nf_16_lc_0.26_lch_0.40_lov_0.06_gateasym_0.00_w_4.0,1850,13320.0,3,4000.0,16,400.0,260.0,60.0,0.0,None,None,"3-Terminal Fingered FETs PMOS Pads are ordered (from bottom-to-top): S, D, G, S, D, G, S, D, G, S, D, G"
'3150',FINGERED FET,mod_fingered_fet_tlm_pmos_nf_8_lc_0.26_lch_0.40_lov_0.06_gateasym_0.00_w_4.0,1850,16560.0,3,4000.0,8,400.0,260.0,60.0,0.0,None,None,"3-Terminal Fingered FETs PMOS Pads are ordered (from bottom-to-top): S, D, G, S, D, G, S, D, G, S, D, G"
'3151',FINGERED FET,mod_fingered_fet_tlm_pmos_nf_4_lc_0.26_lch_0.40_lov_0.06_gateasym_0.00_w_4.0,1850,19800.0,3,4000.0,4,400.0,260.0,60.0,0.0,None,None,"3-Terminal Fingered FETs PMOS Pads are ordered (from bottom-to-top): S, D, G, S, D, G, S, D, G, S, D, G"
'3152',FINGERED FET,mod_fingered_fet_tlm_nmos_nf_32_lc_0.26_lch_0.20_lov_0.06_gateasym_0.00_w_4.0,1900,10080.0,3,4000.0,32,200.0,260.0,60.0,0.0,None,None,"3-Terminal Fingered FETs NMOS Pads are ordered (from bottom-to-top): S, D, G, S, D, G, S, D, G, S, D, G"
'3153',FINGERED FET,mod_fingered_fet_tlm_nmos_nf_16_lc_0.26_lch_0.20_lov_0.06_gateasym_0.00_w_4.0,1900,13320.0,3,4000.0,16,200.0,260.0,60.0,0.0,None,None,"3-Terminal Fingered FETs NMOS Pads are ordered (from bottom-to-top): S, D, G, S, D, G, S, D, G, S, D, G"
'3154',FINGERED FET,mod_fingered_fet_tlm_nmos_nf_8_lc_0.26_lch_0.20_lov_0.06_gateasym_0.00_w_4.0,1900,16560.0,3,4000.0,8,200.0,260.0,60.0,0.0,None,None,"3-Terminal Fingered FETs NMOS Pads are ordered (from bottom-to-top): S, D, G, S, D, G, S, D, G, S, D, G"
'3155',FINGERED FET,mod_fingered_fet_tlm_nmos_nf_4_lc_0.26_lch_0.20_lov_0.06_gateasym_0.00_w_4.0,1900,19800.0,3,4000.0,4,200.0,260.0,60.0,0.0,None,None,"3-Terminal Fingered FETs NMOS Pads are ordered (from bottom-to-top): S, D, G, S, D, G, S, D, G, S, D, G"
'3156',FINGERED FET,mod_fingered_fet_tlm_pmos_nf_32_lc_0.26_lch_0.20_lov_0.06_gateasym_0.00_w_4.0,1950,10080.0,3,4000.0,32,200.0,260.0,60.0,0.0,None,None,"3-Terminal Fingered FETs PMOS Pads are ordered (from bottom-to-top): S, D, G, S, D, G, S, D, G, S, D, G"
'3157',FINGERED FET,mod_fingered_fet_tlm_pmos_nf_16_lc_0.26_lch_0.20_lov_0.06_gateasym_0.00_w_4.0,1950,13320.0,3,4000.0,16,200.0,260.0,60.0,0.0,None,None,"3-Terminal Fingered FETs PMOS Pads are ordered (from bottom-to-top): S, D, G, S, D, G, S, D, G, S, D, G"
'3158',FINGERED FET,mod_fingered_fet_tlm_pmos_nf_8_lc_0.26_lch_0.20_lov_0.06_gateasym_0.00_w_4.0,1950,16560.0,3,4000.0,8,200.0,260.0,60.0,0.0,None,None,"3-Terminal Fingered FETs PMOS Pads are ordered (from bottom-to-top): S, D, G, S, D, G, S, D, G, S, D, G"
'3159',FINGERED FET,mod_fingered_fet_tlm_pmos_nf_4_lc_0.26_lch_0.20_lov_0.06_gateasym_0.00_w_4.0,1950,19800.0,3,4000.0,4,200.0,260.0,60.0,0.0,None,None,"3-Terminal Fingered FETs PMOS Pads are ordered (from bottom-to-top): S, D, G, S, D, G, S, D, G, S, D, G"
'3160',FINGERED FET,mod_fingered_fet_tlm_nmos_nf_32_lc_0.26_lch_0.16_lov_0.06_gateasym_0.00_w_4.0,2000,10080.0,3,4000.0,32,160.0,260.0,60.0,0.0,None,None,"3-Terminal Fingered FETs NMOS Pads are ordered (from bottom-to-top): S, D, G, S, D, G, S, D, G, S, D, G"
'3161',FINGERED FET,mod_fingered_fet_tlm_nmos_nf_16_lc_0.26_lch_0.16_lov_0.06_gateasym_0.00_w_4.0,2000,13320.0,3,4000.0,16,160.0,260.0,60.0,0.0,None,None,"3-Terminal Fingered FETs NMOS Pads are ordered (from bottom-to-top): S, D, G, S, D, G, S, D, G, S, D, G"
'3162',FINGERED FET,mod_fingered_fet_tlm_nmos_nf_8_lc_0.26_lch_0.16_lov_0.06_gateasym_0.00_w_4.0,2000,16560.0,3,4000.0,8,160.0,260.0,60.0,0.0,None,None,"3-Terminal Fingered FETs NMOS Pads are ordered (from bottom-to-top): S, D, G, S, D, G, S, D, G, S, D, G"
'3163',FINGERED FET,mod_fingered_fet_tlm_nmos_nf_4_lc_0.26_lch_0.16_lov_0.06_gateasym_0.00_w_4.0,2000,19800.0,3,4000.0,4,160.0,260.0,60.0,0.0,None,None,"3-Terminal Fingered FETs NMOS Pads are ordered (from bottom-to-top): S, D, G, S, D, G, S, D, G, S, D, G"
'3164',FINGERED FET,mod_fingered_fet_tlm_pmos_nf_32_lc_0.26_lch_0.16_lov_0.06_gateasym_0.00_w_4.0,2050,10080.0,3,4000.0,32,160.0,260.0,60.0,0.0,None,None,"3-Terminal Fingered FETs PMOS Pads are ordered (from bottom-to-top): S, D, G, S, D, G, S, D, G, S, D, G"
'3165',FINGERED FET,mod_fingered_fet_tlm_pmos_nf_16_lc_0.26_lch_0.16_lov_0.06_gateasym_0.00_w_4.0,2050,13320.0,3,4000.0,16,160.0,260.0,60.0,0.0,None,None,"3-Terminal Fingered FETs PMOS Pads are ordered (from bottom-to-top): S, D, G, S, D, G, S, D, G, S, D, G"
'3166',FINGERED FET,mod_fingered_fet_tlm_pmos_nf_8_lc_0.26_lch_0.16_lov_0.06_gateasym_0.00_w_4.0,2050,16560.0,3,4000.0,8,160.0,260.0,60.0,0.0,None,None,"3-Terminal Fingered FETs PMOS Pads are ordered (from bottom-to-top): S, D, G, S, D, G, S, D, G, S, D, G"
'3167',FINGERED FET,mod_fingered_fet_tlm_pmos_nf_4_lc_0.26_lch_0.16_lov_0.06_gateasym_0.00_w_4.0,2050,19800.0,3,4000.0,4,160.0,260.0,60.0,0.0,None,None,"3-Terminal Fingered FETs PMOS Pads are ordered (from bottom-to-top): S, D, G, S, D, G, S, D, G, S, D, G"
'3168',FINGERED FET,mod_fingered_fet_tlm_nmos_nf_32_lc_0.26_lch_0.14_lov_0.06_gateasym_0.00_w_4.0,2100,10080.0,3,4000.0,32,140.0,260.0,60.0,0.0,None,None,"3-Terminal Fingered FETs NMOS Pads are ordered (from bottom-to-top): S, D, G, S, D, G, S, D, G, S, D, G"
'3169',FINGERED FET,mod_fingered_fet_tlm_nmos_nf_16_lc_0.26_lch_0.14_lov_0.06_gateasym_0.00_w_4.0,2100,13320.0,3,4000.0,16,140.0,260.0,60.0,0.0,None,None,"3-Terminal Fingered FETs NMOS Pads are ordered (from bottom-to-top): S, D, G, S, D, G, S, D, G, S, D, G"
'3170',FINGERED FET,mod_fingered_fet_tlm_nmos_nf_8_lc_0.26_lch_0.14_lov_0.06_gateasym_0.00_w_4.0,2100,16560.0,3,4000.0,8,140.0,260.0,60.0,0.0,None,None,"3-Terminal Fingered FETs NMOS Pads are ordered (from bottom-to-top): S, D, G, S, D, G, S, D, G, S, D, G"
'3171',FINGERED FET,mod_fingered_fet_tlm_nmos_nf_4_lc_0.26_lch_0.14_lov_0.06_gateasym_0.00_w_4.0,2100,19800.0,3,4000.0,4,140.0,260.0,60.0,0.0,None,None,"3-Terminal Fingered FETs NMOS Pads are ordered (from bottom-to-top): S, D, G, S, D, G, S, D, G, S, D, G"
'3172',FINGERED FET,mod_fingered_fet_tlm_pmos_nf_32_lc_0.26_lch_0.14_lov_0.06_gateasym_0.00_w_4.0,2150,10080.0,3,4000.0,32,140.0,260.0,60.0,0.0,None,None,"3-Terminal Fingered FETs PMOS Pads are ordered (from bottom-to-top): S, D, G, S, D, G, S, D, G, S, D, G"
'3173',FINGERED FET,mod_fingered_fet_tlm_pmos_nf_16_lc_0.26_lch_0.14_lov_0.06_gateasym_0.00_w_4.0,2150,13320.0,3,4000.0,16,140.0,260.0,60.0,0.0,None,None,"3-Terminal Fingered FETs PMOS Pads are ordered (from bottom-to-top): S, D, G, S, D, G, S, D, G, S, D, G"
'3174',FINGERED FET,mod_fingered_fet_tlm_pmos_nf_8_lc_0.26_lch_0.14_lov_0.06_gateasym_0.00_w_4.0,2150,16560.0,3,4000.0,8,140.0,260.0,60.0,0.0,None,None,"3-Terminal Fingered FETs PMOS Pads are ordered (from bottom-to-top): S, D, G, S, D, G, S, D, G, S, D, G"
'3175',FINGERED FET,mod_fingered_fet_tlm_pmos_nf_4_lc_0.26_lch_0.14_lov_0.06_gateasym_0.00_w_4.0,2150,19800.0,3,4000.0,4,140.0,260.0,60.0,0.0,None,None,"3-Terminal Fingered FETs PMOS Pads are ordered (from bottom-to-top): S, D, G, S, D, G, S, D, G, S, D, G"
'3176',FINGERED FET,mod_fingered_fet_tlm_nmos_nf_32_lc_0.26_lch_0.12_lov_0.06_gateasym_0.00_w_4.0,2200,10080.0,3,4000.0,32,120.0,260.0,60.0,0.0,None,None,"3-Terminal Fingered FETs NMOS Pads are ordered (from bottom-to-top): S, D, G, S, D, G, S, D, G, S, D, G"
'3177',FINGERED FET,mod_fingered_fet_tlm_nmos_nf_16_lc_0.26_lch_0.12_lov_0.06_gateasym_0.00_w_4.0,2200,13320.0,3,4000.0,16,120.0,260.0,60.0,0.0,None,None,"3-Terminal Fingered FETs NMOS Pads are ordered (from bottom-to-top): S, D, G, S, D, G, S, D, G, S, D, G"
'3178',FINGERED FET,mod_fingered_fet_tlm_nmos_nf_8_lc_0.26_lch_0.12_lov_0.06_gateasym_0.00_w_4.0,2200,16560.0,3,4000.0,8,120.0,260.0,60.0,0.0,None,None,"3-Terminal Fingered FETs NMOS Pads are ordered (from bottom-to-top): S, D, G, S, D, G, S, D, G, S, D, G"
'3179',FINGERED FET,mod_fingered_fet_tlm_nmos_nf_4_lc_0.26_lch_0.12_lov_0.06_gateasym_0.00_w_4.0,2200,19800.0,3,4000.0,4,120.0,260.0,60.0,0.0,None,None,"3-Terminal Fingered FETs NMOS Pads are ordered (from bottom-to-top): S, D, G, S, D, G, S, D, G, S, D, G"
'3180',FINGERED FET,mod_fingered_fet_tlm_pmos_nf_32_lc_0.26_lch_0.12_lov_0.06_gateasym_0.00_w_4.0,2250,10080.0,3,4000.0,32,120.0,260.0,60.0,0.0,None,None,"3-Terminal Fingered FETs PMOS Pads are ordered (from bottom-to-top): S, D, G, S, D, G, S, D, G, S, D, G"
'3181',FINGERED FET,mod_fingered_fet_tlm_pmos_nf_16_lc_0.26_lch_0.12_lov_0.06_gateasym_0.00_w_4.0,2250,13320.0,3,4000.0,16,120.0,260.0,60.0,0.0,None,None,"3-Terminal Fingered FETs PMOS Pads are ordered (from bottom-to-top): S, D, G, S, D, G, S, D, G, S, D, G"
'3182',FINGERED FET,mod_fingered_fet_tlm_pmos_nf_8_lc_0.26_lch_0.12_lov_0.06_gateasym_0.00_w_4.0,2250,16560.0,3,4000.0,8,120.0,260.0,60.0,0.0,None,None,"3-Terminal Fingered FETs PMOS Pads are ordered (from bottom-to-top): S, D, G, S, D, G, S, D, G, S, D, G"
'3183',FINGERED FET,mod_fingered_fet_tlm_pmos_nf_4_lc_0.26_lch_0.12_lov_0.06_gateasym_0.00_w_4.0,2250,19800.0,3,4000.0,4,120.0,260.0,60.0,0.0,None,None,"3-Terminal Fingered FETs PMOS Pads are ordered (from bottom-to-top): S, D, G, S, D, G, S, D, G, S, D, G"
'3184',FINGERED FET,mod_fingered_fet_tlm_nmos_nf_32_lc_0.26_lch_0.10_lov_0.06_gateasym_0.00_w_4.0,2300,10080.0,3,4000.0,32,100.0,260.0,60.0,0.0,None,None,"3-Terminal Fingered FETs NMOS Pads are ordered (from bottom-to-top): S, D, G, S, D, G, S, D, G, S, D, G"
'3185',FINGERED FET,mod_fingered_fet_tlm_nmos_nf_16_lc_0.26_lch_0.10_lov_0.06_gateasym_0.00_w_4.0,2300,13320.0,3,4000.0,16,100.0,260.0,60.0,0.0,None,None,"3-Terminal Fingered FETs NMOS Pads are ordered (from bottom-to-top): S, D, G, S, D, G, S, D, G, S, D, G"
'3186',FINGERED FET,mod_fingered_fet_tlm_nmos_nf_8_lc_0.26_lch_0.10_lov_0.06_gateasym_0.00_w_4.0,2300,16560.0,3,4000.0,8,100.0,260.0,60.0,0.0,None,None,"3-Terminal Fingered FETs NMOS Pads are ordered (from bottom-to-top): S, D, G, S, D, G, S, D, G, S, D, G"
'3187',FINGERED FET,mod_fingered_fet_tlm_nmos_nf_4_lc_0.26_lch_0.10_lov_0.06_gateasym_0.00_w_4.0,2300,19800.0,3,4000.0,4,100.0,260.0,60.0,0.0,None,None,"3-Terminal Fingered FETs NMOS Pads are ordered (from bottom-to-top): S, D, G, S, D, G, S, D, G, S, D, G"
'3188',FINGERED FET,mod_fingered_fet_tlm_pmos_nf_32_lc_0.26_lch_0.10_lov_0.06_gateasym_0.00_w_4.0,2350,10080.0,3,4000.0,32,100.0,260.0,60.0,0.0,None,None,"3-Terminal Fingered FETs PMOS Pads are ordered (from bottom-to-top): S, D, G, S, D, G, S, D, G, S, D, G"
'3189',FINGERED FET,mod_fingered_fet_tlm_pmos_nf_16_lc_0.26_lch_0.10_lov_0.06_gateasym_0.00_w_4.0,2350,13320.0,3,4000.0,16,100.0,260.0,60.0,0.0,None,None,"3-Terminal Fingered FETs PMOS Pads are ordered (from bottom-to-top): S, D, G, S, D, G, S, D, G, S, D, G"
'3190',FINGERED FET,mod_fingered_fet_tlm_pmos_nf_8_lc_0.26_lch_0.10_lov_0.06_gateasym_0.00_w_4.0,2350,16560.0,3,4000.0,8,100.0,260.0,60.0,0.0,None,None,"3-Terminal Fingered FETs PMOS Pads are ordered (from bottom-to-top): S, D, G, S, D, G, S, D, G, S, D, G"
'3191',FINGERED FET,mod_fingered_fet_tlm_pmos_nf_4_lc_0.26_lch_0.10_lov_0.06_gateasym_0.00_w_4.0,2350,19800.0,3,4000.0,4,100.0,260.0,60.0,0.0,None,None,"3-Terminal Fingered FETs PMOS Pads are ordered (from bottom-to-top): S, D, G, S, D, G, S, D, G, S, D, G"
'3192',FINGERED FET,mod_fingered_fet_tlm_nmos_nf_32_lc_0.26_lch_0.08_lov_0.06_gateasym_0.00_w_4.0,2400,10080.0,3,4000.0,32,80.0,260.0,60.0,0.0,None,None,"3-Terminal Fingered FETs NMOS Pads are ordered (from bottom-to-top): S, D, G, S, D, G, S, D, G, S, D, G"
'3193',FINGERED FET,mod_fingered_fet_tlm_nmos_nf_16_lc_0.26_lch_0.08_lov_0.06_gateasym_0.00_w_4.0,2400,13320.0,3,4000.0,16,80.0,260.0,60.0,0.0,None,None,"3-Terminal Fingered FETs NMOS Pads are ordered (from bottom-to-top): S, D, G, S, D, G, S, D, G, S, D, G"
'3194',FINGERED FET,mod_fingered_fet_tlm_nmos_nf_8_lc_0.26_lch_0.08_lov_0.06_gateasym_0.00_w_4.0,2400,16560.0,3,4000.0,8,80.0,260.0,60.0,0.0,None,None,"3-Terminal Fingered FETs NMOS Pads are ordered (from bottom-to-top): S, D, G, S, D, G, S, D, G, S, D, G"
'3195',FINGERED FET,mod_fingered_fet_tlm_nmos_nf_4_lc_0.26_lch_0.08_lov_0.06_gateasym_0.00_w_4.0,2400,19800.0,3,4000.0,4,80.0,260.0,60.0,0.0,None,None,"3-Terminal Fingered FETs NMOS Pads are ordered (from bottom-to-top): S, D, G, S, D, G, S, D, G, S, D, G"
'3196',FINGERED FET,mod_fingered_fet_tlm_pmos_nf_32_lc_0.26_lch_0.08_lov_0.06_gateasym_0.00_w_4.0,2450,10080.0,3,4000.0,32,80.0,260.0,60.0,0.0,None,None,"3-Terminal Fingered FETs PMOS Pads are ordered (from bottom-to-top): S, D, G, S, D, G, S, D, G, S, D, G"
'3197',FINGERED FET,mod_fingered_fet_tlm_pmos_nf_16_lc_0.26_lch_0.08_lov_0.06_gateasym_0.00_w_4.0,2450,13320.0,3,4000.0,16,80.0,260.0,60.0,0.0,None,None,"3-Terminal Fingered FETs PMOS Pads are ordered (from bottom-to-top): S, D, G, S, D, G, S, D, G, S, D, G"
'3198',FINGERED FET,mod_fingered_fet_tlm_pmos_nf_8_lc_0.26_lch_0.08_lov_0.06_gateasym_0.00_w_4.0,2450,16560.0,3,4000.0,8,80.0,260.0,60.0,0.0,None,None,"3-Terminal Fingered FETs PMOS Pads are ordered (from bottom-to-top): S, D, G, S, D, G, S, D, G, S, D, G"
'3199',FINGERED FET,mod_fingered_fet_tlm_pmos_nf_4_lc_0.26_lch_0.08_lov_0.06_gateasym_0.00_w_4.0,2450,19800.0,3,4000.0,4,80.0,260.0,60.0,0.0,None,None,"3-Terminal Fingered FETs PMOS Pads are ordered (from bottom-to-top): S, D, G, S, D, G, S, D, G, S, D, G"
'3200',FINGERED FET,mod_fingered_fet_tlm_nmos_nf_32_lc_0.26_lch_0.07_lov_0.06_gateasym_0.00_w_4.0,2500,10080.0,3,4000.0,32,70.0,260.0,60.0,0.0,None,None,"3-Terminal Fingered FETs NMOS Pads are ordered (from bottom-to-top): S, D, G, S, D, G, S, D, G, S, D, G"
'3201',FINGERED FET,mod_fingered_fet_tlm_nmos_nf_16_lc_0.26_lch_0.07_lov_0.06_gateasym_0.00_w_4.0,2500,13320.0,3,4000.0,16,70.0,260.0,60.0,0.0,None,None,"3-Terminal Fingered FETs NMOS Pads are ordered (from bottom-to-top): S, D, G, S, D, G, S, D, G, S, D, G"
'3202',FINGERED FET,mod_fingered_fet_tlm_nmos_nf_8_lc_0.26_lch_0.07_lov_0.06_gateasym_0.00_w_4.0,2500,16560.0,3,4000.0,8,70.0,260.0,60.0,0.0,None,None,"3-Terminal Fingered FETs NMOS Pads are ordered (from bottom-to-top): S, D, G, S, D, G, S, D, G, S, D, G"
'3203',FINGERED FET,mod_fingered_fet_tlm_nmos_nf_4_lc_0.26_lch_0.07_lov_0.06_gateasym_0.00_w_4.0,2500,19800.0,3,4000.0,4,70.0,260.0,60.0,0.0,None,None,"3-Terminal Fingered FETs NMOS Pads are ordered (from bottom-to-top): S, D, G, S, D, G, S, D, G, S, D, G"
'3204',FINGERED FET,mod_fingered_fet_tlm_pmos_nf_32_lc_0.26_lch_0.07_lov_0.06_gateasym_0.00_w_4.0,2550,10080.0,3,4000.0,32,70.0,260.0,60.0,0.0,None,None,"3-Terminal Fingered FETs PMOS Pads are ordered (from bottom-to-top): S, D, G, S, D, G, S, D, G, S, D, G"
'3205',FINGERED FET,mod_fingered_fet_tlm_pmos_nf_16_lc_0.26_lch_0.07_lov_0.06_gateasym_0.00_w_4.0,2550,13320.0,3,4000.0,16,70.0,260.0,60.0,0.0,None,None,"3-Terminal Fingered FETs PMOS Pads are ordered (from bottom-to-top): S, D, G, S, D, G, S, D, G, S, D, G"
'3206',FINGERED FET,mod_fingered_fet_tlm_pmos_nf_8_lc_0.26_lch_0.07_lov_0.06_gateasym_0.00_w_4.0,2550,16560.0,3,4000.0,8,70.0,260.0,60.0,0.0,None,None,"3-Terminal Fingered FETs PMOS Pads are ordered (from bottom-to-top): S, D, G, S, D, G, S, D, G, S, D, G"
'3207',FINGERED FET,mod_fingered_fet_tlm_pmos_nf_4_lc_0.26_lch_0.07_lov_0.06_gateasym_0.00_w_4.0,2550,19800.0,3,4000.0,4,70.0,260.0,60.0,0.0,None,None,"3-Terminal Fingered FETs PMOS Pads are ordered (from bottom-to-top): S, D, G, S, D, G, S, D, G, S, D, G"
'3208',FINGERED FET,mod_fingered_fet_tlm_nmos_nf_32_lc_0.26_lch_0.06_lov_0.06_gateasym_0.00_w_4.0,2600,10080.0,3,4000.0,32,60.0,260.0,60.0,0.0,None,None,"3-Terminal Fingered FETs NMOS Pads are ordered (from bottom-to-top): S, D, G, S, D, G, S, D, G, S, D, G"
'3209',FINGERED FET,mod_fingered_fet_tlm_nmos_nf_16_lc_0.26_lch_0.06_lov_0.06_gateasym_0.00_w_4.0,2600,13320.0,3,4000.0,16,60.0,260.0,60.0,0.0,None,None,"3-Terminal Fingered FETs NMOS Pads are ordered (from bottom-to-top): S, D, G, S, D, G, S, D, G, S, D, G"
'3210',FINGERED FET,mod_fingered_fet_tlm_nmos_nf_8_lc_0.26_lch_0.06_lov_0.06_gateasym_0.00_w_4.0,2600,16560.0,3,4000.0,8,60.0,260.0,60.0,0.0,None,None,"3-Terminal Fingered FETs NMOS Pads are ordered (from bottom-to-top): S, D, G, S, D, G, S, D, G, S, D, G"
'3211',FINGERED FET,mod_fingered_fet_tlm_nmos_nf_4_lc_0.26_lch_0.06_lov_0.06_gateasym_0.00_w_4.0,2600,19800.0,3,4000.0,4,60.0,260.0,60.0,0.0,None,None,"3-Terminal Fingered FETs NMOS Pads are ordered (from bottom-to-top): S, D, G, S, D, G, S, D, G, S, D, G"
'3212',FINGERED FET,mod_fingered_fet_tlm_pmos_nf_32_lc_0.26_lch_0.06_lov_0.06_gateasym_0.00_w_4.0,2650,10080.0,3,4000.0,32,60.0,260.0,60.0,0.0,None,None,"3-Terminal Fingered FETs PMOS Pads are ordered (from bottom-to-top): S, D, G, S, D, G, S, D, G, S, D, G"
'3213',FINGERED FET,mod_fingered_fet_tlm_pmos_nf_16_lc_0.26_lch_0.06_lov_0.06_gateasym_0.00_w_4.0,2650,13320.0,3,4000.0,16,60.0,260.0,60.0,0.0,None,None,"3-Terminal Fingered FETs PMOS Pads are ordered (from bottom-to-top): S, D, G, S, D, G, S, D, G, S, D, G"
'3214',FINGERED FET,mod_fingered_fet_tlm_pmos_nf_8_lc_0.26_lch_0.06_lov_0.06_gateasym_0.00_w_4.0,2650,16560.0,3,4000.0,8,60.0,260.0,60.0,0.0,None,None,"3-Terminal Fingered FETs PMOS Pads are ordered (from bottom-to-top): S, D, G, S, D, G, S, D, G, S, D, G"
'3215',FINGERED FET,mod_fingered_fet_tlm_pmos_nf_4_lc_0.26_lch_0.06_lov_0.06_gateasym_0.00_w_4.0,2650,19800.0,3,4000.0,4,60.0,260.0,60.0,0.0,None,None,"3-Terminal Fingered FETs PMOS Pads are ordered (from bottom-to-top): S, D, G, S, D, G, S, D, G, S, D, G"
'3216',FINGERED FET,mod_fingered_fet_tlm_nmos_nf_32_lc_0.22_lch_0.40_lov_0.06_gateasym_0.00_w_4.0,2700,10080.0,3,4000.0,32,400.0,220.0,60.0,0.0,None,None,"3-Terminal Fingered FETs NMOS Pads are ordered (from bottom-to-top): S, D, G, S, D, G, S, D, G, S, D, G"
'3217',FINGERED FET,mod_fingered_fet_tlm_nmos_nf_16_lc_0.22_lch_0.40_lov_0.06_gateasym_0.00_w_4.0,2700,13320.0,3,4000.0,16,400.0,220.0,60.0,0.0,None,None,"3-Terminal Fingered FETs NMOS Pads are ordered (from bottom-to-top): S, D, G, S, D, G, S, D, G, S, D, G"
'3218',FINGERED FET,mod_fingered_fet_tlm_nmos_nf_8_lc_0.22_lch_0.40_lov_0.06_gateasym_0.00_w_4.0,2700,16560.0,3,4000.0,8,400.0,220.0,60.0,0.0,None,None,"3-Terminal Fingered FETs NMOS Pads are ordered (from bottom-to-top): S, D, G, S, D, G, S, D, G, S, D, G"
'3219',FINGERED FET,mod_fingered_fet_tlm_nmos_nf_4_lc_0.22_lch_0.40_lov_0.06_gateasym_0.00_w_4.0,2700,19800.0,3,4000.0,4,400.0,220.0,60.0,0.0,None,None,"3-Terminal Fingered FETs NMOS Pads are ordered (from bottom-to-top): S, D, G, S, D, G, S, D, G, S, D, G"
'3220',FINGERED FET,mod_fingered_fet_tlm_pmos_nf_32_lc_0.22_lch_0.40_lov_0.06_gateasym_0.00_w_4.0,2750,10080.0,3,4000.0,32,400.0,220.0,60.0,0.0,None,None,"3-Terminal Fingered FETs PMOS Pads are ordered (from bottom-to-top): S, D, G, S, D, G, S, D, G, S, D, G"
'3221',FINGERED FET,mod_fingered_fet_tlm_pmos_nf_16_lc_0.22_lch_0.40_lov_0.06_gateasym_0.00_w_4.0,2750,13320.0,3,4000.0,16,400.0,220.0,60.0,0.0,None,None,"3-Terminal Fingered FETs PMOS Pads are ordered (from bottom-to-top): S, D, G, S, D, G, S, D, G, S, D, G"
'3222',FINGERED FET,mod_fingered_fet_tlm_pmos_nf_8_lc_0.22_lch_0.40_lov_0.06_gateasym_0.00_w_4.0,2750,16560.0,3,4000.0,8,400.0,220.0,60.0,0.0,None,None,"3-Terminal Fingered FETs PMOS Pads are ordered (from bottom-to-top): S, D, G, S, D, G, S, D, G, S, D, G"
'3223',FINGERED FET,mod_fingered_fet_tlm_pmos_nf_4_lc_0.22_lch_0.40_lov_0.06_gateasym_0.00_w_4.0,2750,19800.0,3,4000.0,4,400.0,220.0,60.0,0.0,None,None,"3-Terminal Fingered FETs PMOS Pads are ordered (from bottom-to-top): S, D, G, S, D, G, S, D, G, S, D, G"
'3224',FINGERED FET,mod_fingered_fet_tlm_nmos_nf_32_lc_0.22_lch_0.20_lov_0.06_gateasym_0.00_w_4.0,2800,10080.0,3,4000.0,32,200.0,220.0,60.0,0.0,None,None,"3-Terminal Fingered FETs NMOS Pads are ordered (from bottom-to-top): S, D, G, S, D, G, S, D, G, S, D, G"
'3225',FINGERED FET,mod_fingered_fet_tlm_nmos_nf_16_lc_0.22_lch_0.20_lov_0.06_gateasym_0.00_w_4.0,2800,13320.0,3,4000.0,16,200.0,220.0,60.0,0.0,None,None,"3-Terminal Fingered FETs NMOS Pads are ordered (from bottom-to-top): S, D, G, S, D, G, S, D, G, S, D, G"
'3226',FINGERED FET,mod_fingered_fet_tlm_nmos_nf_8_lc_0.22_lch_0.20_lov_0.06_gateasym_0.00_w_4.0,2800,16560.0,3,4000.0,8,200.0,220.0,60.0,0.0,None,None,"3-Terminal Fingered FETs NMOS Pads are ordered (from bottom-to-top): S, D, G, S, D, G, S, D, G, S, D, G"
'3227',FINGERED FET,mod_fingered_fet_tlm_nmos_nf_4_lc_0.22_lch_0.20_lov_0.06_gateasym_0.00_w_4.0,2800,19800.0,3,4000.0,4,200.0,220.0,60.0,0.0,None,None,"3-Terminal Fingered FETs NMOS Pads are ordered (from bottom-to-top): S, D, G, S, D, G, S, D, G, S, D, G"
'3228',FINGERED FET,mod_fingered_fet_tlm_pmos_nf_32_lc_0.22_lch_0.20_lov_0.06_gateasym_0.00_w_4.0,2850,10080.0,3,4000.0,32,200.0,220.0,60.0,0.0,None,None,"3-Terminal Fingered FETs PMOS Pads are ordered (from bottom-to-top): S, D, G, S, D, G, S, D, G, S, D, G"
'3229',FINGERED FET,mod_fingered_fet_tlm_pmos_nf_16_lc_0.22_lch_0.20_lov_0.06_gateasym_0.00_w_4.0,2850,13320.0,3,4000.0,16,200.0,220.0,60.0,0.0,None,None,"3-Terminal Fingered FETs PMOS Pads are ordered (from bottom-to-top): S, D, G, S, D, G, S, D, G, S, D, G"
'3230',FINGERED FET,mod_fingered_fet_tlm_pmos_nf_8_lc_0.22_lch_0.20_lov_0.06_gateasym_0.00_w_4.0,2850,16560.0,3,4000.0,8,200.0,220.0,60.0,0.0,None,None,"3-Terminal Fingered FETs PMOS Pads are ordered (from bottom-to-top): S, D, G, S, D, G, S, D, G, S, D, G"
'3231',FINGERED FET,mod_fingered_fet_tlm_pmos_nf_4_lc_0.22_lch_0.20_lov_0.06_gateasym_0.00_w_4.0,2850,19800.0,3,4000.0,4,200.0,220.0,60.0,0.0,None,None,"3-Terminal Fingered FETs PMOS Pads are ordered (from bottom-to-top): S, D, G, S, D, G, S, D, G, S, D, G"
'3232',FINGERED FET,mod_fingered_fet_tlm_nmos_nf_32_lc_0.22_lch_0.16_lov_0.06_gateasym_0.00_w_4.0,2900,10080.0,3,4000.0,32,160.0,220.0,60.0,0.0,None,None,"3-Terminal Fingered FETs NMOS Pads are ordered (from bottom-to-top): S, D, G, S, D, G, S, D, G, S, D, G"
'3233',FINGERED FET,mod_fingered_fet_tlm_nmos_nf_16_lc_0.22_lch_0.16_lov_0.06_gateasym_0.00_w_4.0,2900,13320.0,3,4000.0,16,160.0,220.0,60.0,0.0,None,None,"3-Terminal Fingered FETs NMOS Pads are ordered (from bottom-to-top): S, D, G, S, D, G, S, D, G, S, D, G"
'3234',FINGERED FET,mod_fingered_fet_tlm_nmos_nf_8_lc_0.22_lch_0.16_lov_0.06_gateasym_0.00_w_4.0,2900,16560.0,3,4000.0,8,160.0,220.0,60.0,0.0,None,None,"3-Terminal Fingered FETs NMOS Pads are ordered (from bottom-to-top): S, D, G, S, D, G, S, D, G, S, D, G"
'3235',FINGERED FET,mod_fingered_fet_tlm_nmos_nf_4_lc_0.22_lch_0.16_lov_0.06_gateasym_0.00_w_4.0,2900,19800.0,3,4000.0,4,160.0,220.0,60.0,0.0,None,None,"3-Terminal Fingered FETs NMOS Pads are ordered (from bottom-to-top): S, D, G, S, D, G, S, D, G, S, D, G"
'3236',FINGERED FET,mod_fingered_fet_tlm_pmos_nf_32_lc_0.22_lch_0.16_lov_0.06_gateasym_0.00_w_4.0,2950,10080.0,3,4000.0,32,160.0,220.0,60.0,0.0,None,None,"3-Terminal Fingered FETs PMOS Pads are ordered (from bottom-to-top): S, D, G, S, D, G, S, D, G, S, D, G"
'3237',FINGERED FET,mod_fingered_fet_tlm_pmos_nf_16_lc_0.22_lch_0.16_lov_0.06_gateasym_0.00_w_4.0,2950,13320.0,3,4000.0,16,160.0,220.0,60.0,0.0,None,None,"3-Terminal Fingered FETs PMOS Pads are ordered (from bottom-to-top): S, D, G, S, D, G, S, D, G, S, D, G"
'3238',FINGERED FET,mod_fingered_fet_tlm_pmos_nf_8_lc_0.22_lch_0.16_lov_0.06_gateasym_0.00_w_4.0,2950,16560.0,3,4000.0,8,160.0,220.0,60.0,0.0,None,None,"3-Terminal Fingered FETs PMOS Pads are ordered (from bottom-to-top): S, D, G, S, D, G, S, D, G, S, D, G"
'3239',FINGERED FET,mod_fingered_fet_tlm_pmos_nf_4_lc_0.22_lch_0.16_lov_0.06_gateasym_0.00_w_4.0,2950,19800.0,3,4000.0,4,160.0,220.0,60.0,0.0,None,None,"3-Terminal Fingered FETs PMOS Pads are ordered (from bottom-to-top): S, D, G, S, D, G, S, D, G, S, D, G"
'3240',FINGERED FET,mod_fingered_fet_tlm_nmos_nf_32_lc_0.22_lch_0.14_lov_0.06_gateasym_0.00_w_4.0,3000,10080.0,3,4000.0,32,140.0,220.0,60.0,0.0,None,None,"3-Terminal Fingered FETs NMOS Pads are ordered (from bottom-to-top): S, D, G, S, D, G, S, D, G, S, D, G"
'3241',FINGERED FET,mod_fingered_fet_tlm_nmos_nf_16_lc_0.22_lch_0.14_lov_0.06_gateasym_0.00_w_4.0,3000,13320.0,3,4000.0,16,140.0,220.0,60.0,0.0,None,None,"3-Terminal Fingered FETs NMOS Pads are ordered (from bottom-to-top): S, D, G, S, D, G, S, D, G, S, D, G"
'3242',FINGERED FET,mod_fingered_fet_tlm_nmos_nf_8_lc_0.22_lch_0.14_lov_0.06_gateasym_0.00_w_4.0,3000,16560.0,3,4000.0,8,140.0,220.0,60.0,0.0,None,None,"3-Terminal Fingered FETs NMOS Pads are ordered (from bottom-to-top): S, D, G, S, D, G, S, D, G, S, D, G"
'3243',FINGERED FET,mod_fingered_fet_tlm_nmos_nf_4_lc_0.22_lch_0.14_lov_0.06_gateasym_0.00_w_4.0,3000,19800.0,3,4000.0,4,140.0,220.0,60.0,0.0,None,None,"3-Terminal Fingered FETs NMOS Pads are ordered (from bottom-to-top): S, D, G, S, D, G, S, D, G, S, D, G"
'3244',FINGERED FET,mod_fingered_fet_tlm_pmos_nf_32_lc_0.22_lch_0.14_lov_0.06_gateasym_0.00_w_4.0,3050,10080.0,3,4000.0,32,140.0,220.0,60.0,0.0,None,None,"3-Terminal Fingered FETs PMOS Pads are ordered (from bottom-to-top): S, D, G, S, D, G, S, D, G, S, D, G"
'3245',FINGERED FET,mod_fingered_fet_tlm_pmos_nf_16_lc_0.22_lch_0.14_lov_0.06_gateasym_0.00_w_4.0,3050,13320.0,3,4000.0,16,140.0,220.0,60.0,0.0,None,None,"3-Terminal Fingered FETs PMOS Pads are ordered (from bottom-to-top): S, D, G, S, D, G, S, D, G, S, D, G"
'3246',FINGERED FET,mod_fingered_fet_tlm_pmos_nf_8_lc_0.22_lch_0.14_lov_0.06_gateasym_0.00_w_4.0,3050,16560.0,3,4000.0,8,140.0,220.0,60.0,0.0,None,None,"3-Terminal Fingered FETs PMOS Pads are ordered (from bottom-to-top): S, D, G, S, D, G, S, D, G, S, D, G"
'3247',FINGERED FET,mod_fingered_fet_tlm_pmos_nf_4_lc_0.22_lch_0.14_lov_0.06_gateasym_0.00_w_4.0,3050,19800.0,3,4000.0,4,140.0,220.0,60.0,0.0,None,None,"3-Terminal Fingered FETs PMOS Pads are ordered (from bottom-to-top): S, D, G, S, D, G, S, D, G, S, D, G"
'3248',FINGERED FET,mod_fingered_fet_tlm_nmos_nf_32_lc_0.22_lch_0.12_lov_0.06_gateasym_0.00_w_4.0,3100,10080.0,3,4000.0,32,120.0,220.0,60.0,0.0,None,None,"3-Terminal Fingered FETs NMOS Pads are ordered (from bottom-to-top): S, D, G, S, D, G, S, D, G, S, D, G"
'3249',FINGERED FET,mod_fingered_fet_tlm_nmos_nf_16_lc_0.22_lch_0.12_lov_0.06_gateasym_0.00_w_4.0,3100,13320.0,3,4000.0,16,120.0,220.0,60.0,0.0,None,None,"3-Terminal Fingered FETs NMOS Pads are ordered (from bottom-to-top): S, D, G, S, D, G, S, D, G, S, D, G"
'3250',FINGERED FET,mod_fingered_fet_tlm_nmos_nf_8_lc_0.22_lch_0.12_lov_0.06_gateasym_0.00_w_4.0,3100,16560.0,3,4000.0,8,120.0,220.0,60.0,0.0,None,None,"3-Terminal Fingered FETs NMOS Pads are ordered (from bottom-to-top): S, D, G, S, D, G, S, D, G, S, D, G"
'3251',FINGERED FET,mod_fingered_fet_tlm_nmos_nf_4_lc_0.22_lch_0.12_lov_0.06_gateasym_0.00_w_4.0,3100,19800.0,3,4000.0,4,120.0,220.0,60.0,0.0,None,None,"3-Terminal Fingered FETs NMOS Pads are ordered (from bottom-to-top): S, D, G, S, D, G, S, D, G, S, D, G"
'3252',FINGERED FET,mod_fingered_fet_tlm_pmos_nf_32_lc_0.22_lch_0.12_lov_0.06_gateasym_0.00_w_4.0,3150,10080.0,3,4000.0,32,120.0,220.0,60.0,0.0,None,None,"3-Terminal Fingered FETs PMOS Pads are ordered (from bottom-to-top): S, D, G, S, D, G, S, D, G, S, D, G"
'3253',FINGERED FET,mod_fingered_fet_tlm_pmos_nf_16_lc_0.22_lch_0.12_lov_0.06_gateasym_0.00_w_4.0,3150,13320.0,3,4000.0,16,120.0,220.0,60.0,0.0,None,None,"3-Terminal Fingered FETs PMOS Pads are ordered (from bottom-to-top): S, D, G, S, D, G, S, D, G, S, D, G"
'3254',FINGERED FET,mod_fingered_fet_tlm_pmos_nf_8_lc_0.22_lch_0.12_lov_0.06_gateasym_0.00_w_4.0,3150,16560.0,3,4000.0,8,120.0,220.0,60.0,0.0,None,None,"3-Terminal Fingered FETs PMOS Pads are ordered (from bottom-to-top): S, D, G, S, D, G, S, D, G, S, D, G"
'3255',FINGERED FET,mod_fingered_fet_tlm_pmos_nf_4_lc_0.22_lch_0.12_lov_0.06_gateasym_0.00_w_4.0,3150,19800.0,3,4000.0,4,120.0,220.0,60.0,0.0,None,None,"3-Terminal Fingered FETs PMOS Pads are ordered (from bottom-to-top): S, D, G, S, D, G, S, D, G, S, D, G"
'3256',FINGERED FET,mod_fingered_fet_tlm_nmos_nf_32_lc_0.22_lch_0.10_lov_0.06_gateasym_0.00_w_4.0,3200,10080.0,3,4000.0,32,100.0,220.0,60.0,0.0,None,None,"3-Terminal Fingered FETs NMOS Pads are ordered (from bottom-to-top): S, D, G, S, D, G, S, D, G, S, D, G"
'3257',FINGERED FET,mod_fingered_fet_tlm_nmos_nf_16_lc_0.22_lch_0.10_lov_0.06_gateasym_0.00_w_4.0,3200,13320.0,3,4000.0,16,100.0,220.0,60.0,0.0,None,None,"3-Terminal Fingered FETs NMOS Pads are ordered (from bottom-to-top): S, D, G, S, D, G, S, D, G, S, D, G"
'3258',FINGERED FET,mod_fingered_fet_tlm_nmos_nf_8_lc_0.22_lch_0.10_lov_0.06_gateasym_0.00_w_4.0,3200,16560.0,3,4000.0,8,100.0,220.0,60.0,0.0,None,None,"3-Terminal Fingered FETs NMOS Pads are ordered (from bottom-to-top): S, D, G, S, D, G, S, D, G, S, D, G"
'3259',FINGERED FET,mod_fingered_fet_tlm_nmos_nf_4_lc_0.22_lch_0.10_lov_0.06_gateasym_0.00_w_4.0,3200,19800.0,3,4000.0,4,100.0,220.0,60.0,0.0,None,None,"3-Terminal Fingered FETs NMOS Pads are ordered (from bottom-to-top): S, D, G, S, D, G, S, D, G, S, D, G"
'3260',FINGERED FET,mod_fingered_fet_tlm_pmos_nf_32_lc_0.22_lch_0.10_lov_0.06_gateasym_0.00_w_4.0,3250,10080.0,3,4000.0,32,100.0,220.0,60.0,0.0,None,None,"3-Terminal Fingered FETs PMOS Pads are ordered (from bottom-to-top): S, D, G, S, D, G, S, D, G, S, D, G"
'3261',FINGERED FET,mod_fingered_fet_tlm_pmos_nf_16_lc_0.22_lch_0.10_lov_0.06_gateasym_0.00_w_4.0,3250,13320.0,3,4000.0,16,100.0,220.0,60.0,0.0,None,None,"3-Terminal Fingered FETs PMOS Pads are ordered (from bottom-to-top): S, D, G, S, D, G, S, D, G, S, D, G"
'3262',FINGERED FET,mod_fingered_fet_tlm_pmos_nf_8_lc_0.22_lch_0.10_lov_0.06_gateasym_0.00_w_4.0,3250,16560.0,3,4000.0,8,100.0,220.0,60.0,0.0,None,None,"3-Terminal Fingered FETs PMOS Pads are ordered (from bottom-to-top): S, D, G, S, D, G, S, D, G, S, D, G"
'3263',FINGERED FET,mod_fingered_fet_tlm_pmos_nf_4_lc_0.22_lch_0.10_lov_0.06_gateasym_0.00_w_4.0,3250,19800.0,3,4000.0,4,100.0,220.0,60.0,0.0,None,None,"3-Terminal Fingered FETs PMOS Pads are ordered (from bottom-to-top): S, D, G, S, D, G, S, D, G, S, D, G"
'3264',FINGERED FET,mod_fingered_fet_tlm_nmos_nf_32_lc_0.22_lch_0.08_lov_0.06_gateasym_0.00_w_4.0,3300,10080.0,3,4000.0,32,80.0,220.0,60.0,0.0,None,None,"3-Terminal Fingered FETs NMOS Pads are ordered (from bottom-to-top): S, D, G, S, D, G, S, D, G, S, D, G"
'3265',FINGERED FET,mod_fingered_fet_tlm_nmos_nf_16_lc_0.22_lch_0.08_lov_0.06_gateasym_0.00_w_4.0,3300,13320.0,3,4000.0,16,80.0,220.0,60.0,0.0,None,None,"3-Terminal Fingered FETs NMOS Pads are ordered (from bottom-to-top): S, D, G, S, D, G, S, D, G, S, D, G"
'3266',FINGERED FET,mod_fingered_fet_tlm_nmos_nf_8_lc_0.22_lch_0.08_lov_0.06_gateasym_0.00_w_4.0,3300,16560.0,3,4000.0,8,80.0,220.0,60.0,0.0,None,None,"3-Terminal Fingered FETs NMOS Pads are ordered (from bottom-to-top): S, D, G, S, D, G, S, D, G, S, D, G"
'3267',FINGERED FET,mod_fingered_fet_tlm_nmos_nf_4_lc_0.22_lch_0.08_lov_0.06_gateasym_0.00_w_4.0,3300,19800.0,3,4000.0,4,80.0,220.0,60.0,0.0,None,None,"3-Terminal Fingered FETs NMOS Pads are ordered (from bottom-to-top): S, D, G, S, D, G, S, D, G, S, D, G"
'3268',FINGERED FET,mod_fingered_fet_tlm_pmos_nf_32_lc_0.22_lch_0.08_lov_0.06_gateasym_0.00_w_4.0,3350,10080.0,3,4000.0,32,80.0,220.0,60.0,0.0,None,None,"3-Terminal Fingered FETs PMOS Pads are ordered (from bottom-to-top): S, D, G, S, D, G, S, D, G, S, D, G"
'3269',FINGERED FET,mod_fingered_fet_tlm_pmos_nf_16_lc_0.22_lch_0.08_lov_0.06_gateasym_0.00_w_4.0,3350,13320.0,3,4000.0,16,80.0,220.0,60.0,0.0,None,None,"3-Terminal Fingered FETs PMOS Pads are ordered (from bottom-to-top): S, D, G, S, D, G, S, D, G, S, D, G"
'3270',FINGERED FET,mod_fingered_fet_tlm_pmos_nf_8_lc_0.22_lch_0.08_lov_0.06_gateasym_0.00_w_4.0,3350,16560.0,3,4000.0,8,80.0,220.0,60.0,0.0,None,None,"3-Terminal Fingered FETs PMOS Pads are ordered (from bottom-to-top): S, D, G, S, D, G, S, D, G, S, D, G"
'3271',FINGERED FET,mod_fingered_fet_tlm_pmos_nf_4_lc_0.22_lch_0.08_lov_0.06_gateasym_0.00_w_4.0,3350,19800.0,3,4000.0,4,80.0,220.0,60.0,0.0,None,None,"3-Terminal Fingered FETs PMOS Pads are ordered (from bottom-to-top): S, D, G, S, D, G, S, D, G, S, D, G"
'3272',FINGERED FET,mod_fingered_fet_tlm_nmos_nf_32_lc_0.22_lch_0.07_lov_0.06_gateasym_0.00_w_4.0,3400,10080.0,3,4000.0,32,70.0,220.0,60.0,0.0,None,None,"3-Terminal Fingered FETs NMOS Pads are ordered (from bottom-to-top): S, D, G, S, D, G, S, D, G, S, D, G"
'3273',FINGERED FET,mod_fingered_fet_tlm_nmos_nf_16_lc_0.22_lch_0.07_lov_0.06_gateasym_0.00_w_4.0,3400,13320.0,3,4000.0,16,70.0,220.0,60.0,0.0,None,None,"3-Terminal Fingered FETs NMOS Pads are ordered (from bottom-to-top): S, D, G, S, D, G, S, D, G, S, D, G"
'3274',FINGERED FET,mod_fingered_fet_tlm_nmos_nf_8_lc_0.22_lch_0.07_lov_0.06_gateasym_0.00_w_4.0,3400,16560.0,3,4000.0,8,70.0,220.0,60.0,0.0,None,None,"3-Terminal Fingered FETs NMOS Pads are ordered (from bottom-to-top): S, D, G, S, D, G, S, D, G, S, D, G"
'3275',FINGERED FET,mod_fingered_fet_tlm_nmos_nf_4_lc_0.22_lch_0.07_lov_0.06_gateasym_0.00_w_4.0,3400,19800.0,3,4000.0,4,70.0,220.0,60.0,0.0,None,None,"3-Terminal Fingered FETs NMOS Pads are ordered (from bottom-to-top): S, D, G, S, D, G, S, D, G, S, D, G"
'3276',FINGERED FET,mod_fingered_fet_tlm_pmos_nf_32_lc_0.22_lch_0.07_lov_0.06_gateasym_0.00_w_4.0,3450,10080.0,3,4000.0,32,70.0,220.0,60.0,0.0,None,None,"3-Terminal Fingered FETs PMOS Pads are ordered (from bottom-to-top): S, D, G, S, D, G, S, D, G, S, D, G"
'3277',FINGERED FET,mod_fingered_fet_tlm_pmos_nf_16_lc_0.22_lch_0.07_lov_0.06_gateasym_0.00_w_4.0,3450,13320.0,3,4000.0,16,70.0,220.0,60.0,0.0,None,None,"3-Terminal Fingered FETs PMOS Pads are ordered (from bottom-to-top): S, D, G, S, D, G, S, D, G, S, D, G"
'3278',FINGERED FET,mod_fingered_fet_tlm_pmos_nf_8_lc_0.22_lch_0.07_lov_0.06_gateasym_0.00_w_4.0,3450,16560.0,3,4000.0,8,70.0,220.0,60.0,0.0,None,None,"3-Terminal Fingered FETs PMOS Pads are ordered (from bottom-to-top): S, D, G, S, D, G, S, D, G, S, D, G"
'3279',FINGERED FET,mod_fingered_fet_tlm_pmos_nf_4_lc_0.22_lch_0.07_lov_0.06_gateasym_0.00_w_4.0,3450,19800.0,3,4000.0,4,70.0,220.0,60.0,0.0,None,None,"3-Terminal Fingered FETs PMOS Pads are ordered (from bottom-to-top): S, D, G, S, D, G, S, D, G, S, D, G"
'3280',FINGERED FET,mod_fingered_fet_tlm_nmos_nf_32_lc_0.22_lch_0.06_lov_0.06_gateasym_0.00_w_4.0,3500,10080.0,3,4000.0,32,60.0,220.0,60.0,0.0,None,None,"3-Terminal Fingered FETs NMOS Pads are ordered (from bottom-to-top): S, D, G, S, D, G, S, D, G, S, D, G"
'3281',FINGERED FET,mod_fingered_fet_tlm_nmos_nf_16_lc_0.22_lch_0.06_lov_0.06_gateasym_0.00_w_4.0,3500,13320.0,3,4000.0,16,60.0,220.0,60.0,0.0,None,None,"3-Terminal Fingered FETs NMOS Pads are ordered (from bottom-to-top): S, D, G, S, D, G, S, D, G, S, D, G"
'3282',FINGERED FET,mod_fingered_fet_tlm_nmos_nf_8_lc_0.22_lch_0.06_lov_0.06_gateasym_0.00_w_4.0,3500,16560.0,3,4000.0,8,60.0,220.0,60.0,0.0,None,None,"3-Terminal Fingered FETs NMOS Pads are ordered (from bottom-to-top): S, D, G, S, D, G, S, D, G, S, D, G"
'3283',FINGERED FET,mod_fingered_fet_tlm_nmos_nf_4_lc_0.22_lch_0.06_lov_0.06_gateasym_0.00_w_4.0,3500,19800.0,3,4000.0,4,60.0,220.0,60.0,0.0,None,None,"3-Terminal Fingered FETs NMOS Pads are ordered (from bottom-to-top): S, D, G, S, D, G, S, D, G, S, D, G"
'3284',FINGERED FET,mod_fingered_fet_tlm_pmos_nf_32_lc_0.22_lch_0.06_lov_0.06_gateasym_0.00_w_4.0,3550,10080.0,3,4000.0,32,60.0,220.0,60.0,0.0,None,None,"3-Terminal Fingered FETs PMOS Pads are ordered (from bottom-to-top): S, D, G, S, D, G, S, D, G, S, D, G"
'3285',FINGERED FET,mod_fingered_fet_tlm_pmos_nf_16_lc_0.22_lch_0.06_lov_0.06_gateasym_0.00_w_4.0,3550,13320.0,3,4000.0,16,60.0,220.0,60.0,0.0,None,None,"3-Terminal Fingered FETs PMOS Pads are ordered (from bottom-to-top): S, D, G, S, D, G, S, D, G, S, D, G"
'3286',FINGERED FET,mod_fingered_fet_tlm_pmos_nf_8_lc_0.22_lch_0.06_lov_0.06_gateasym_0.00_w_4.0,3550,16560.0,3,4000.0,8,60.0,220.0,60.0,0.0,None,None,"3-Terminal Fingered FETs PMOS Pads are ordered (from bottom-to-top): S, D, G, S, D, G, S, D, G, S, D, G"
'3287',FINGERED FET,mod_fingered_fet_tlm_pmos_nf_4_lc_0.22_lch_0.06_lov_0.06_gateasym_0.00_w_4.0,3550,19800.0,3,4000.0,4,60.0,220.0,60.0,0.0,None,None,"3-Terminal Fingered FETs PMOS Pads are ordered (from bottom-to-top): S, D, G, S, D, G, S, D, G, S, D, G"
'3288',FINGERED FET,mod_fingered_fet_tlm_nmos_nf_32_lc_0.20_lch_0.40_lov_0.06_gateasym_0.00_w_4.0,3600,10080.0,3,4000.0,32,400.0,200.0,60.0,0.0,None,None,"3-Terminal Fingered FETs NMOS Pads are ordered (from bottom-to-top): S, D, G, S, D, G, S, D, G, S, D, G"
'3289',FINGERED FET,mod_fingered_fet_tlm_nmos_nf_16_lc_0.20_lch_0.40_lov_0.06_gateasym_0.00_w_4.0,3600,13320.0,3,4000.0,16,400.0,200.0,60.0,0.0,None,None,"3-Terminal Fingered FETs NMOS Pads are ordered (from bottom-to-top): S, D, G, S, D, G, S, D, G, S, D, G"
'3290',FINGERED FET,mod_fingered_fet_tlm_nmos_nf_8_lc_0.20_lch_0.40_lov_0.06_gateasym_0.00_w_4.0,3600,16560.0,3,4000.0,8,400.0,200.0,60.0,0.0,None,None,"3-Terminal Fingered FETs NMOS Pads are ordered (from bottom-to-top): S, D, G, S, D, G, S, D, G, S, D, G"
'3291',FINGERED FET,mod_fingered_fet_tlm_nmos_nf_4_lc_0.20_lch_0.40_lov_0.06_gateasym_0.00_w_4.0,3600,19800.0,3,4000.0,4,400.0,200.0,60.0,0.0,None,None,"3-Terminal Fingered FETs NMOS Pads are ordered (from bottom-to-top): S, D, G, S, D, G, S, D, G, S, D, G"
'3292',FINGERED FET,mod_fingered_fet_tlm_pmos_nf_32_lc_0.20_lch_0.40_lov_0.06_gateasym_0.00_w_4.0,3650,10080.0,3,4000.0,32,400.0,200.0,60.0,0.0,None,None,"3-Terminal Fingered FETs PMOS Pads are ordered (from bottom-to-top): S, D, G, S, D, G, S, D, G, S, D, G"
'3293',FINGERED FET,mod_fingered_fet_tlm_pmos_nf_16_lc_0.20_lch_0.40_lov_0.06_gateasym_0.00_w_4.0,3650,13320.0,3,4000.0,16,400.0,200.0,60.0,0.0,None,None,"3-Terminal Fingered FETs PMOS Pads are ordered (from bottom-to-top): S, D, G, S, D, G, S, D, G, S, D, G"
'3294',FINGERED FET,mod_fingered_fet_tlm_pmos_nf_8_lc_0.20_lch_0.40_lov_0.06_gateasym_0.00_w_4.0,3650,16560.0,3,4000.0,8,400.0,200.0,60.0,0.0,None,None,"3-Terminal Fingered FETs PMOS Pads are ordered (from bottom-to-top): S, D, G, S, D, G, S, D, G, S, D, G"
'3295',FINGERED FET,mod_fingered_fet_tlm_pmos_nf_4_lc_0.20_lch_0.40_lov_0.06_gateasym_0.00_w_4.0,3650,19800.0,3,4000.0,4,400.0,200.0,60.0,0.0,None,None,"3-Terminal Fingered FETs PMOS Pads are ordered (from bottom-to-top): S, D, G, S, D, G, S, D, G, S, D, G"
'3296',FINGERED FET,mod_fingered_fet_tlm_nmos_nf_32_lc_0.20_lch_0.20_lov_0.06_gateasym_0.00_w_4.0,3700,10080.0,3,4000.0,32,200.0,200.0,60.0,0.0,None,None,"3-Terminal Fingered FETs NMOS Pads are ordered (from bottom-to-top): S, D, G, S, D, G, S, D, G, S, D, G"
'3297',FINGERED FET,mod_fingered_fet_tlm_nmos_nf_16_lc_0.20_lch_0.20_lov_0.06_gateasym_0.00_w_4.0,3700,13320.0,3,4000.0,16,200.0,200.0,60.0,0.0,None,None,"3-Terminal Fingered FETs NMOS Pads are ordered (from bottom-to-top): S, D, G, S, D, G, S, D, G, S, D, G"
'3298',FINGERED FET,mod_fingered_fet_tlm_nmos_nf_8_lc_0.20_lch_0.20_lov_0.06_gateasym_0.00_w_4.0,3700,16560.0,3,4000.0,8,200.0,200.0,60.0,0.0,None,None,"3-Terminal Fingered FETs NMOS Pads are ordered (from bottom-to-top): S, D, G, S, D, G, S, D, G, S, D, G"
'3299',FINGERED FET,mod_fingered_fet_tlm_nmos_nf_4_lc_0.20_lch_0.20_lov_0.06_gateasym_0.00_w_4.0,3700,19800.0,3,4000.0,4,200.0,200.0,60.0,0.0,None,None,"3-Terminal Fingered FETs NMOS Pads are ordered (from bottom-to-top): S, D, G, S, D, G, S, D, G, S, D, G"
'3300',FINGERED FET,mod_fingered_fet_tlm_pmos_nf_32_lc_0.20_lch_0.20_lov_0.06_gateasym_0.00_w_4.0,3750,10080.0,3,4000.0,32,200.0,200.0,60.0,0.0,None,None,"3-Terminal Fingered FETs PMOS Pads are ordered (from bottom-to-top): S, D, G, S, D, G, S, D, G, S, D, G"
'3301',FINGERED FET,mod_fingered_fet_tlm_pmos_nf_16_lc_0.20_lch_0.20_lov_0.06_gateasym_0.00_w_4.0,3750,13320.0,3,4000.0,16,200.0,200.0,60.0,0.0,None,None,"3-Terminal Fingered FETs PMOS Pads are ordered (from bottom-to-top): S, D, G, S, D, G, S, D, G, S, D, G"
'3302',FINGERED FET,mod_fingered_fet_tlm_pmos_nf_8_lc_0.20_lch_0.20_lov_0.06_gateasym_0.00_w_4.0,3750,16560.0,3,4000.0,8,200.0,200.0,60.0,0.0,None,None,"3-Terminal Fingered FETs PMOS Pads are ordered (from bottom-to-top): S, D, G, S, D, G, S, D, G, S, D, G"
'3303',FINGERED FET,mod_fingered_fet_tlm_pmos_nf_4_lc_0.20_lch_0.20_lov_0.06_gateasym_0.00_w_4.0,3750,19800.0,3,4000.0,4,200.0,200.0,60.0,0.0,None,None,"3-Terminal Fingered FETs PMOS Pads are ordered (from bottom-to-top): S, D, G, S, D, G, S, D, G, S, D, G"
'3304',FINGERED FET,mod_fingered_fet_tlm_nmos_nf_32_lc_0.20_lch_0.16_lov_0.06_gateasym_0.00_w_4.0,3800,10080.0,3,4000.0,32,160.0,200.0,60.0,0.0,None,None,"3-Terminal Fingered FETs NMOS Pads are ordered (from bottom-to-top): S, D, G, S, D, G, S, D, G, S, D, G"
'3305',FINGERED FET,mod_fingered_fet_tlm_nmos_nf_16_lc_0.20_lch_0.16_lov_0.06_gateasym_0.00_w_4.0,3800,13320.0,3,4000.0,16,160.0,200.0,60.0,0.0,None,None,"3-Terminal Fingered FETs NMOS Pads are ordered (from bottom-to-top): S, D, G, S, D, G, S, D, G, S, D, G"
'3306',FINGERED FET,mod_fingered_fet_tlm_nmos_nf_8_lc_0.20_lch_0.16_lov_0.06_gateasym_0.00_w_4.0,3800,16560.0,3,4000.0,8,160.0,200.0,60.0,0.0,None,None,"3-Terminal Fingered FETs NMOS Pads are ordered (from bottom-to-top): S, D, G, S, D, G, S, D, G, S, D, G"
'3307',FINGERED FET,mod_fingered_fet_tlm_nmos_nf_4_lc_0.20_lch_0.16_lov_0.06_gateasym_0.00_w_4.0,3800,19800.0,3,4000.0,4,160.0,200.0,60.0,0.0,None,None,"3-Terminal Fingered FETs NMOS Pads are ordered (from bottom-to-top): S, D, G, S, D, G, S, D, G, S, D, G"
'3308',FINGERED FET,mod_fingered_fet_tlm_pmos_nf_32_lc_0.20_lch_0.16_lov_0.06_gateasym_0.00_w_4.0,3850,10080.0,3,4000.0,32,160.0,200.0,60.0,0.0,None,None,"3-Terminal Fingered FETs PMOS Pads are ordered (from bottom-to-top): S, D, G, S, D, G, S, D, G, S, D, G"
'3309',FINGERED FET,mod_fingered_fet_tlm_pmos_nf_16_lc_0.20_lch_0.16_lov_0.06_gateasym_0.00_w_4.0,3850,13320.0,3,4000.0,16,160.0,200.0,60.0,0.0,None,None,"3-Terminal Fingered FETs PMOS Pads are ordered (from bottom-to-top): S, D, G, S, D, G, S, D, G, S, D, G"
'3310',FINGERED FET,mod_fingered_fet_tlm_pmos_nf_8_lc_0.20_lch_0.16_lov_0.06_gateasym_0.00_w_4.0,3850,16560.0,3,4000.0,8,160.0,200.0,60.0,0.0,None,None,"3-Terminal Fingered FETs PMOS Pads are ordered (from bottom-to-top): S, D, G, S, D, G, S, D, G, S, D, G"
'3311',FINGERED FET,mod_fingered_fet_tlm_pmos_nf_4_lc_0.20_lch_0.16_lov_0.06_gateasym_0.00_w_4.0,3850,19800.0,3,4000.0,4,160.0,200.0,60.0,0.0,None,None,"3-Terminal Fingered FETs PMOS Pads are ordered (from bottom-to-top): S, D, G, S, D, G, S, D, G, S, D, G"
'3312',FINGERED FET,mod_fingered_fet_tlm_nmos_nf_32_lc_0.20_lch_0.14_lov_0.06_gateasym_0.00_w_4.0,3900,10080.0,3,4000.0,32,140.0,200.0,60.0,0.0,None,None,"3-Terminal Fingered FETs NMOS Pads are ordered (from bottom-to-top): S, D, G, S, D, G, S, D, G, S, D, G"
'3313',FINGERED FET,mod_fingered_fet_tlm_nmos_nf_16_lc_0.20_lch_0.14_lov_0.06_gateasym_0.00_w_4.0,3900,13320.0,3,4000.0,16,140.0,200.0,60.0,0.0,None,None,"3-Terminal Fingered FETs NMOS Pads are ordered (from bottom-to-top): S, D, G, S, D, G, S, D, G, S, D, G"
'3314',FINGERED FET,mod_fingered_fet_tlm_nmos_nf_8_lc_0.20_lch_0.14_lov_0.06_gateasym_0.00_w_4.0,3900,16560.0,3,4000.0,8,140.0,200.0,60.0,0.0,None,None,"3-Terminal Fingered FETs NMOS Pads are ordered (from bottom-to-top): S, D, G, S, D, G, S, D, G, S, D, G"
'3315',FINGERED FET,mod_fingered_fet_tlm_nmos_nf_4_lc_0.20_lch_0.14_lov_0.06_gateasym_0.00_w_4.0,3900,19800.0,3,4000.0,4,140.0,200.0,60.0,0.0,None,None,"3-Terminal Fingered FETs NMOS Pads are ordered (from bottom-to-top): S, D, G, S, D, G, S, D, G, S, D, G"
'3316',FINGERED FET,mod_fingered_fet_tlm_pmos_nf_32_lc_0.20_lch_0.14_lov_0.06_gateasym_0.00_w_4.0,3950,10080.0,3,4000.0,32,140.0,200.0,60.0,0.0,None,None,"3-Terminal Fingered FETs PMOS Pads are ordered (from bottom-to-top): S, D, G, S, D, G, S, D, G, S, D, G"
'3317',FINGERED FET,mod_fingered_fet_tlm_pmos_nf_16_lc_0.20_lch_0.14_lov_0.06_gateasym_0.00_w_4.0,3950,13320.0,3,4000.0,16,140.0,200.0,60.0,0.0,None,None,"3-Terminal Fingered FETs PMOS Pads are ordered (from bottom-to-top): S, D, G, S, D, G, S, D, G, S, D, G"
'3318',FINGERED FET,mod_fingered_fet_tlm_pmos_nf_8_lc_0.20_lch_0.14_lov_0.06_gateasym_0.00_w_4.0,3950,16560.0,3,4000.0,8,140.0,200.0,60.0,0.0,None,None,"3-Terminal Fingered FETs PMOS Pads are ordered (from bottom-to-top): S, D, G, S, D, G, S, D, G, S, D, G"
'3319',FINGERED FET,mod_fingered_fet_tlm_pmos_nf_4_lc_0.20_lch_0.14_lov_0.06_gateasym_0.00_w_4.0,3950,19800.0,3,4000.0,4,140.0,200.0,60.0,0.0,None,None,"3-Terminal Fingered FETs PMOS Pads are ordered (from bottom-to-top): S, D, G, S, D, G, S, D, G, S, D, G"
'3320',FINGERED FET,mod_fingered_fet_tlm_nmos_nf_32_lc_0.20_lch_0.12_lov_0.06_gateasym_0.00_w_4.0,4000,10080.0,3,4000.0,32,120.0,200.0,60.0,0.0,None,None,"3-Terminal Fingered FETs NMOS Pads are ordered (from bottom-to-top): S, D, G, S, D, G, S, D, G, S, D, G"
'3321',FINGERED FET,mod_fingered_fet_tlm_nmos_nf_16_lc_0.20_lch_0.12_lov_0.06_gateasym_0.00_w_4.0,4000,13320.0,3,4000.0,16,120.0,200.0,60.0,0.0,None,None,"3-Terminal Fingered FETs NMOS Pads are ordered (from bottom-to-top): S, D, G, S, D, G, S, D, G, S, D, G"
'3322',FINGERED FET,mod_fingered_fet_tlm_nmos_nf_8_lc_0.20_lch_0.12_lov_0.06_gateasym_0.00_w_4.0,4000,16560.0,3,4000.0,8,120.0,200.0,60.0,0.0,None,None,"3-Terminal Fingered FETs NMOS Pads are ordered (from bottom-to-top): S, D, G, S, D, G, S, D, G, S, D, G"
'3323',FINGERED FET,mod_fingered_fet_tlm_nmos_nf_4_lc_0.20_lch_0.12_lov_0.06_gateasym_0.00_w_4.0,4000,19800.0,3,4000.0,4,120.0,200.0,60.0,0.0,None,None,"3-Terminal Fingered FETs NMOS Pads are ordered (from bottom-to-top): S, D, G, S, D, G, S, D, G, S, D, G"
'3324',FINGERED FET,mod_fingered_fet_tlm_pmos_nf_32_lc_0.20_lch_0.12_lov_0.06_gateasym_0.00_w_4.0,4050,10080.0,3,4000.0,32,120.0,200.0,60.0,0.0,None,None,"3-Terminal Fingered FETs PMOS Pads are ordered (from bottom-to-top): S, D, G, S, D, G, S, D, G, S, D, G"
'3325',FINGERED FET,mod_fingered_fet_tlm_pmos_nf_16_lc_0.20_lch_0.12_lov_0.06_gateasym_0.00_w_4.0,4050,13320.0,3,4000.0,16,120.0,200.0,60.0,0.0,None,None,"3-Terminal Fingered FETs PMOS Pads are ordered (from bottom-to-top): S, D, G, S, D, G, S, D, G, S, D, G"
'3326',FINGERED FET,mod_fingered_fet_tlm_pmos_nf_8_lc_0.20_lch_0.12_lov_0.06_gateasym_0.00_w_4.0,4050,16560.0,3,4000.0,8,120.0,200.0,60.0,0.0,None,None,"3-Terminal Fingered FETs PMOS Pads are ordered (from bottom-to-top): S, D, G, S, D, G, S, D, G, S, D, G"
'3327',FINGERED FET,mod_fingered_fet_tlm_pmos_nf_4_lc_0.20_lch_0.12_lov_0.06_gateasym_0.00_w_4.0,4050,19800.0,3,4000.0,4,120.0,200.0,60.0,0.0,None,None,"3-Terminal Fingered FETs PMOS Pads are ordered (from bottom-to-top): S, D, G, S, D, G, S, D, G, S, D, G"
'3328',FINGERED FET,mod_fingered_fet_tlm_nmos_nf_32_lc_0.20_lch_0.10_lov_0.06_gateasym_0.00_w_4.0,4100,10080.0,3,4000.0,32,100.0,200.0,60.0,0.0,None,None,"3-Terminal Fingered FETs NMOS Pads are ordered (from bottom-to-top): S, D, G, S, D, G, S, D, G, S, D, G"
'3329',FINGERED FET,mod_fingered_fet_tlm_nmos_nf_16_lc_0.20_lch_0.10_lov_0.06_gateasym_0.00_w_4.0,4100,13320.0,3,4000.0,16,100.0,200.0,60.0,0.0,None,None,"3-Terminal Fingered FETs NMOS Pads are ordered (from bottom-to-top): S, D, G, S, D, G, S, D, G, S, D, G"
'3330',FINGERED FET,mod_fingered_fet_tlm_nmos_nf_8_lc_0.20_lch_0.10_lov_0.06_gateasym_0.00_w_4.0,4100,16560.0,3,4000.0,8,100.0,200.0,60.0,0.0,None,None,"3-Terminal Fingered FETs NMOS Pads are ordered (from bottom-to-top): S, D, G, S, D, G, S, D, G, S, D, G"
'3331',FINGERED FET,mod_fingered_fet_tlm_nmos_nf_4_lc_0.20_lch_0.10_lov_0.06_gateasym_0.00_w_4.0,4100,19800.0,3,4000.0,4,100.0,200.0,60.0,0.0,None,None,"3-Terminal Fingered FETs NMOS Pads are ordered (from bottom-to-top): S, D, G, S, D, G, S, D, G, S, D, G"
'3332',FINGERED FET,mod_fingered_fet_tlm_pmos_nf_32_lc_0.20_lch_0.10_lov_0.06_gateasym_0.00_w_4.0,4150,10080.0,3,4000.0,32,100.0,200.0,60.0,0.0,None,None,"3-Terminal Fingered FETs PMOS Pads are ordered (from bottom-to-top): S, D, G, S, D, G, S, D, G, S, D, G"
'3333',FINGERED FET,mod_fingered_fet_tlm_pmos_nf_16_lc_0.20_lch_0.10_lov_0.06_gateasym_0.00_w_4.0,4150,13320.0,3,4000.0,16,100.0,200.0,60.0,0.0,None,None,"3-Terminal Fingered FETs PMOS Pads are ordered (from bottom-to-top): S, D, G, S, D, G, S, D, G, S, D, G"
'3334',FINGERED FET,mod_fingered_fet_tlm_pmos_nf_8_lc_0.20_lch_0.10_lov_0.06_gateasym_0.00_w_4.0,4150,16560.0,3,4000.0,8,100.0,200.0,60.0,0.0,None,None,"3-Terminal Fingered FETs PMOS Pads are ordered (from bottom-to-top): S, D, G, S, D, G, S, D, G, S, D, G"
'3335',FINGERED FET,mod_fingered_fet_tlm_pmos_nf_4_lc_0.20_lch_0.10_lov_0.06_gateasym_0.00_w_4.0,4150,19800.0,3,4000.0,4,100.0,200.0,60.0,0.0,None,None,"3-Terminal Fingered FETs PMOS Pads are ordered (from bottom-to-top): S, D, G, S, D, G, S, D, G, S, D, G"
'3336',FINGERED FET,mod_fingered_fet_tlm_nmos_nf_32_lc_0.20_lch_0.08_lov_0.06_gateasym_0.00_w_4.0,4200,10080.0,3,4000.0,32,80.0,200.0,60.0,0.0,None,None,"3-Terminal Fingered FETs NMOS Pads are ordered (from bottom-to-top): S, D, G, S, D, G, S, D, G, S, D, G"
'3337',FINGERED FET,mod_fingered_fet_tlm_nmos_nf_16_lc_0.20_lch_0.08_lov_0.06_gateasym_0.00_w_4.0,4200,13320.0,3,4000.0,16,80.0,200.0,60.0,0.0,None,None,"3-Terminal Fingered FETs NMOS Pads are ordered (from bottom-to-top): S, D, G, S, D, G, S, D, G, S, D, G"
'3338',FINGERED FET,mod_fingered_fet_tlm_nmos_nf_8_lc_0.20_lch_0.08_lov_0.06_gateasym_0.00_w_4.0,4200,16560.0,3,4000.0,8,80.0,200.0,60.0,0.0,None,None,"3-Terminal Fingered FETs NMOS Pads are ordered (from bottom-to-top): S, D, G, S, D, G, S, D, G, S, D, G"
'3339',FINGERED FET,mod_fingered_fet_tlm_nmos_nf_4_lc_0.20_lch_0.08_lov_0.06_gateasym_0.00_w_4.0,4200,19800.0,3,4000.0,4,80.0,200.0,60.0,0.0,None,None,"3-Terminal Fingered FETs NMOS Pads are ordered (from bottom-to-top): S, D, G, S, D, G, S, D, G, S, D, G"
'3340',FINGERED FET,mod_fingered_fet_tlm_pmos_nf_32_lc_0.20_lch_0.08_lov_0.06_gateasym_0.00_w_4.0,4250,10080.0,3,4000.0,32,80.0,200.0,60.0,0.0,None,None,"3-Terminal Fingered FETs PMOS Pads are ordered (from bottom-to-top): S, D, G, S, D, G, S, D, G, S, D, G"
'3341',FINGERED FET,mod_fingered_fet_tlm_pmos_nf_16_lc_0.20_lch_0.08_lov_0.06_gateasym_0.00_w_4.0,4250,13320.0,3,4000.0,16,80.0,200.0,60.0,0.0,None,None,"3-Terminal Fingered FETs PMOS Pads are ordered (from bottom-to-top): S, D, G, S, D, G, S, D, G, S, D, G"
'3342',FINGERED FET,mod_fingered_fet_tlm_pmos_nf_8_lc_0.20_lch_0.08_lov_0.06_gateasym_0.00_w_4.0,4250,16560.0,3,4000.0,8,80.0,200.0,60.0,0.0,None,None,"3-Terminal Fingered FETs PMOS Pads are ordered (from bottom-to-top): S, D, G, S, D, G, S, D, G, S, D, G"
'3343',FINGERED FET,mod_fingered_fet_tlm_pmos_nf_4_lc_0.20_lch_0.08_lov_0.06_gateasym_0.00_w_4.0,4250,19800.0,3,4000.0,4,80.0,200.0,60.0,0.0,None,None,"3-Terminal Fingered FETs PMOS Pads are ordered (from bottom-to-top): S, D, G, S, D, G, S, D, G, S, D, G"
'3344',FINGERED FET,mod_fingered_fet_tlm_nmos_nf_32_lc_0.20_lch_0.07_lov_0.06_gateasym_0.00_w_4.0,4300,10080.0,3,4000.0,32,70.0,200.0,60.0,0.0,None,None,"3-Terminal Fingered FETs NMOS Pads are ordered (from bottom-to-top): S, D, G, S, D, G, S, D, G, S, D, G"
'3345',FINGERED FET,mod_fingered_fet_tlm_nmos_nf_16_lc_0.20_lch_0.07_lov_0.06_gateasym_0.00_w_4.0,4300,13320.0,3,4000.0,16,70.0,200.0,60.0,0.0,None,None,"3-Terminal Fingered FETs NMOS Pads are ordered (from bottom-to-top): S, D, G, S, D, G, S, D, G, S, D, G"
'3346',FINGERED FET,mod_fingered_fet_tlm_nmos_nf_8_lc_0.20_lch_0.07_lov_0.06_gateasym_0.00_w_4.0,4300,16560.0,3,4000.0,8,70.0,200.0,60.0,0.0,None,None,"3-Terminal Fingered FETs NMOS Pads are ordered (from bottom-to-top): S, D, G, S, D, G, S, D, G, S, D, G"
'3347',FINGERED FET,mod_fingered_fet_tlm_nmos_nf_4_lc_0.20_lch_0.07_lov_0.06_gateasym_0.00_w_4.0,4300,19800.0,3,4000.0,4,70.0,200.0,60.0,0.0,None,None,"3-Terminal Fingered FETs NMOS Pads are ordered (from bottom-to-top): S, D, G, S, D, G, S, D, G, S, D, G"
'3348',FINGERED FET,mod_fingered_fet_tlm_pmos_nf_32_lc_0.20_lch_0.07_lov_0.06_gateasym_0.00_w_4.0,4350,10080.0,3,4000.0,32,70.0,200.0,60.0,0.0,None,None,"3-Terminal Fingered FETs PMOS Pads are ordered (from bottom-to-top): S, D, G, S, D, G, S, D, G, S, D, G"
'3349',FINGERED FET,mod_fingered_fet_tlm_pmos_nf_16_lc_0.20_lch_0.07_lov_0.06_gateasym_0.00_w_4.0,4350,13320.0,3,4000.0,16,70.0,200.0,60.0,0.0,None,None,"3-Terminal Fingered FETs PMOS Pads are ordered (from bottom-to-top): S, D, G, S, D, G, S, D, G, S, D, G"
'3350',FINGERED FET,mod_fingered_fet_tlm_pmos_nf_8_lc_0.20_lch_0.07_lov_0.06_gateasym_0.00_w_4.0,4350,16560.0,3,4000.0,8,70.0,200.0,60.0,0.0,None,None,"3-Terminal Fingered FETs PMOS Pads are ordered (from bottom-to-top): S, D, G, S, D, G, S, D, G, S, D, G"
'3351',FINGERED FET,mod_fingered_fet_tlm_pmos_nf_4_lc_0.20_lch_0.07_lov_0.06_gateasym_0.00_w_4.0,4350,19800.0,3,4000.0,4,70.0,200.0,60.0,0.0,None,None,"3-Terminal Fingered FETs PMOS Pads are ordered (from bottom-to-top): S, D, G, S, D, G, S, D, G, S, D, G"
'3352',FINGERED FET,mod_fingered_fet_tlm_nmos_nf_32_lc_0.20_lch_0.06_lov_0.06_gateasym_0.00_w_4.0,4400,10080.0,3,4000.0,32,60.0,200.0,60.0,0.0,None,None,"3-Terminal Fingered FETs NMOS Pads are ordered (from bottom-to-top): S, D, G, S, D, G, S, D, G, S, D, G"
'3353',FINGERED FET,mod_fingered_fet_tlm_nmos_nf_16_lc_0.20_lch_0.06_lov_0.06_gateasym_0.00_w_4.0,4400,13320.0,3,4000.0,16,60.0,200.0,60.0,0.0,None,None,"3-Terminal Fingered FETs NMOS Pads are ordered (from bottom-to-top): S, D, G, S, D, G, S, D, G, S, D, G"
'3354',FINGERED FET,mod_fingered_fet_tlm_nmos_nf_8_lc_0.20_lch_0.06_lov_0.06_gateasym_0.00_w_4.0,4400,16560.0,3,4000.0,8,60.0,200.0,60.0,0.0,None,None,"3-Terminal Fingered FETs NMOS Pads are ordered (from bottom-to-top): S, D, G, S, D, G, S, D, G, S, D, G"
'3355',FINGERED FET,mod_fingered_fet_tlm_nmos_nf_4_lc_0.20_lch_0.06_lov_0.06_gateasym_0.00_w_4.0,4400,19800.0,3,4000.0,4,60.0,200.0,60.0,0.0,None,None,"3-Terminal Fingered FETs NMOS Pads are ordered (from bottom-to-top): S, D, G, S, D, G, S, D, G, S, D, G"
'3356',FINGERED FET,mod_fingered_fet_tlm_pmos_nf_32_lc_0.20_lch_0.06_lov_0.06_gateasym_0.00_w_4.0,4450,10080.0,3,4000.0,32,60.0,200.0,60.0,0.0,None,None,"3-Terminal Fingered FETs PMOS Pads are ordered (from bottom-to-top): S, D, G, S, D, G, S, D, G, S, D, G"
'3357',FINGERED FET,mod_fingered_fet_tlm_pmos_nf_16_lc_0.20_lch_0.06_lov_0.06_gateasym_0.00_w_4.0,4450,13320.0,3,4000.0,16,60.0,200.0,60.0,0.0,None,None,"3-Terminal Fingered FETs PMOS Pads are ordered (from bottom-to-top): S, D, G, S, D, G, S, D, G, S, D, G"
'3358',FINGERED FET,mod_fingered_fet_tlm_pmos_nf_8_lc_0.20_lch_0.06_lov_0.06_gateasym_0.00_w_4.0,4450,16560.0,3,4000.0,8,60.0,200.0,60.0,0.0,None,None,"3-Terminal Fingered FETs PMOS Pads are ordered (from bottom-to-top): S, D, G, S, D, G, S, D, G, S, D, G"
'3359',FINGERED FET,mod_fingered_fet_tlm_pmos_nf_4_lc_0.20_lch_0.06_lov_0.06_gateasym_0.00_w_4.0,4450,19800.0,3,4000.0,4,60.0,200.0,60.0,0.0,None,None,"3-Terminal Fingered FETs PMOS Pads are ordered (from bottom-to-top): S, D, G, S, D, G, S, D, G, S, D, G"
'3360',FINGERED FET,mod_fingered_fet_ov_nmos_nf_32_lc_0.36_lch_0.16_lov_0.1_gateasym_0.00_w_4.0,4550,10080.0,3,4000.0,32,160.0,360.0,100.0,0.0,None,None,"3-Terminal Fingered FETs NMOS Pads are ordered (from bottom-to-top): S, D, G, S, D, G, S, D, G, S, D, G"
'3361',FINGERED FET,mod_fingered_fet_ov_nmos_nf_16_lc_0.36_lch_0.16_lov_0.1_gateasym_0.00_w_4.0,4550,13320.0,3,4000.0,16,160.0,360.0,100.0,0.0,None,None,"3-Terminal Fingered FETs NMOS Pads are ordered (from bottom-to-top): S, D, G, S, D, G, S, D, G, S, D, G"
'3362',FINGERED FET,mod_fingered_fet_ov_nmos_nf_8_lc_0.36_lch_0.16_lov_0.1_gateasym_0.00_w_4.0,4550,16560.0,3,4000.0,8,160.0,360.0,100.0,0.0,None,None,"3-Terminal Fingered FETs NMOS Pads are ordered (from bottom-to-top): S, D, G, S, D, G, S, D, G, S, D, G"
'3363',FINGERED FET,mod_fingered_fet_ov_nmos_nf_4_lc_0.36_lch_0.16_lov_0.1_gateasym_0.00_w_4.0,4550,19800.0,3,4000.0,4,160.0,360.0,100.0,0.0,None,None,"3-Terminal Fingered FETs NMOS Pads are ordered (from bottom-to-top): S, D, G, S, D, G, S, D, G, S, D, G"
'3364',FINGERED FET,mod_fingered_fet_ov_pmos_nf_32_lc_0.36_lch_0.16_lov_0.1_gateasym_0.00_w_4.0,4600,10080.0,3,4000.0,32,160.0,360.0,100.0,0.0,None,None,"3-Terminal Fingered FETs PMOS Pads are ordered (from bottom-to-top): S, D, G, S, D, G, S, D, G, S, D, G"
'3365',FINGERED FET,mod_fingered_fet_ov_pmos_nf_16_lc_0.36_lch_0.16_lov_0.1_gateasym_0.00_w_4.0,4600,13320.0,3,4000.0,16,160.0,360.0,100.0,0.0,None,None,"3-Terminal Fingered FETs PMOS Pads are ordered (from bottom-to-top): S, D, G, S, D, G, S, D, G, S, D, G"
'3366',FINGERED FET,mod_fingered_fet_ov_pmos_nf_8_lc_0.36_lch_0.16_lov_0.1_gateasym_0.00_w_4.0,4600,16560.0,3,4000.0,8,160.0,360.0,100.0,0.0,None,None,"3-Terminal Fingered FETs PMOS Pads are ordered (from bottom-to-top): S, D, G, S, D, G, S, D, G, S, D, G"
'3367',FINGERED FET,mod_fingered_fet_ov_pmos_nf_4_lc_0.36_lch_0.16_lov_0.1_gateasym_0.00_w_4.0,4600,19800.0,3,4000.0,4,160.0,360.0,100.0,0.0,None,None,"3-Terminal Fingered FETs PMOS Pads are ordered (from bottom-to-top): S, D, G, S, D, G, S, D, G, S, D, G"
'3368',FINGERED FET,mod_fingered_fet_ov_nmos_nf_32_lc_0.36_lch_0.16_lov_0.08_gateasym_0.00_w_4.0,4650,10080.0,3,4000.0,32,160.0,360.0,80.0,0.0,None,None,"3-Terminal Fingered FETs NMOS Pads are ordered (from bottom-to-top): S, D, G, S, D, G, S, D, G, S, D, G"
'3369',FINGERED FET,mod_fingered_fet_ov_nmos_nf_16_lc_0.36_lch_0.16_lov_0.08_gateasym_0.00_w_4.0,4650,13320.0,3,4000.0,16,160.0,360.0,80.0,0.0,None,None,"3-Terminal Fingered FETs NMOS Pads are ordered (from bottom-to-top): S, D, G, S, D, G, S, D, G, S, D, G"
'3370',FINGERED FET,mod_fingered_fet_ov_nmos_nf_8_lc_0.36_lch_0.16_lov_0.08_gateasym_0.00_w_4.0,4650,16560.0,3,4000.0,8,160.0,360.0,80.0,0.0,None,None,"3-Terminal Fingered FETs NMOS Pads are ordered (from bottom-to-top): S, D, G, S, D, G, S, D, G, S, D, G"
'3371',FINGERED FET,mod_fingered_fet_ov_nmos_nf_4_lc_0.36_lch_0.16_lov_0.08_gateasym_0.00_w_4.0,4650,19800.0,3,4000.0,4,160.0,360.0,80.0,0.0,None,None,"3-Terminal Fingered FETs NMOS Pads are ordered (from bottom-to-top): S, D, G, S, D, G, S, D, G, S, D, G"
'3372',FINGERED FET,mod_fingered_fet_ov_pmos_nf_32_lc_0.36_lch_0.16_lov_0.08_gateasym_0.00_w_4.0,4700,10080.0,3,4000.0,32,160.0,360.0,80.0,0.0,None,None,"3-Terminal Fingered FETs PMOS Pads are ordered (from bottom-to-top): S, D, G, S, D, G, S, D, G, S, D, G"
'3373',FINGERED FET,mod_fingered_fet_ov_pmos_nf_16_lc_0.36_lch_0.16_lov_0.08_gateasym_0.00_w_4.0,4700,13320.0,3,4000.0,16,160.0,360.0,80.0,0.0,None,None,"3-Terminal Fingered FETs PMOS Pads are ordered (from bottom-to-top): S, D, G, S, D, G, S, D, G, S, D, G"
'3374',FINGERED FET,mod_fingered_fet_ov_pmos_nf_8_lc_0.36_lch_0.16_lov_0.08_gateasym_0.00_w_4.0,4700,16560.0,3,4000.0,8,160.0,360.0,80.0,0.0,None,None,"3-Terminal Fingered FETs PMOS Pads are ordered (from bottom-to-top): S, D, G, S, D, G, S, D, G, S, D, G"
'3375',FINGERED FET,mod_fingered_fet_ov_pmos_nf_4_lc_0.36_lch_0.16_lov_0.08_gateasym_0.00_w_4.0,4700,19800.0,3,4000.0,4,160.0,360.0,80.0,0.0,None,None,"3-Terminal Fingered FETs PMOS Pads are ordered (from bottom-to-top): S, D, G, S, D, G, S, D, G, S, D, G"
'3376',FINGERED FET,mod_fingered_fet_ov_nmos_nf_32_lc_0.36_lch_0.16_lov_0.06_gateasym_0.00_w_4.0,4750,10080.0,3,4000.0,32,160.0,360.0,60.0,0.0,None,None,"3-Terminal Fingered FETs NMOS Pads are ordered (from bottom-to-top): S, D, G, S, D, G, S, D, G, S, D, G"
'3377',FINGERED FET,mod_fingered_fet_ov_nmos_nf_16_lc_0.36_lch_0.16_lov_0.06_gateasym_0.00_w_4.0,4750,13320.0,3,4000.0,16,160.0,360.0,60.0,0.0,None,None,"3-Terminal Fingered FETs NMOS Pads are ordered (from bottom-to-top): S, D, G, S, D, G, S, D, G, S, D, G"
'3378',FINGERED FET,mod_fingered_fet_ov_nmos_nf_8_lc_0.36_lch_0.16_lov_0.06_gateasym_0.00_w_4.0,4750,16560.0,3,4000.0,8,160.0,360.0,60.0,0.0,None,None,"3-Terminal Fingered FETs NMOS Pads are ordered (from bottom-to-top): S, D, G, S, D, G, S, D, G, S, D, G"
'3379',FINGERED FET,mod_fingered_fet_ov_nmos_nf_4_lc_0.36_lch_0.16_lov_0.06_gateasym_0.00_w_4.0,4750,19800.0,3,4000.0,4,160.0,360.0,60.0,0.0,None,None,"3-Terminal Fingered FETs NMOS Pads are ordered (from bottom-to-top): S, D, G, S, D, G, S, D, G, S, D, G"
'3380',FINGERED FET,mod_fingered_fet_ov_pmos_nf_32_lc_0.36_lch_0.16_lov_0.06_gateasym_0.00_w_4.0,4800,10080.0,3,4000.0,32,160.0,360.0,60.0,0.0,None,None,"3-Terminal Fingered FETs PMOS Pads are ordered (from bottom-to-top): S, D, G, S, D, G, S, D, G, S, D, G"
'3381',FINGERED FET,mod_fingered_fet_ov_pmos_nf_16_lc_0.36_lch_0.16_lov_0.06_gateasym_0.00_w_4.0,4800,13320.0,3,4000.0,16,160.0,360.0,60.0,0.0,None,None,"3-Terminal Fingered FETs PMOS Pads are ordered (from bottom-to-top): S, D, G, S, D, G, S, D, G, S, D, G"
'3382',FINGERED FET,mod_fingered_fet_ov_pmos_nf_8_lc_0.36_lch_0.16_lov_0.06_gateasym_0.00_w_4.0,4800,16560.0,3,4000.0,8,160.0,360.0,60.0,0.0,None,None,"3-Terminal Fingered FETs PMOS Pads are ordered (from bottom-to-top): S, D, G, S, D, G, S, D, G, S, D, G"
'3383',FINGERED FET,mod_fingered_fet_ov_pmos_nf_4_lc_0.36_lch_0.16_lov_0.06_gateasym_0.00_w_4.0,4800,19800.0,3,4000.0,4,160.0,360.0,60.0,0.0,None,None,"3-Terminal Fingered FETs PMOS Pads are ordered (from bottom-to-top): S, D, G, S, D, G, S, D, G, S, D, G"
'3384',FINGERED FET,mod_fingered_fet_ov_nmos_nf_32_lc_0.36_lch_0.16_lov_0.04_gateasym_0.00_w_4.0,4850,10080.0,3,4000.0,32,160.0,360.0,40.0,0.0,None,None,"3-Terminal Fingered FETs NMOS Pads are ordered (from bottom-to-top): S, D, G, S, D, G, S, D, G, S, D, G"
'3385',FINGERED FET,mod_fingered_fet_ov_nmos_nf_16_lc_0.36_lch_0.16_lov_0.04_gateasym_0.00_w_4.0,4850,13320.0,3,4000.0,16,160.0,360.0,40.0,0.0,None,None,"3-Terminal Fingered FETs NMOS Pads are ordered (from bottom-to-top): S, D, G, S, D, G, S, D, G, S, D, G"
'3386',FINGERED FET,mod_fingered_fet_ov_nmos_nf_8_lc_0.36_lch_0.16_lov_0.04_gateasym_0.00_w_4.0,4850,16560.0,3,4000.0,8,160.0,360.0,40.0,0.0,None,None,"3-Terminal Fingered FETs NMOS Pads are ordered (from bottom-to-top): S, D, G, S, D, G, S, D, G, S, D, G"
'3387',FINGERED FET,mod_fingered_fet_ov_nmos_nf_4_lc_0.36_lch_0.16_lov_0.04_gateasym_0.00_w_4.0,4850,19800.0,3,4000.0,4,160.0,360.0,40.0,0.0,None,None,"3-Terminal Fingered FETs NMOS Pads are ordered (from bottom-to-top): S, D, G, S, D, G, S, D, G, S, D, G"
'3388',FINGERED FET,mod_fingered_fet_ov_pmos_nf_32_lc_0.36_lch_0.16_lov_0.04_gateasym_0.00_w_4.0,4900,10080.0,3,4000.0,32,160.0,360.0,40.0,0.0,None,None,"3-Terminal Fingered FETs PMOS Pads are ordered (from bottom-to-top): S, D, G, S, D, G, S, D, G, S, D, G"
'3389',FINGERED FET,mod_fingered_fet_ov_pmos_nf_16_lc_0.36_lch_0.16_lov_0.04_gateasym_0.00_w_4.0,4900,13320.0,3,4000.0,16,160.0,360.0,40.0,0.0,None,None,"3-Terminal Fingered FETs PMOS Pads are ordered (from bottom-to-top): S, D, G, S, D, G, S, D, G, S, D, G"
'3390',FINGERED FET,mod_fingered_fet_ov_pmos_nf_8_lc_0.36_lch_0.16_lov_0.04_gateasym_0.00_w_4.0,4900,16560.0,3,4000.0,8,160.0,360.0,40.0,0.0,None,None,"3-Terminal Fingered FETs PMOS Pads are ordered (from bottom-to-top): S, D, G, S, D, G, S, D, G, S, D, G"
'3391',FINGERED FET,mod_fingered_fet_ov_pmos_nf_4_lc_0.36_lch_0.16_lov_0.04_gateasym_0.00_w_4.0,4900,19800.0,3,4000.0,4,160.0,360.0,40.0,0.0,None,None,"3-Terminal Fingered FETs PMOS Pads are ordered (from bottom-to-top): S, D, G, S, D, G, S, D, G, S, D, G"
'3392',FINGERED FET,mod_fingered_fet_ov_nmos_nf_32_lc_0.36_lch_0.16_lov_0.02_gateasym_0.00_w_4.0,4950,10080.0,3,4000.0,32,160.0,360.0,20.0,0.0,None,None,"3-Terminal Fingered FETs NMOS Pads are ordered (from bottom-to-top): S, D, G, S, D, G, S, D, G, S, D, G"
'3393',FINGERED FET,mod_fingered_fet_ov_nmos_nf_16_lc_0.36_lch_0.16_lov_0.02_gateasym_0.00_w_4.0,4950,13320.0,3,4000.0,16,160.0,360.0,20.0,0.0,None,None,"3-Terminal Fingered FETs NMOS Pads are ordered (from bottom-to-top): S, D, G, S, D, G, S, D, G, S, D, G"
'3394',FINGERED FET,mod_fingered_fet_ov_nmos_nf_8_lc_0.36_lch_0.16_lov_0.02_gateasym_0.00_w_4.0,4950,16560.0,3,4000.0,8,160.0,360.0,20.0,0.0,None,None,"3-Terminal Fingered FETs NMOS Pads are ordered (from bottom-to-top): S, D, G, S, D, G, S, D, G, S, D, G"
'3395',FINGERED FET,mod_fingered_fet_ov_nmos_nf_4_lc_0.36_lch_0.16_lov_0.02_gateasym_0.00_w_4.0,4950,19800.0,3,4000.0,4,160.0,360.0,20.0,0.0,None,None,"3-Terminal Fingered FETs NMOS Pads are ordered (from bottom-to-top): S, D, G, S, D, G, S, D, G, S, D, G"
'3396',FINGERED FET,mod_fingered_fet_ov_pmos_nf_32_lc_0.36_lch_0.16_lov_0.02_gateasym_0.00_w_4.0,5000,10080.0,3,4000.0,32,160.0,360.0,20.0,0.0,None,None,"3-Terminal Fingered FETs PMOS Pads are ordered (from bottom-to-top): S, D, G, S, D, G, S, D, G, S, D, G"
'3397',FINGERED FET,mod_fingered_fet_ov_pmos_nf_16_lc_0.36_lch_0.16_lov_0.02_gateasym_0.00_w_4.0,5000,13320.0,3,4000.0,16,160.0,360.0,20.0,0.0,None,None,"3-Terminal Fingered FETs PMOS Pads are ordered (from bottom-to-top): S, D, G, S, D, G, S, D, G, S, D, G"
'3398',FINGERED FET,mod_fingered_fet_ov_pmos_nf_8_lc_0.36_lch_0.16_lov_0.02_gateasym_0.00_w_4.0,5000,16560.0,3,4000.0,8,160.0,360.0,20.0,0.0,None,None,"3-Terminal Fingered FETs PMOS Pads are ordered (from bottom-to-top): S, D, G, S, D, G, S, D, G, S, D, G"
'3399',FINGERED FET,mod_fingered_fet_ov_pmos_nf_4_lc_0.36_lch_0.16_lov_0.02_gateasym_0.00_w_4.0,5000,19800.0,3,4000.0,4,160.0,360.0,20.0,0.0,None,None,"3-Terminal Fingered FETs PMOS Pads are ordered (from bottom-to-top): S, D, G, S, D, G, S, D, G, S, D, G"
'3400',FINGERED FET,mod_fingered_fet_ov_nmos_nf_32_lc_0.36_lch_0.16_lov_0.0_gateasym_0.00_w_4.0,5050,10080.0,3,4000.0,32,160.0,360.0,0.0,0.0,None,None,"3-Terminal Fingered FETs NMOS Pads are ordered (from bottom-to-top): S, D, G, S, D, G, S, D, G, S, D, G"
'3401',FINGERED FET,mod_fingered_fet_ov_nmos_nf_16_lc_0.36_lch_0.16_lov_0.0_gateasym_0.00_w_4.0,5050,13320.0,3,4000.0,16,160.0,360.0,0.0,0.0,None,None,"3-Terminal Fingered FETs NMOS Pads are ordered (from bottom-to-top): S, D, G, S, D, G, S, D, G, S, D, G"
'3402',FINGERED FET,mod_fingered_fet_ov_nmos_nf_8_lc_0.36_lch_0.16_lov_0.0_gateasym_0.00_w_4.0,5050,16560.0,3,4000.0,8,160.0,360.0,0.0,0.0,None,None,"3-Terminal Fingered FETs NMOS Pads are ordered (from bottom-to-top): S, D, G, S, D, G, S, D, G, S, D, G"
'3403',FINGERED FET,mod_fingered_fet_ov_nmos_nf_4_lc_0.36_lch_0.16_lov_0.0_gateasym_0.00_w_4.0,5050,19800.0,3,4000.0,4,160.0,360.0,0.0,0.0,None,None,"3-Terminal Fingered FETs NMOS Pads are ordered (from bottom-to-top): S, D, G, S, D, G, S, D, G, S, D, G"
'3404',FINGERED FET,mod_fingered_fet_ov_pmos_nf_32_lc_0.36_lch_0.16_lov_0.0_gateasym_0.00_w_4.0,5100,10080.0,3,4000.0,32,160.0,360.0,0.0,0.0,None,None,"3-Terminal Fingered FETs PMOS Pads are ordered (from bottom-to-top): S, D, G, S, D, G, S, D, G, S, D, G"
'3405',FINGERED FET,mod_fingered_fet_ov_pmos_nf_16_lc_0.36_lch_0.16_lov_0.0_gateasym_0.00_w_4.0,5100,13320.0,3,4000.0,16,160.0,360.0,0.0,0.0,None,None,"3-Terminal Fingered FETs PMOS Pads are ordered (from bottom-to-top): S, D, G, S, D, G, S, D, G, S, D, G"
'3406',FINGERED FET,mod_fingered_fet_ov_pmos_nf_8_lc_0.36_lch_0.16_lov_0.0_gateasym_0.00_w_4.0,5100,16560.0,3,4000.0,8,160.0,360.0,0.0,0.0,None,None,"3-Terminal Fingered FETs PMOS Pads are ordered (from bottom-to-top): S, D, G, S, D, G, S, D, G, S, D, G"
'3407',FINGERED FET,mod_fingered_fet_ov_pmos_nf_4_lc_0.36_lch_0.16_lov_0.0_gateasym_0.00_w_4.0,5100,19800.0,3,4000.0,4,160.0,360.0,0.0,0.0,None,None,"3-Terminal Fingered FETs PMOS Pads are ordered (from bottom-to-top): S, D, G, S, D, G, S, D, G, S, D, G"
'3408',FINGERED FET,mod_fingered_fet_ov_nmos_nf_32_lc_0.36_lch_0.16_lov_-0.01_gateasym_0.00_w_4.0,5150,10080.0,3,4000.0,32,160.0,360.0,-10.0,0.0,None,None,"3-Terminal Fingered FETs NMOS Pads are ordered (from bottom-to-top): S, D, G, S, D, G, S, D, G, S, D, G"
'3409',FINGERED FET,mod_fingered_fet_ov_nmos_nf_16_lc_0.36_lch_0.16_lov_-0.01_gateasym_0.00_w_4.0,5150,13320.0,3,4000.0,16,160.0,360.0,-10.0,0.0,None,None,"3-Terminal Fingered FETs NMOS Pads are ordered (from bottom-to-top): S, D, G, S, D, G, S, D, G, S, D, G"
'3410',FINGERED FET,mod_fingered_fet_ov_nmos_nf_8_lc_0.36_lch_0.16_lov_-0.01_gateasym_0.00_w_4.0,5150,16560.0,3,4000.0,8,160.0,360.0,-10.0,0.0,None,None,"3-Terminal Fingered FETs NMOS Pads are ordered (from bottom-to-top): S, D, G, S, D, G, S, D, G, S, D, G"
'3411',FINGERED FET,mod_fingered_fet_ov_nmos_nf_4_lc_0.36_lch_0.16_lov_-0.01_gateasym_0.00_w_4.0,5150,19800.0,3,4000.0,4,160.0,360.0,-10.0,0.0,None,None,"3-Terminal Fingered FETs NMOS Pads are ordered (from bottom-to-top): S, D, G, S, D, G, S, D, G, S, D, G"
'3412',FINGERED FET,mod_fingered_fet_ov_pmos_nf_32_lc_0.36_lch_0.16_lov_-0.01_gateasym_0.00_w_4.0,5200,10080.0,3,4000.0,32,160.0,360.0,-10.0,0.0,None,None,"3-Terminal Fingered FETs PMOS Pads are ordered (from bottom-to-top): S, D, G, S, D, G, S, D, G, S, D, G"
'3413',FINGERED FET,mod_fingered_fet_ov_pmos_nf_16_lc_0.36_lch_0.16_lov_-0.01_gateasym_0.00_w_4.0,5200,13320.0,3,4000.0,16,160.0,360.0,-10.0,0.0,None,None,"3-Terminal Fingered FETs PMOS Pads are ordered (from bottom-to-top): S, D, G, S, D, G, S, D, G, S, D, G"
'3414',FINGERED FET,mod_fingered_fet_ov_pmos_nf_8_lc_0.36_lch_0.16_lov_-0.01_gateasym_0.00_w_4.0,5200,16560.0,3,4000.0,8,160.0,360.0,-10.0,0.0,None,None,"3-Terminal Fingered FETs PMOS Pads are ordered (from bottom-to-top): S, D, G, S, D, G, S, D, G, S, D, G"
'3415',FINGERED FET,mod_fingered_fet_ov_pmos_nf_4_lc_0.36_lch_0.16_lov_-0.01_gateasym_0.00_w_4.0,5200,19800.0,3,4000.0,4,160.0,360.0,-10.0,0.0,None,None,"3-Terminal Fingered FETs PMOS Pads are ordered (from bottom-to-top): S, D, G, S, D, G, S, D, G, S, D, G"
'3416',FINGERED FET,mod_fingered_fet_ov_nmos_nf_32_lc_0.36_lch_0.12_lov_0.1_gateasym_0.00_w_4.0,5250,10080.0,3,4000.0,32,120.0,360.0,100.0,0.0,None,None,"3-Terminal Fingered FETs NMOS Pads are ordered (from bottom-to-top): S, D, G, S, D, G, S, D, G, S, D, G"
'3417',FINGERED FET,mod_fingered_fet_ov_nmos_nf_16_lc_0.36_lch_0.12_lov_0.1_gateasym_0.00_w_4.0,5250,13320.0,3,4000.0,16,120.0,360.0,100.0,0.0,None,None,"3-Terminal Fingered FETs NMOS Pads are ordered (from bottom-to-top): S, D, G, S, D, G, S, D, G, S, D, G"
'3418',FINGERED FET,mod_fingered_fet_ov_nmos_nf_8_lc_0.36_lch_0.12_lov_0.1_gateasym_0.00_w_4.0,5250,16560.0,3,4000.0,8,120.0,360.0,100.0,0.0,None,None,"3-Terminal Fingered FETs NMOS Pads are ordered (from bottom-to-top): S, D, G, S, D, G, S, D, G, S, D, G"
'3419',FINGERED FET,mod_fingered_fet_ov_nmos_nf_4_lc_0.36_lch_0.12_lov_0.1_gateasym_0.00_w_4.0,5250,19800.0,3,4000.0,4,120.0,360.0,100.0,0.0,None,None,"3-Terminal Fingered FETs NMOS Pads are ordered (from bottom-to-top): S, D, G, S, D, G, S, D, G, S, D, G"
'3420',FINGERED FET,mod_fingered_fet_ov_pmos_nf_32_lc_0.36_lch_0.12_lov_0.1_gateasym_0.00_w_4.0,5300,10080.0,3,4000.0,32,120.0,360.0,100.0,0.0,None,None,"3-Terminal Fingered FETs PMOS Pads are ordered (from bottom-to-top): S, D, G, S, D, G, S, D, G, S, D, G"
'3421',FINGERED FET,mod_fingered_fet_ov_pmos_nf_16_lc_0.36_lch_0.12_lov_0.1_gateasym_0.00_w_4.0,5300,13320.0,3,4000.0,16,120.0,360.0,100.0,0.0,None,None,"3-Terminal Fingered FETs PMOS Pads are ordered (from bottom-to-top): S, D, G, S, D, G, S, D, G, S, D, G"
'3422',FINGERED FET,mod_fingered_fet_ov_pmos_nf_8_lc_0.36_lch_0.12_lov_0.1_gateasym_0.00_w_4.0,5300,16560.0,3,4000.0,8,120.0,360.0,100.0,0.0,None,None,"3-Terminal Fingered FETs PMOS Pads are ordered (from bottom-to-top): S, D, G, S, D, G, S, D, G, S, D, G"
'3423',FINGERED FET,mod_fingered_fet_ov_pmos_nf_4_lc_0.36_lch_0.12_lov_0.1_gateasym_0.00_w_4.0,5300,19800.0,3,4000.0,4,120.0,360.0,100.0,0.0,None,None,"3-Terminal Fingered FETs PMOS Pads are ordered (from bottom-to-top): S, D, G, S, D, G, S, D, G, S, D, G"
'3424',FINGERED FET,mod_fingered_fet_ov_nmos_nf_32_lc_0.36_lch_0.12_lov_0.08_gateasym_0.00_w_4.0,5350,10080.0,3,4000.0,32,120.0,360.0,80.0,0.0,None,None,"3-Terminal Fingered FETs NMOS Pads are ordered (from bottom-to-top): S, D, G, S, D, G, S, D, G, S, D, G"
'3425',FINGERED FET,mod_fingered_fet_ov_nmos_nf_16_lc_0.36_lch_0.12_lov_0.08_gateasym_0.00_w_4.0,5350,13320.0,3,4000.0,16,120.0,360.0,80.0,0.0,None,None,"3-Terminal Fingered FETs NMOS Pads are ordered (from bottom-to-top): S, D, G, S, D, G, S, D, G, S, D, G"
'3426',FINGERED FET,mod_fingered_fet_ov_nmos_nf_8_lc_0.36_lch_0.12_lov_0.08_gateasym_0.00_w_4.0,5350,16560.0,3,4000.0,8,120.0,360.0,80.0,0.0,None,None,"3-Terminal Fingered FETs NMOS Pads are ordered (from bottom-to-top): S, D, G, S, D, G, S, D, G, S, D, G"
'3427',FINGERED FET,mod_fingered_fet_ov_nmos_nf_4_lc_0.36_lch_0.12_lov_0.08_gateasym_0.00_w_4.0,5350,19800.0,3,4000.0,4,120.0,360.0,80.0,0.0,None,None,"3-Terminal Fingered FETs NMOS Pads are ordered (from bottom-to-top): S, D, G, S, D, G, S, D, G, S, D, G"
'3428',FINGERED FET,mod_fingered_fet_ov_pmos_nf_32_lc_0.36_lch_0.12_lov_0.08_gateasym_0.00_w_4.0,5400,10080.0,3,4000.0,32,120.0,360.0,80.0,0.0,None,None,"3-Terminal Fingered FETs PMOS Pads are ordered (from bottom-to-top): S, D, G, S, D, G, S, D, G, S, D, G"
'3429',FINGERED FET,mod_fingered_fet_ov_pmos_nf_16_lc_0.36_lch_0.12_lov_0.08_gateasym_0.00_w_4.0,5400,13320.0,3,4000.0,16,120.0,360.0,80.0,0.0,None,None,"3-Terminal Fingered FETs PMOS Pads are ordered (from bottom-to-top): S, D, G, S, D, G, S, D, G, S, D, G"
'3430',FINGERED FET,mod_fingered_fet_ov_pmos_nf_8_lc_0.36_lch_0.12_lov_0.08_gateasym_0.00_w_4.0,5400,16560.0,3,4000.0,8,120.0,360.0,80.0,0.0,None,None,"3-Terminal Fingered FETs PMOS Pads are ordered (from bottom-to-top): S, D, G, S, D, G, S, D, G, S, D, G"
'3431',FINGERED FET,mod_fingered_fet_ov_pmos_nf_4_lc_0.36_lch_0.12_lov_0.08_gateasym_0.00_w_4.0,5400,19800.0,3,4000.0,4,120.0,360.0,80.0,0.0,None,None,"3-Terminal Fingered FETs PMOS Pads are ordered (from bottom-to-top): S, D, G, S, D, G, S, D, G, S, D, G"
'3432',FINGERED FET,mod_fingered_fet_ov_nmos_nf_32_lc_0.36_lch_0.12_lov_0.06_gateasym_0.00_w_4.0,5450,10080.0,3,4000.0,32,120.0,360.0,60.0,0.0,None,None,"3-Terminal Fingered FETs NMOS Pads are ordered (from bottom-to-top): S, D, G, S, D, G, S, D, G, S, D, G"
'3433',FINGERED FET,mod_fingered_fet_ov_nmos_nf_16_lc_0.36_lch_0.12_lov_0.06_gateasym_0.00_w_4.0,5450,13320.0,3,4000.0,16,120.0,360.0,60.0,0.0,None,None,"3-Terminal Fingered FETs NMOS Pads are ordered (from bottom-to-top): S, D, G, S, D, G, S, D, G, S, D, G"
'3434',FINGERED FET,mod_fingered_fet_ov_nmos_nf_8_lc_0.36_lch_0.12_lov_0.06_gateasym_0.00_w_4.0,5450,16560.0,3,4000.0,8,120.0,360.0,60.0,0.0,None,None,"3-Terminal Fingered FETs NMOS Pads are ordered (from bottom-to-top): S, D, G, S, D, G, S, D, G, S, D, G"
'3435',FINGERED FET,mod_fingered_fet_ov_nmos_nf_4_lc_0.36_lch_0.12_lov_0.06_gateasym_0.00_w_4.0,5450,19800.0,3,4000.0,4,120.0,360.0,60.0,0.0,None,None,"3-Terminal Fingered FETs NMOS Pads are ordered (from bottom-to-top): S, D, G, S, D, G, S, D, G, S, D, G"
'3436',FINGERED FET,mod_fingered_fet_ov_pmos_nf_32_lc_0.36_lch_0.12_lov_0.06_gateasym_0.00_w_4.0,5500,10080.0,3,4000.0,32,120.0,360.0,60.0,0.0,None,None,"3-Terminal Fingered FETs PMOS Pads are ordered (from bottom-to-top): S, D, G, S, D, G, S, D, G, S, D, G"
'3437',FINGERED FET,mod_fingered_fet_ov_pmos_nf_16_lc_0.36_lch_0.12_lov_0.06_gateasym_0.00_w_4.0,5500,13320.0,3,4000.0,16,120.0,360.0,60.0,0.0,None,None,"3-Terminal Fingered FETs PMOS Pads are ordered (from bottom-to-top): S, D, G, S, D, G, S, D, G, S, D, G"
'3438',FINGERED FET,mod_fingered_fet_ov_pmos_nf_8_lc_0.36_lch_0.12_lov_0.06_gateasym_0.00_w_4.0,5500,16560.0,3,4000.0,8,120.0,360.0,60.0,0.0,None,None,"3-Terminal Fingered FETs PMOS Pads are ordered (from bottom-to-top): S, D, G, S, D, G, S, D, G, S, D, G"
'3439',FINGERED FET,mod_fingered_fet_ov_pmos_nf_4_lc_0.36_lch_0.12_lov_0.06_gateasym_0.00_w_4.0,5500,19800.0,3,4000.0,4,120.0,360.0,60.0,0.0,None,None,"3-Terminal Fingered FETs PMOS Pads are ordered (from bottom-to-top): S, D, G, S, D, G, S, D, G, S, D, G"
'3440',FINGERED FET,mod_fingered_fet_ov_nmos_nf_32_lc_0.36_lch_0.12_lov_0.04_gateasym_0.00_w_4.0,5550,10080.0,3,4000.0,32,120.0,360.0,40.0,0.0,None,None,"3-Terminal Fingered FETs NMOS Pads are ordered (from bottom-to-top): S, D, G, S, D, G, S, D, G, S, D, G"
'3441',FINGERED FET,mod_fingered_fet_ov_nmos_nf_16_lc_0.36_lch_0.12_lov_0.04_gateasym_0.00_w_4.0,5550,13320.0,3,4000.0,16,120.0,360.0,40.0,0.0,None,None,"3-Terminal Fingered FETs NMOS Pads are ordered (from bottom-to-top): S, D, G, S, D, G, S, D, G, S, D, G"
'3442',FINGERED FET,mod_fingered_fet_ov_nmos_nf_8_lc_0.36_lch_0.12_lov_0.04_gateasym_0.00_w_4.0,5550,16560.0,3,4000.0,8,120.0,360.0,40.0,0.0,None,None,"3-Terminal Fingered FETs NMOS Pads are ordered (from bottom-to-top): S, D, G, S, D, G, S, D, G, S, D, G"
'3443',FINGERED FET,mod_fingered_fet_ov_nmos_nf_4_lc_0.36_lch_0.12_lov_0.04_gateasym_0.00_w_4.0,5550,19800.0,3,4000.0,4,120.0,360.0,40.0,0.0,None,None,"3-Terminal Fingered FETs NMOS Pads are ordered (from bottom-to-top): S, D, G, S, D, G, S, D, G, S, D, G"
'3444',FINGERED FET,mod_fingered_fet_ov_pmos_nf_32_lc_0.36_lch_0.12_lov_0.04_gateasym_0.00_w_4.0,5600,10080.0,3,4000.0,32,120.0,360.0,40.0,0.0,None,None,"3-Terminal Fingered FETs PMOS Pads are ordered (from bottom-to-top): S, D, G, S, D, G, S, D, G, S, D, G"
'3445',FINGERED FET,mod_fingered_fet_ov_pmos_nf_16_lc_0.36_lch_0.12_lov_0.04_gateasym_0.00_w_4.0,5600,13320.0,3,4000.0,16,120.0,360.0,40.0,0.0,None,None,"3-Terminal Fingered FETs PMOS Pads are ordered (from bottom-to-top): S, D, G, S, D, G, S, D, G, S, D, G"
'3446',FINGERED FET,mod_fingered_fet_ov_pmos_nf_8_lc_0.36_lch_0.12_lov_0.04_gateasym_0.00_w_4.0,5600,16560.0,3,4000.0,8,120.0,360.0,40.0,0.0,None,None,"3-Terminal Fingered FETs PMOS Pads are ordered (from bottom-to-top): S, D, G, S, D, G, S, D, G, S, D, G"
'3447',FINGERED FET,mod_fingered_fet_ov_pmos_nf_4_lc_0.36_lch_0.12_lov_0.04_gateasym_0.00_w_4.0,5600,19800.0,3,4000.0,4,120.0,360.0,40.0,0.0,None,None,"3-Terminal Fingered FETs PMOS Pads are ordered (from bottom-to-top): S, D, G, S, D, G, S, D, G, S, D, G"
'3448',FINGERED FET,mod_fingered_fet_ov_nmos_nf_32_lc_0.36_lch_0.12_lov_0.02_gateasym_0.00_w_4.0,5650,10080.0,3,4000.0,32,120.0,360.0,20.0,0.0,None,None,"3-Terminal Fingered FETs NMOS Pads are ordered (from bottom-to-top): S, D, G, S, D, G, S, D, G, S, D, G"
'3449',FINGERED FET,mod_fingered_fet_ov_nmos_nf_16_lc_0.36_lch_0.12_lov_0.02_gateasym_0.00_w_4.0,5650,13320.0,3,4000.0,16,120.0,360.0,20.0,0.0,None,None,"3-Terminal Fingered FETs NMOS Pads are ordered (from bottom-to-top): S, D, G, S, D, G, S, D, G, S, D, G"
'3450',FINGERED FET,mod_fingered_fet_ov_nmos_nf_8_lc_0.36_lch_0.12_lov_0.02_gateasym_0.00_w_4.0,5650,16560.0,3,4000.0,8,120.0,360.0,20.0,0.0,None,None,"3-Terminal Fingered FETs NMOS Pads are ordered (from bottom-to-top): S, D, G, S, D, G, S, D, G, S, D, G"
'3451',FINGERED FET,mod_fingered_fet_ov_nmos_nf_4_lc_0.36_lch_0.12_lov_0.02_gateasym_0.00_w_4.0,5650,19800.0,3,4000.0,4,120.0,360.0,20.0,0.0,None,None,"3-Terminal Fingered FETs NMOS Pads are ordered (from bottom-to-top): S, D, G, S, D, G, S, D, G, S, D, G"
'3452',FINGERED FET,mod_fingered_fet_ov_pmos_nf_32_lc_0.36_lch_0.12_lov_0.02_gateasym_0.00_w_4.0,5700,10080.0,3,4000.0,32,120.0,360.0,20.0,0.0,None,None,"3-Terminal Fingered FETs PMOS Pads are ordered (from bottom-to-top): S, D, G, S, D, G, S, D, G, S, D, G"
'3453',FINGERED FET,mod_fingered_fet_ov_pmos_nf_16_lc_0.36_lch_0.12_lov_0.02_gateasym_0.00_w_4.0,5700,13320.0,3,4000.0,16,120.0,360.0,20.0,0.0,None,None,"3-Terminal Fingered FETs PMOS Pads are ordered (from bottom-to-top): S, D, G, S, D, G, S, D, G, S, D, G"
'3454',FINGERED FET,mod_fingered_fet_ov_pmos_nf_8_lc_0.36_lch_0.12_lov_0.02_gateasym_0.00_w_4.0,5700,16560.0,3,4000.0,8,120.0,360.0,20.0,0.0,None,None,"3-Terminal Fingered FETs PMOS Pads are ordered (from bottom-to-top): S, D, G, S, D, G, S, D, G, S, D, G"
'3455',FINGERED FET,mod_fingered_fet_ov_pmos_nf_4_lc_0.36_lch_0.12_lov_0.02_gateasym_0.00_w_4.0,5700,19800.0,3,4000.0,4,120.0,360.0,20.0,0.0,None,None,"3-Terminal Fingered FETs PMOS Pads are ordered (from bottom-to-top): S, D, G, S, D, G, S, D, G, S, D, G"
'3456',FINGERED FET,mod_fingered_fet_ov_nmos_nf_32_lc_0.36_lch_0.12_lov_0.0_gateasym_0.00_w_4.0,5750,10080.0,3,4000.0,32,120.0,360.0,0.0,0.0,None,None,"3-Terminal Fingered FETs NMOS Pads are ordered (from bottom-to-top): S, D, G, S, D, G, S, D, G, S, D, G"
'3457',FINGERED FET,mod_fingered_fet_ov_nmos_nf_16_lc_0.36_lch_0.12_lov_0.0_gateasym_0.00_w_4.0,5750,13320.0,3,4000.0,16,120.0,360.0,0.0,0.0,None,None,"3-Terminal Fingered FETs NMOS Pads are ordered (from bottom-to-top): S, D, G, S, D, G, S, D, G, S, D, G"
'3458',FINGERED FET,mod_fingered_fet_ov_nmos_nf_8_lc_0.36_lch_0.12_lov_0.0_gateasym_0.00_w_4.0,5750,16560.0,3,4000.0,8,120.0,360.0,0.0,0.0,None,None,"3-Terminal Fingered FETs NMOS Pads are ordered (from bottom-to-top): S, D, G, S, D, G, S, D, G, S, D, G"
'3459',FINGERED FET,mod_fingered_fet_ov_nmos_nf_4_lc_0.36_lch_0.12_lov_0.0_gateasym_0.00_w_4.0,5750,19800.0,3,4000.0,4,120.0,360.0,0.0,0.0,None,None,"3-Terminal Fingered FETs NMOS Pads are ordered (from bottom-to-top): S, D, G, S, D, G, S, D, G, S, D, G"
'3460',FINGERED FET,mod_fingered_fet_ov_pmos_nf_32_lc_0.36_lch_0.12_lov_0.0_gateasym_0.00_w_4.0,5800,10080.0,3,4000.0,32,120.0,360.0,0.0,0.0,None,None,"3-Terminal Fingered FETs PMOS Pads are ordered (from bottom-to-top): S, D, G, S, D, G, S, D, G, S, D, G"
'3461',FINGERED FET,mod_fingered_fet_ov_pmos_nf_16_lc_0.36_lch_0.12_lov_0.0_gateasym_0.00_w_4.0,5800,13320.0,3,4000.0,16,120.0,360.0,0.0,0.0,None,None,"3-Terminal Fingered FETs PMOS Pads are ordered (from bottom-to-top): S, D, G, S, D, G, S, D, G, S, D, G"
'3462',FINGERED FET,mod_fingered_fet_ov_pmos_nf_8_lc_0.36_lch_0.12_lov_0.0_gateasym_0.00_w_4.0,5800,16560.0,3,4000.0,8,120.0,360.0,0.0,0.0,None,None,"3-Terminal Fingered FETs PMOS Pads are ordered (from bottom-to-top): S, D, G, S, D, G, S, D, G, S, D, G"
'3463',FINGERED FET,mod_fingered_fet_ov_pmos_nf_4_lc_0.36_lch_0.12_lov_0.0_gateasym_0.00_w_4.0,5800,19800.0,3,4000.0,4,120.0,360.0,0.0,0.0,None,None,"3-Terminal Fingered FETs PMOS Pads are ordered (from bottom-to-top): S, D, G, S, D, G, S, D, G, S, D, G"
'3464',FINGERED FET,mod_fingered_fet_ov_nmos_nf_32_lc_0.36_lch_0.12_lov_-0.01_gateasym_0.00_w_4.0,5850,10080.0,3,4000.0,32,120.0,360.0,-10.0,0.0,None,None,"3-Terminal Fingered FETs NMOS Pads are ordered (from bottom-to-top): S, D, G, S, D, G, S, D, G, S, D, G"
'3465',FINGERED FET,mod_fingered_fet_ov_nmos_nf_16_lc_0.36_lch_0.12_lov_-0.01_gateasym_0.00_w_4.0,5850,13320.0,3,4000.0,16,120.0,360.0,-10.0,0.0,None,None,"3-Terminal Fingered FETs NMOS Pads are ordered (from bottom-to-top): S, D, G, S, D, G, S, D, G, S, D, G"
'3466',FINGERED FET,mod_fingered_fet_ov_nmos_nf_8_lc_0.36_lch_0.12_lov_-0.01_gateasym_0.00_w_4.0,5850,16560.0,3,4000.0,8,120.0,360.0,-10.0,0.0,None,None,"3-Terminal Fingered FETs NMOS Pads are ordered (from bottom-to-top): S, D, G, S, D, G, S, D, G, S, D, G"
'3467',FINGERED FET,mod_fingered_fet_ov_nmos_nf_4_lc_0.36_lch_0.12_lov_-0.01_gateasym_0.00_w_4.0,5850,19800.0,3,4000.0,4,120.0,360.0,-10.0,0.0,None,None,"3-Terminal Fingered FETs NMOS Pads are ordered (from bottom-to-top): S, D, G, S, D, G, S, D, G, S, D, G"
'3468',FINGERED FET,mod_fingered_fet_ov_pmos_nf_32_lc_0.36_lch_0.12_lov_-0.01_gateasym_0.00_w_4.0,5900,10080.0,3,4000.0,32,120.0,360.0,-10.0,0.0,None,None,"3-Terminal Fingered FETs PMOS Pads are ordered (from bottom-to-top): S, D, G, S, D, G, S, D, G, S, D, G"
'3469',FINGERED FET,mod_fingered_fet_ov_pmos_nf_16_lc_0.36_lch_0.12_lov_-0.01_gateasym_0.00_w_4.0,5900,13320.0,3,4000.0,16,120.0,360.0,-10.0,0.0,None,None,"3-Terminal Fingered FETs PMOS Pads are ordered (from bottom-to-top): S, D, G, S, D, G, S, D, G, S, D, G"
'3470',FINGERED FET,mod_fingered_fet_ov_pmos_nf_8_lc_0.36_lch_0.12_lov_-0.01_gateasym_0.00_w_4.0,5900,16560.0,3,4000.0,8,120.0,360.0,-10.0,0.0,None,None,"3-Terminal Fingered FETs PMOS Pads are ordered (from bottom-to-top): S, D, G, S, D, G, S, D, G, S, D, G"
'3471',FINGERED FET,mod_fingered_fet_ov_pmos_nf_4_lc_0.36_lch_0.12_lov_-0.01_gateasym_0.00_w_4.0,5900,19800.0,3,4000.0,4,120.0,360.0,-10.0,0.0,None,None,"3-Terminal Fingered FETs PMOS Pads are ordered (from bottom-to-top): S, D, G, S, D, G, S, D, G, S, D, G"
'3472',FINGERED FET,mod_fingered_fet_ov_nmos_nf_32_lc_0.36_lch_0.08_lov_0.1_gateasym_0.00_w_4.0,5950,10080.0,3,4000.0,32,80.0,360.0,100.0,0.0,None,None,"3-Terminal Fingered FETs NMOS Pads are ordered (from bottom-to-top): S, D, G, S, D, G, S, D, G, S, D, G"
'3473',FINGERED FET,mod_fingered_fet_ov_nmos_nf_16_lc_0.36_lch_0.08_lov_0.1_gateasym_0.00_w_4.0,5950,13320.0,3,4000.0,16,80.0,360.0,100.0,0.0,None,None,"3-Terminal Fingered FETs NMOS Pads are ordered (from bottom-to-top): S, D, G, S, D, G, S, D, G, S, D, G"
'3474',FINGERED FET,mod_fingered_fet_ov_nmos_nf_8_lc_0.36_lch_0.08_lov_0.1_gateasym_0.00_w_4.0,5950,16560.0,3,4000.0,8,80.0,360.0,100.0,0.0,None,None,"3-Terminal Fingered FETs NMOS Pads are ordered (from bottom-to-top): S, D, G, S, D, G, S, D, G, S, D, G"
'3475',FINGERED FET,mod_fingered_fet_ov_nmos_nf_4_lc_0.36_lch_0.08_lov_0.1_gateasym_0.00_w_4.0,5950,19800.0,3,4000.0,4,80.0,360.0,100.0,0.0,None,None,"3-Terminal Fingered FETs NMOS Pads are ordered (from bottom-to-top): S, D, G, S, D, G, S, D, G, S, D, G"
'3476',FINGERED FET,mod_fingered_fet_ov_pmos_nf_32_lc_0.36_lch_0.08_lov_0.1_gateasym_0.00_w_4.0,6000,10080.0,3,4000.0,32,80.0,360.0,100.0,0.0,None,None,"3-Terminal Fingered FETs PMOS Pads are ordered (from bottom-to-top): S, D, G, S, D, G, S, D, G, S, D, G"
'3477',FINGERED FET,mod_fingered_fet_ov_pmos_nf_16_lc_0.36_lch_0.08_lov_0.1_gateasym_0.00_w_4.0,6000,13320.0,3,4000.0,16,80.0,360.0,100.0,0.0,None,None,"3-Terminal Fingered FETs PMOS Pads are ordered (from bottom-to-top): S, D, G, S, D, G, S, D, G, S, D, G"
'3478',FINGERED FET,mod_fingered_fet_ov_pmos_nf_8_lc_0.36_lch_0.08_lov_0.1_gateasym_0.00_w_4.0,6000,16560.0,3,4000.0,8,80.0,360.0,100.0,0.0,None,None,"3-Terminal Fingered FETs PMOS Pads are ordered (from bottom-to-top): S, D, G, S, D, G, S, D, G, S, D, G"
'3479',FINGERED FET,mod_fingered_fet_ov_pmos_nf_4_lc_0.36_lch_0.08_lov_0.1_gateasym_0.00_w_4.0,6000,19800.0,3,4000.0,4,80.0,360.0,100.0,0.0,None,None,"3-Terminal Fingered FETs PMOS Pads are ordered (from bottom-to-top): S, D, G, S, D, G, S, D, G, S, D, G"
'3480',FINGERED FET,mod_fingered_fet_ov_nmos_nf_32_lc_0.36_lch_0.08_lov_0.08_gateasym_0.00_w_4.0,6050,10080.0,3,4000.0,32,80.0,360.0,80.0,0.0,None,None,"3-Terminal Fingered FETs NMOS Pads are ordered (from bottom-to-top): S, D, G, S, D, G, S, D, G, S, D, G"
'3481',FINGERED FET,mod_fingered_fet_ov_nmos_nf_16_lc_0.36_lch_0.08_lov_0.08_gateasym_0.00_w_4.0,6050,13320.0,3,4000.0,16,80.0,360.0,80.0,0.0,None,None,"3-Terminal Fingered FETs NMOS Pads are ordered (from bottom-to-top): S, D, G, S, D, G, S, D, G, S, D, G"
'3482',FINGERED FET,mod_fingered_fet_ov_nmos_nf_8_lc_0.36_lch_0.08_lov_0.08_gateasym_0.00_w_4.0,6050,16560.0,3,4000.0,8,80.0,360.0,80.0,0.0,None,None,"3-Terminal Fingered FETs NMOS Pads are ordered (from bottom-to-top): S, D, G, S, D, G, S, D, G, S, D, G"
'3483',FINGERED FET,mod_fingered_fet_ov_nmos_nf_4_lc_0.36_lch_0.08_lov_0.08_gateasym_0.00_w_4.0,6050,19800.0,3,4000.0,4,80.0,360.0,80.0,0.0,None,None,"3-Terminal Fingered FETs NMOS Pads are ordered (from bottom-to-top): S, D, G, S, D, G, S, D, G, S, D, G"
'3484',FINGERED FET,mod_fingered_fet_ov_pmos_nf_32_lc_0.36_lch_0.08_lov_0.08_gateasym_0.00_w_4.0,6100,10080.0,3,4000.0,32,80.0,360.0,80.0,0.0,None,None,"3-Terminal Fingered FETs PMOS Pads are ordered (from bottom-to-top): S, D, G, S, D, G, S, D, G, S, D, G"
'3485',FINGERED FET,mod_fingered_fet_ov_pmos_nf_16_lc_0.36_lch_0.08_lov_0.08_gateasym_0.00_w_4.0,6100,13320.0,3,4000.0,16,80.0,360.0,80.0,0.0,None,None,"3-Terminal Fingered FETs PMOS Pads are ordered (from bottom-to-top): S, D, G, S, D, G, S, D, G, S, D, G"
'3486',FINGERED FET,mod_fingered_fet_ov_pmos_nf_8_lc_0.36_lch_0.08_lov_0.08_gateasym_0.00_w_4.0,6100,16560.0,3,4000.0,8,80.0,360.0,80.0,0.0,None,None,"3-Terminal Fingered FETs PMOS Pads are ordered (from bottom-to-top): S, D, G, S, D, G, S, D, G, S, D, G"
'3487',FINGERED FET,mod_fingered_fet_ov_pmos_nf_4_lc_0.36_lch_0.08_lov_0.08_gateasym_0.00_w_4.0,6100,19800.0,3,4000.0,4,80.0,360.0,80.0,0.0,None,None,"3-Terminal Fingered FETs PMOS Pads are ordered (from bottom-to-top): S, D, G, S, D, G, S, D, G, S, D, G"
'3488',FINGERED FET,mod_fingered_fet_ov_nmos_nf_32_lc_0.36_lch_0.08_lov_0.06_gateasym_0.00_w_4.0,6150,10080.0,3,4000.0,32,80.0,360.0,60.0,0.0,None,None,"3-Terminal Fingered FETs NMOS Pads are ordered (from bottom-to-top): S, D, G, S, D, G, S, D, G, S, D, G"
'3489',FINGERED FET,mod_fingered_fet_ov_nmos_nf_16_lc_0.36_lch_0.08_lov_0.06_gateasym_0.00_w_4.0,6150,13320.0,3,4000.0,16,80.0,360.0,60.0,0.0,None,None,"3-Terminal Fingered FETs NMOS Pads are ordered (from bottom-to-top): S, D, G, S, D, G, S, D, G, S, D, G"
'3490',FINGERED FET,mod_fingered_fet_ov_nmos_nf_8_lc_0.36_lch_0.08_lov_0.06_gateasym_0.00_w_4.0,6150,16560.0,3,4000.0,8,80.0,360.0,60.0,0.0,None,None,"3-Terminal Fingered FETs NMOS Pads are ordered (from bottom-to-top): S, D, G, S, D, G, S, D, G, S, D, G"
'3491',FINGERED FET,mod_fingered_fet_ov_nmos_nf_4_lc_0.36_lch_0.08_lov_0.06_gateasym_0.00_w_4.0,6150,19800.0,3,4000.0,4,80.0,360.0,60.0,0.0,None,None,"3-Terminal Fingered FETs NMOS Pads are ordered (from bottom-to-top): S, D, G, S, D, G, S, D, G, S, D, G"
'3492',FINGERED FET,mod_fingered_fet_ov_pmos_nf_32_lc_0.36_lch_0.08_lov_0.06_gateasym_0.00_w_4.0,6200,10080.0,3,4000.0,32,80.0,360.0,60.0,0.0,None,None,"3-Terminal Fingered FETs PMOS Pads are ordered (from bottom-to-top): S, D, G, S, D, G, S, D, G, S, D, G"
'3493',FINGERED FET,mod_fingered_fet_ov_pmos_nf_16_lc_0.36_lch_0.08_lov_0.06_gateasym_0.00_w_4.0,6200,13320.0,3,4000.0,16,80.0,360.0,60.0,0.0,None,None,"3-Terminal Fingered FETs PMOS Pads are ordered (from bottom-to-top): S, D, G, S, D, G, S, D, G, S, D, G"
'3494',FINGERED FET,mod_fingered_fet_ov_pmos_nf_8_lc_0.36_lch_0.08_lov_0.06_gateasym_0.00_w_4.0,6200,16560.0,3,4000.0,8,80.0,360.0,60.0,0.0,None,None,"3-Terminal Fingered FETs PMOS Pads are ordered (from bottom-to-top): S, D, G, S, D, G, S, D, G, S, D, G"
'3495',FINGERED FET,mod_fingered_fet_ov_pmos_nf_4_lc_0.36_lch_0.08_lov_0.06_gateasym_0.00_w_4.0,6200,19800.0,3,4000.0,4,80.0,360.0,60.0,0.0,None,None,"3-Terminal Fingered FETs PMOS Pads are ordered (from bottom-to-top): S, D, G, S, D, G, S, D, G, S, D, G"
'3496',FINGERED FET,mod_fingered_fet_ov_nmos_nf_32_lc_0.36_lch_0.08_lov_0.04_gateasym_0.00_w_4.0,6250,10080.0,3,4000.0,32,80.0,360.0,40.0,0.0,None,None,"3-Terminal Fingered FETs NMOS Pads are ordered (from bottom-to-top): S, D, G, S, D, G, S, D, G, S, D, G"
'3497',FINGERED FET,mod_fingered_fet_ov_nmos_nf_16_lc_0.36_lch_0.08_lov_0.04_gateasym_0.00_w_4.0,6250,13320.0,3,4000.0,16,80.0,360.0,40.0,0.0,None,None,"3-Terminal Fingered FETs NMOS Pads are ordered (from bottom-to-top): S, D, G, S, D, G, S, D, G, S, D, G"
'3498',FINGERED FET,mod_fingered_fet_ov_nmos_nf_8_lc_0.36_lch_0.08_lov_0.04_gateasym_0.00_w_4.0,6250,16560.0,3,4000.0,8,80.0,360.0,40.0,0.0,None,None,"3-Terminal Fingered FETs NMOS Pads are ordered (from bottom-to-top): S, D, G, S, D, G, S, D, G, S, D, G"
'3499',FINGERED FET,mod_fingered_fet_ov_nmos_nf_4_lc_0.36_lch_0.08_lov_0.04_gateasym_0.00_w_4.0,6250,19800.0,3,4000.0,4,80.0,360.0,40.0,0.0,None,None,"3-Terminal Fingered FETs NMOS Pads are ordered (from bottom-to-top): S, D, G, S, D, G, S, D, G, S, D, G"
'3500',FINGERED FET,mod_fingered_fet_ov_pmos_nf_32_lc_0.36_lch_0.08_lov_0.04_gateasym_0.00_w_4.0,6300,10080.0,3,4000.0,32,80.0,360.0,40.0,0.0,None,None,"3-Terminal Fingered FETs PMOS Pads are ordered (from bottom-to-top): S, D, G, S, D, G, S, D, G, S, D, G"
'3501',FINGERED FET,mod_fingered_fet_ov_pmos_nf_16_lc_0.36_lch_0.08_lov_0.04_gateasym_0.00_w_4.0,6300,13320.0,3,4000.0,16,80.0,360.0,40.0,0.0,None,None,"3-Terminal Fingered FETs PMOS Pads are ordered (from bottom-to-top): S, D, G, S, D, G, S, D, G, S, D, G"
'3502',FINGERED FET,mod_fingered_fet_ov_pmos_nf_8_lc_0.36_lch_0.08_lov_0.04_gateasym_0.00_w_4.0,6300,16560.0,3,4000.0,8,80.0,360.0,40.0,0.0,None,None,"3-Terminal Fingered FETs PMOS Pads are ordered (from bottom-to-top): S, D, G, S, D, G, S, D, G, S, D, G"
'3503',FINGERED FET,mod_fingered_fet_ov_pmos_nf_4_lc_0.36_lch_0.08_lov_0.04_gateasym_0.00_w_4.0,6300,19800.0,3,4000.0,4,80.0,360.0,40.0,0.0,None,None,"3-Terminal Fingered FETs PMOS Pads are ordered (from bottom-to-top): S, D, G, S, D, G, S, D, G, S, D, G"
'3504',FINGERED FET,mod_fingered_fet_ov_nmos_nf_32_lc_0.36_lch_0.08_lov_0.02_gateasym_0.00_w_4.0,6350,10080.0,3,4000.0,32,80.0,360.0,20.0,0.0,None,None,"3-Terminal Fingered FETs NMOS Pads are ordered (from bottom-to-top): S, D, G, S, D, G, S, D, G, S, D, G"
'3505',FINGERED FET,mod_fingered_fet_ov_nmos_nf_16_lc_0.36_lch_0.08_lov_0.02_gateasym_0.00_w_4.0,6350,13320.0,3,4000.0,16,80.0,360.0,20.0,0.0,None,None,"3-Terminal Fingered FETs NMOS Pads are ordered (from bottom-to-top): S, D, G, S, D, G, S, D, G, S, D, G"
'3506',FINGERED FET,mod_fingered_fet_ov_nmos_nf_8_lc_0.36_lch_0.08_lov_0.02_gateasym_0.00_w_4.0,6350,16560.0,3,4000.0,8,80.0,360.0,20.0,0.0,None,None,"3-Terminal Fingered FETs NMOS Pads are ordered (from bottom-to-top): S, D, G, S, D, G, S, D, G, S, D, G"
'3507',FINGERED FET,mod_fingered_fet_ov_nmos_nf_4_lc_0.36_lch_0.08_lov_0.02_gateasym_0.00_w_4.0,6350,19800.0,3,4000.0,4,80.0,360.0,20.0,0.0,None,None,"3-Terminal Fingered FETs NMOS Pads are ordered (from bottom-to-top): S, D, G, S, D, G, S, D, G, S, D, G"
'3508',FINGERED FET,mod_fingered_fet_ov_pmos_nf_32_lc_0.36_lch_0.08_lov_0.02_gateasym_0.00_w_4.0,6400,10080.0,3,4000.0,32,80.0,360.0,20.0,0.0,None,None,"3-Terminal Fingered FETs PMOS Pads are ordered (from bottom-to-top): S, D, G, S, D, G, S, D, G, S, D, G"
'3509',FINGERED FET,mod_fingered_fet_ov_pmos_nf_16_lc_0.36_lch_0.08_lov_0.02_gateasym_0.00_w_4.0,6400,13320.0,3,4000.0,16,80.0,360.0,20.0,0.0,None,None,"3-Terminal Fingered FETs PMOS Pads are ordered (from bottom-to-top): S, D, G, S, D, G, S, D, G, S, D, G"
'3510',FINGERED FET,mod_fingered_fet_ov_pmos_nf_8_lc_0.36_lch_0.08_lov_0.02_gateasym_0.00_w_4.0,6400,16560.0,3,4000.0,8,80.0,360.0,20.0,0.0,None,None,"3-Terminal Fingered FETs PMOS Pads are ordered (from bottom-to-top): S, D, G, S, D, G, S, D, G, S, D, G"
'3511',FINGERED FET,mod_fingered_fet_ov_pmos_nf_4_lc_0.36_lch_0.08_lov_0.02_gateasym_0.00_w_4.0,6400,19800.0,3,4000.0,4,80.0,360.0,20.0,0.0,None,None,"3-Terminal Fingered FETs PMOS Pads are ordered (from bottom-to-top): S, D, G, S, D, G, S, D, G, S, D, G"
'3512',FINGERED FET,mod_fingered_fet_ov_nmos_nf_32_lc_0.36_lch_0.08_lov_0.0_gateasym_0.00_w_4.0,6450,10080.0,3,4000.0,32,80.0,360.0,0.0,0.0,None,None,"3-Terminal Fingered FETs NMOS Pads are ordered (from bottom-to-top): S, D, G, S, D, G, S, D, G, S, D, G"
'3513',FINGERED FET,mod_fingered_fet_ov_nmos_nf_16_lc_0.36_lch_0.08_lov_0.0_gateasym_0.00_w_4.0,6450,13320.0,3,4000.0,16,80.0,360.0,0.0,0.0,None,None,"3-Terminal Fingered FETs NMOS Pads are ordered (from bottom-to-top): S, D, G, S, D, G, S, D, G, S, D, G"
'3514',FINGERED FET,mod_fingered_fet_ov_nmos_nf_8_lc_0.36_lch_0.08_lov_0.0_gateasym_0.00_w_4.0,6450,16560.0,3,4000.0,8,80.0,360.0,0.0,0.0,None,None,"3-Terminal Fingered FETs NMOS Pads are ordered (from bottom-to-top): S, D, G, S, D, G, S, D, G, S, D, G"
'3515',FINGERED FET,mod_fingered_fet_ov_nmos_nf_4_lc_0.36_lch_0.08_lov_0.0_gateasym_0.00_w_4.0,6450,19800.0,3,4000.0,4,80.0,360.0,0.0,0.0,None,None,"3-Terminal Fingered FETs NMOS Pads are ordered (from bottom-to-top): S, D, G, S, D, G, S, D, G, S, D, G"
'3516',FINGERED FET,mod_fingered_fet_ov_pmos_nf_32_lc_0.36_lch_0.08_lov_0.0_gateasym_0.00_w_4.0,6500,10080.0,3,4000.0,32,80.0,360.0,0.0,0.0,None,None,"3-Terminal Fingered FETs PMOS Pads are ordered (from bottom-to-top): S, D, G, S, D, G, S, D, G, S, D, G"
'3517',FINGERED FET,mod_fingered_fet_ov_pmos_nf_16_lc_0.36_lch_0.08_lov_0.0_gateasym_0.00_w_4.0,6500,13320.0,3,4000.0,16,80.0,360.0,0.0,0.0,None,None,"3-Terminal Fingered FETs PMOS Pads are ordered (from bottom-to-top): S, D, G, S, D, G, S, D, G, S, D, G"
'3518',FINGERED FET,mod_fingered_fet_ov_pmos_nf_8_lc_0.36_lch_0.08_lov_0.0_gateasym_0.00_w_4.0,6500,16560.0,3,4000.0,8,80.0,360.0,0.0,0.0,None,None,"3-Terminal Fingered FETs PMOS Pads are ordered (from bottom-to-top): S, D, G, S, D, G, S, D, G, S, D, G"
'3519',FINGERED FET,mod_fingered_fet_ov_pmos_nf_4_lc_0.36_lch_0.08_lov_0.0_gateasym_0.00_w_4.0,6500,19800.0,3,4000.0,4,80.0,360.0,0.0,0.0,None,None,"3-Terminal Fingered FETs PMOS Pads are ordered (from bottom-to-top): S, D, G, S, D, G, S, D, G, S, D, G"
'3520',FINGERED FET,mod_fingered_fet_ov_nmos_nf_32_lc_0.36_lch_0.08_lov_-0.01_gateasym_0.00_w_4.0,6550,10080.0,3,4000.0,32,80.0,360.0,-10.0,0.0,None,None,"3-Terminal Fingered FETs NMOS Pads are ordered (from bottom-to-top): S, D, G, S, D, G, S, D, G, S, D, G"
'3521',FINGERED FET,mod_fingered_fet_ov_nmos_nf_16_lc_0.36_lch_0.08_lov_-0.01_gateasym_0.00_w_4.0,6550,13320.0,3,4000.0,16,80.0,360.0,-10.0,0.0,None,None,"3-Terminal Fingered FETs NMOS Pads are ordered (from bottom-to-top): S, D, G, S, D, G, S, D, G, S, D, G"
'3522',FINGERED FET,mod_fingered_fet_ov_nmos_nf_8_lc_0.36_lch_0.08_lov_-0.01_gateasym_0.00_w_4.0,6550,16560.0,3,4000.0,8,80.0,360.0,-10.0,0.0,None,None,"3-Terminal Fingered FETs NMOS Pads are ordered (from bottom-to-top): S, D, G, S, D, G, S, D, G, S, D, G"
'3523',FINGERED FET,mod_fingered_fet_ov_nmos_nf_4_lc_0.36_lch_0.08_lov_-0.01_gateasym_0.00_w_4.0,6550,19800.0,3,4000.0,4,80.0,360.0,-10.0,0.0,None,None,"3-Terminal Fingered FETs NMOS Pads are ordered (from bottom-to-top): S, D, G, S, D, G, S, D, G, S, D, G"
'3524',FINGERED FET,mod_fingered_fet_ov_pmos_nf_32_lc_0.36_lch_0.08_lov_-0.01_gateasym_0.00_w_4.0,6600,10080.0,3,4000.0,32,80.0,360.0,-10.0,0.0,None,None,"3-Terminal Fingered FETs PMOS Pads are ordered (from bottom-to-top): S, D, G, S, D, G, S, D, G, S, D, G"
'3525',FINGERED FET,mod_fingered_fet_ov_pmos_nf_16_lc_0.36_lch_0.08_lov_-0.01_gateasym_0.00_w_4.0,6600,13320.0,3,4000.0,16,80.0,360.0,-10.0,0.0,None,None,"3-Terminal Fingered FETs PMOS Pads are ordered (from bottom-to-top): S, D, G, S, D, G, S, D, G, S, D, G"
'3526',FINGERED FET,mod_fingered_fet_ov_pmos_nf_8_lc_0.36_lch_0.08_lov_-0.01_gateasym_0.00_w_4.0,6600,16560.0,3,4000.0,8,80.0,360.0,-10.0,0.0,None,None,"3-Terminal Fingered FETs PMOS Pads are ordered (from bottom-to-top): S, D, G, S, D, G, S, D, G, S, D, G"
'3527',FINGERED FET,mod_fingered_fet_ov_pmos_nf_4_lc_0.36_lch_0.08_lov_-0.01_gateasym_0.00_w_4.0,6600,19800.0,3,4000.0,4,80.0,360.0,-10.0,0.0,None,None,"3-Terminal Fingered FETs PMOS Pads are ordered (from bottom-to-top): S, D, G, S, D, G, S, D, G, S, D, G"
'3528',FINGERED FET,mod_fingered_fet_ov_nmos_nf_32_lc_0.28_lch_0.16_lov_0.1_gateasym_0.00_w_4.0,6650,10080.0,3,4000.0,32,160.0,280.0,100.0,0.0,None,None,"3-Terminal Fingered FETs NMOS Pads are ordered (from bottom-to-top): S, D, G, S, D, G, S, D, G, S, D, G"
'3529',FINGERED FET,mod_fingered_fet_ov_nmos_nf_16_lc_0.28_lch_0.16_lov_0.1_gateasym_0.00_w_4.0,6650,13320.0,3,4000.0,16,160.0,280.0,100.0,0.0,None,None,"3-Terminal Fingered FETs NMOS Pads are ordered (from bottom-to-top): S, D, G, S, D, G, S, D, G, S, D, G"
'3530',FINGERED FET,mod_fingered_fet_ov_nmos_nf_8_lc_0.28_lch_0.16_lov_0.1_gateasym_0.00_w_4.0,6650,16560.0,3,4000.0,8,160.0,280.0,100.0,0.0,None,None,"3-Terminal Fingered FETs NMOS Pads are ordered (from bottom-to-top): S, D, G, S, D, G, S, D, G, S, D, G"
'3531',FINGERED FET,mod_fingered_fet_ov_nmos_nf_4_lc_0.28_lch_0.16_lov_0.1_gateasym_0.00_w_4.0,6650,19800.0,3,4000.0,4,160.0,280.0,100.0,0.0,None,None,"3-Terminal Fingered FETs NMOS Pads are ordered (from bottom-to-top): S, D, G, S, D, G, S, D, G, S, D, G"
'3532',FINGERED FET,mod_fingered_fet_ov_pmos_nf_32_lc_0.28_lch_0.16_lov_0.1_gateasym_0.00_w_4.0,6700,10080.0,3,4000.0,32,160.0,280.0,100.0,0.0,None,None,"3-Terminal Fingered FETs PMOS Pads are ordered (from bottom-to-top): S, D, G, S, D, G, S, D, G, S, D, G"
'3533',FINGERED FET,mod_fingered_fet_ov_pmos_nf_16_lc_0.28_lch_0.16_lov_0.1_gateasym_0.00_w_4.0,6700,13320.0,3,4000.0,16,160.0,280.0,100.0,0.0,None,None,"3-Terminal Fingered FETs PMOS Pads are ordered (from bottom-to-top): S, D, G, S, D, G, S, D, G, S, D, G"
'3534',FINGERED FET,mod_fingered_fet_ov_pmos_nf_8_lc_0.28_lch_0.16_lov_0.1_gateasym_0.00_w_4.0,6700,16560.0,3,4000.0,8,160.0,280.0,100.0,0.0,None,None,"3-Terminal Fingered FETs PMOS Pads are ordered (from bottom-to-top): S, D, G, S, D, G, S, D, G, S, D, G"
'3535',FINGERED FET,mod_fingered_fet_ov_pmos_nf_4_lc_0.28_lch_0.16_lov_0.1_gateasym_0.00_w_4.0,6700,19800.0,3,4000.0,4,160.0,280.0,100.0,0.0,None,None,"3-Terminal Fingered FETs PMOS Pads are ordered (from bottom-to-top): S, D, G, S, D, G, S, D, G, S, D, G"
'3536',FINGERED FET,mod_fingered_fet_ov_nmos_nf_32_lc_0.28_lch_0.16_lov_0.08_gateasym_0.00_w_4.0,6750,10080.0,3,4000.0,32,160.0,280.0,80.0,0.0,None,None,"3-Terminal Fingered FETs NMOS Pads are ordered (from bottom-to-top): S, D, G, S, D, G, S, D, G, S, D, G"
'3537',FINGERED FET,mod_fingered_fet_ov_nmos_nf_16_lc_0.28_lch_0.16_lov_0.08_gateasym_0.00_w_4.0,6750,13320.0,3,4000.0,16,160.0,280.0,80.0,0.0,None,None,"3-Terminal Fingered FETs NMOS Pads are ordered (from bottom-to-top): S, D, G, S, D, G, S, D, G, S, D, G"
'3538',FINGERED FET,mod_fingered_fet_ov_nmos_nf_8_lc_0.28_lch_0.16_lov_0.08_gateasym_0.00_w_4.0,6750,16560.0,3,4000.0,8,160.0,280.0,80.0,0.0,None,None,"3-Terminal Fingered FETs NMOS Pads are ordered (from bottom-to-top): S, D, G, S, D, G, S, D, G, S, D, G"
'3539',FINGERED FET,mod_fingered_fet_ov_nmos_nf_4_lc_0.28_lch_0.16_lov_0.08_gateasym_0.00_w_4.0,6750,19800.0,3,4000.0,4,160.0,280.0,80.0,0.0,None,None,"3-Terminal Fingered FETs NMOS Pads are ordered (from bottom-to-top): S, D, G, S, D, G, S, D, G, S, D, G"
'3540',FINGERED FET,mod_fingered_fet_ov_pmos_nf_32_lc_0.28_lch_0.16_lov_0.08_gateasym_0.00_w_4.0,6800,10080.0,3,4000.0,32,160.0,280.0,80.0,0.0,None,None,"3-Terminal Fingered FETs PMOS Pads are ordered (from bottom-to-top): S, D, G, S, D, G, S, D, G, S, D, G"
'3541',FINGERED FET,mod_fingered_fet_ov_pmos_nf_16_lc_0.28_lch_0.16_lov_0.08_gateasym_0.00_w_4.0,6800,13320.0,3,4000.0,16,160.0,280.0,80.0,0.0,None,None,"3-Terminal Fingered FETs PMOS Pads are ordered (from bottom-to-top): S, D, G, S, D, G, S, D, G, S, D, G"
'3542',FINGERED FET,mod_fingered_fet_ov_pmos_nf_8_lc_0.28_lch_0.16_lov_0.08_gateasym_0.00_w_4.0,6800,16560.0,3,4000.0,8,160.0,280.0,80.0,0.0,None,None,"3-Terminal Fingered FETs PMOS Pads are ordered (from bottom-to-top): S, D, G, S, D, G, S, D, G, S, D, G"
'3543',FINGERED FET,mod_fingered_fet_ov_pmos_nf_4_lc_0.28_lch_0.16_lov_0.08_gateasym_0.00_w_4.0,6800,19800.0,3,4000.0,4,160.0,280.0,80.0,0.0,None,None,"3-Terminal Fingered FETs PMOS Pads are ordered (from bottom-to-top): S, D, G, S, D, G, S, D, G, S, D, G"
'3544',FINGERED FET,mod_fingered_fet_ov_nmos_nf_32_lc_0.28_lch_0.16_lov_0.06_gateasym_0.00_w_4.0,6850,10080.0,3,4000.0,32,160.0,280.0,60.0,0.0,None,None,"3-Terminal Fingered FETs NMOS Pads are ordered (from bottom-to-top): S, D, G, S, D, G, S, D, G, S, D, G"
'3545',FINGERED FET,mod_fingered_fet_ov_nmos_nf_16_lc_0.28_lch_0.16_lov_0.06_gateasym_0.00_w_4.0,6850,13320.0,3,4000.0,16,160.0,280.0,60.0,0.0,None,None,"3-Terminal Fingered FETs NMOS Pads are ordered (from bottom-to-top): S, D, G, S, D, G, S, D, G, S, D, G"
'3546',FINGERED FET,mod_fingered_fet_ov_nmos_nf_8_lc_0.28_lch_0.16_lov_0.06_gateasym_0.00_w_4.0,6850,16560.0,3,4000.0,8,160.0,280.0,60.0,0.0,None,None,"3-Terminal Fingered FETs NMOS Pads are ordered (from bottom-to-top): S, D, G, S, D, G, S, D, G, S, D, G"
'3547',FINGERED FET,mod_fingered_fet_ov_nmos_nf_4_lc_0.28_lch_0.16_lov_0.06_gateasym_0.00_w_4.0,6850,19800.0,3,4000.0,4,160.0,280.0,60.0,0.0,None,None,"3-Terminal Fingered FETs NMOS Pads are ordered (from bottom-to-top): S, D, G, S, D, G, S, D, G, S, D, G"
'3548',FINGERED FET,mod_fingered_fet_ov_pmos_nf_32_lc_0.28_lch_0.16_lov_0.06_gateasym_0.00_w_4.0,6900,10080.0,3,4000.0,32,160.0,280.0,60.0,0.0,None,None,"3-Terminal Fingered FETs PMOS Pads are ordered (from bottom-to-top): S, D, G, S, D, G, S, D, G, S, D, G"
'3549',FINGERED FET,mod_fingered_fet_ov_pmos_nf_16_lc_0.28_lch_0.16_lov_0.06_gateasym_0.00_w_4.0,6900,13320.0,3,4000.0,16,160.0,280.0,60.0,0.0,None,None,"3-Terminal Fingered FETs PMOS Pads are ordered (from bottom-to-top): S, D, G, S, D, G, S, D, G, S, D, G"
'3550',FINGERED FET,mod_fingered_fet_ov_pmos_nf_8_lc_0.28_lch_0.16_lov_0.06_gateasym_0.00_w_4.0,6900,16560.0,3,4000.0,8,160.0,280.0,60.0,0.0,None,None,"3-Terminal Fingered FETs PMOS Pads are ordered (from bottom-to-top): S, D, G, S, D, G, S, D, G, S, D, G"
'3551',FINGERED FET,mod_fingered_fet_ov_pmos_nf_4_lc_0.28_lch_0.16_lov_0.06_gateasym_0.00_w_4.0,6900,19800.0,3,4000.0,4,160.0,280.0,60.0,0.0,None,None,"3-Terminal Fingered FETs PMOS Pads are ordered (from bottom-to-top): S, D, G, S, D, G, S, D, G, S, D, G"
'3552',FINGERED FET,mod_fingered_fet_ov_nmos_nf_32_lc_0.28_lch_0.16_lov_0.04_gateasym_0.00_w_4.0,6950,10080.0,3,4000.0,32,160.0,280.0,40.0,0.0,None,None,"3-Terminal Fingered FETs NMOS Pads are ordered (from bottom-to-top): S, D, G, S, D, G, S, D, G, S, D, G"
'3553',FINGERED FET,mod_fingered_fet_ov_nmos_nf_16_lc_0.28_lch_0.16_lov_0.04_gateasym_0.00_w_4.0,6950,13320.0,3,4000.0,16,160.0,280.0,40.0,0.0,None,None,"3-Terminal Fingered FETs NMOS Pads are ordered (from bottom-to-top): S, D, G, S, D, G, S, D, G, S, D, G"
'3554',FINGERED FET,mod_fingered_fet_ov_nmos_nf_8_lc_0.28_lch_0.16_lov_0.04_gateasym_0.00_w_4.0,6950,16560.0,3,4000.0,8,160.0,280.0,40.0,0.0,None,None,"3-Terminal Fingered FETs NMOS Pads are ordered (from bottom-to-top): S, D, G, S, D, G, S, D, G, S, D, G"
'3555',FINGERED FET,mod_fingered_fet_ov_nmos_nf_4_lc_0.28_lch_0.16_lov_0.04_gateasym_0.00_w_4.0,6950,19800.0,3,4000.0,4,160.0,280.0,40.0,0.0,None,None,"3-Terminal Fingered FETs NMOS Pads are ordered (from bottom-to-top): S, D, G, S, D, G, S, D, G, S, D, G"
'3556',FINGERED FET,mod_fingered_fet_ov_pmos_nf_32_lc_0.28_lch_0.16_lov_0.04_gateasym_0.00_w_4.0,7000,10080.0,3,4000.0,32,160.0,280.0,40.0,0.0,None,None,"3-Terminal Fingered FETs PMOS Pads are ordered (from bottom-to-top): S, D, G, S, D, G, S, D, G, S, D, G"
'3557',FINGERED FET,mod_fingered_fet_ov_pmos_nf_16_lc_0.28_lch_0.16_lov_0.04_gateasym_0.00_w_4.0,7000,13320.0,3,4000.0,16,160.0,280.0,40.0,0.0,None,None,"3-Terminal Fingered FETs PMOS Pads are ordered (from bottom-to-top): S, D, G, S, D, G, S, D, G, S, D, G"
'3558',FINGERED FET,mod_fingered_fet_ov_pmos_nf_8_lc_0.28_lch_0.16_lov_0.04_gateasym_0.00_w_4.0,7000,16560.0,3,4000.0,8,160.0,280.0,40.0,0.0,None,None,"3-Terminal Fingered FETs PMOS Pads are ordered (from bottom-to-top): S, D, G, S, D, G, S, D, G, S, D, G"
'3559',FINGERED FET,mod_fingered_fet_ov_pmos_nf_4_lc_0.28_lch_0.16_lov_0.04_gateasym_0.00_w_4.0,7000,19800.0,3,4000.0,4,160.0,280.0,40.0,0.0,None,None,"3-Terminal Fingered FETs PMOS Pads are ordered (from bottom-to-top): S, D, G, S, D, G, S, D, G, S, D, G"
'3560',FINGERED FET,mod_fingered_fet_ov_nmos_nf_32_lc_0.28_lch_0.16_lov_0.02_gateasym_0.00_w_4.0,7050,10080.0,3,4000.0,32,160.0,280.0,20.0,0.0,None,None,"3-Terminal Fingered FETs NMOS Pads are ordered (from bottom-to-top): S, D, G, S, D, G, S, D, G, S, D, G"
'3561',FINGERED FET,mod_fingered_fet_ov_nmos_nf_16_lc_0.28_lch_0.16_lov_0.02_gateasym_0.00_w_4.0,7050,13320.0,3,4000.0,16,160.0,280.0,20.0,0.0,None,None,"3-Terminal Fingered FETs NMOS Pads are ordered (from bottom-to-top): S, D, G, S, D, G, S, D, G, S, D, G"
'3562',FINGERED FET,mod_fingered_fet_ov_nmos_nf_8_lc_0.28_lch_0.16_lov_0.02_gateasym_0.00_w_4.0,7050,16560.0,3,4000.0,8,160.0,280.0,20.0,0.0,None,None,"3-Terminal Fingered FETs NMOS Pads are ordered (from bottom-to-top): S, D, G, S, D, G, S, D, G, S, D, G"
'3563',FINGERED FET,mod_fingered_fet_ov_nmos_nf_4_lc_0.28_lch_0.16_lov_0.02_gateasym_0.00_w_4.0,7050,19800.0,3,4000.0,4,160.0,280.0,20.0,0.0,None,None,"3-Terminal Fingered FETs NMOS Pads are ordered (from bottom-to-top): S, D, G, S, D, G, S, D, G, S, D, G"
'3564',FINGERED FET,mod_fingered_fet_ov_pmos_nf_32_lc_0.28_lch_0.16_lov_0.02_gateasym_0.00_w_4.0,7100,10080.0,3,4000.0,32,160.0,280.0,20.0,0.0,None,None,"3-Terminal Fingered FETs PMOS Pads are ordered (from bottom-to-top): S, D, G, S, D, G, S, D, G, S, D, G"
'3565',FINGERED FET,mod_fingered_fet_ov_pmos_nf_16_lc_0.28_lch_0.16_lov_0.02_gateasym_0.00_w_4.0,7100,13320.0,3,4000.0,16,160.0,280.0,20.0,0.0,None,None,"3-Terminal Fingered FETs PMOS Pads are ordered (from bottom-to-top): S, D, G, S, D, G, S, D, G, S, D, G"
'3566',FINGERED FET,mod_fingered_fet_ov_pmos_nf_8_lc_0.28_lch_0.16_lov_0.02_gateasym_0.00_w_4.0,7100,16560.0,3,4000.0,8,160.0,280.0,20.0,0.0,None,None,"3-Terminal Fingered FETs PMOS Pads are ordered (from bottom-to-top): S, D, G, S, D, G, S, D, G, S, D, G"
'3567',FINGERED FET,mod_fingered_fet_ov_pmos_nf_4_lc_0.28_lch_0.16_lov_0.02_gateasym_0.00_w_4.0,7100,19800.0,3,4000.0,4,160.0,280.0,20.0,0.0,None,None,"3-Terminal Fingered FETs PMOS Pads are ordered (from bottom-to-top): S, D, G, S, D, G, S, D, G, S, D, G"
'3568',FINGERED FET,mod_fingered_fet_ov_nmos_nf_32_lc_0.28_lch_0.16_lov_0.0_gateasym_0.00_w_4.0,7150,10080.0,3,4000.0,32,160.0,280.0,0.0,0.0,None,None,"3-Terminal Fingered FETs NMOS Pads are ordered (from bottom-to-top): S, D, G, S, D, G, S, D, G, S, D, G"
'3569',FINGERED FET,mod_fingered_fet_ov_nmos_nf_16_lc_0.28_lch_0.16_lov_0.0_gateasym_0.00_w_4.0,7150,13320.0,3,4000.0,16,160.0,280.0,0.0,0.0,None,None,"3-Terminal Fingered FETs NMOS Pads are ordered (from bottom-to-top): S, D, G, S, D, G, S, D, G, S, D, G"
'3570',FINGERED FET,mod_fingered_fet_ov_nmos_nf_8_lc_0.28_lch_0.16_lov_0.0_gateasym_0.00_w_4.0,7150,16560.0,3,4000.0,8,160.0,280.0,0.0,0.0,None,None,"3-Terminal Fingered FETs NMOS Pads are ordered (from bottom-to-top): S, D, G, S, D, G, S, D, G, S, D, G"
'3571',FINGERED FET,mod_fingered_fet_ov_nmos_nf_4_lc_0.28_lch_0.16_lov_0.0_gateasym_0.00_w_4.0,7150,19800.0,3,4000.0,4,160.0,280.0,0.0,0.0,None,None,"3-Terminal Fingered FETs NMOS Pads are ordered (from bottom-to-top): S, D, G, S, D, G, S, D, G, S, D, G"
'3572',FINGERED FET,mod_fingered_fet_ov_pmos_nf_32_lc_0.28_lch_0.16_lov_0.0_gateasym_0.00_w_4.0,7200,10080.0,3,4000.0,32,160.0,280.0,0.0,0.0,None,None,"3-Terminal Fingered FETs PMOS Pads are ordered (from bottom-to-top): S, D, G, S, D, G, S, D, G, S, D, G"
'3573',FINGERED FET,mod_fingered_fet_ov_pmos_nf_16_lc_0.28_lch_0.16_lov_0.0_gateasym_0.00_w_4.0,7200,13320.0,3,4000.0,16,160.0,280.0,0.0,0.0,None,None,"3-Terminal Fingered FETs PMOS Pads are ordered (from bottom-to-top): S, D, G, S, D, G, S, D, G, S, D, G"
'3574',FINGERED FET,mod_fingered_fet_ov_pmos_nf_8_lc_0.28_lch_0.16_lov_0.0_gateasym_0.00_w_4.0,7200,16560.0,3,4000.0,8,160.0,280.0,0.0,0.0,None,None,"3-Terminal Fingered FETs PMOS Pads are ordered (from bottom-to-top): S, D, G, S, D, G, S, D, G, S, D, G"
'3575',FINGERED FET,mod_fingered_fet_ov_pmos_nf_4_lc_0.28_lch_0.16_lov_0.0_gateasym_0.00_w_4.0,7200,19800.0,3,4000.0,4,160.0,280.0,0.0,0.0,None,None,"3-Terminal Fingered FETs PMOS Pads are ordered (from bottom-to-top): S, D, G, S, D, G, S, D, G, S, D, G"
'3576',FINGERED FET,mod_fingered_fet_ov_nmos_nf_32_lc_0.28_lch_0.16_lov_-0.01_gateasym_0.00_w_4.0,7250,10080.0,3,4000.0,32,160.0,280.0,-10.0,0.0,None,None,"3-Terminal Fingered FETs NMOS Pads are ordered (from bottom-to-top): S, D, G, S, D, G, S, D, G, S, D, G"
'3577',FINGERED FET,mod_fingered_fet_ov_nmos_nf_16_lc_0.28_lch_0.16_lov_-0.01_gateasym_0.00_w_4.0,7250,13320.0,3,4000.0,16,160.0,280.0,-10.0,0.0,None,None,"3-Terminal Fingered FETs NMOS Pads are ordered (from bottom-to-top): S, D, G, S, D, G, S, D, G, S, D, G"
'3578',FINGERED FET,mod_fingered_fet_ov_nmos_nf_8_lc_0.28_lch_0.16_lov_-0.01_gateasym_0.00_w_4.0,7250,16560.0,3,4000.0,8,160.0,280.0,-10.0,0.0,None,None,"3-Terminal Fingered FETs NMOS Pads are ordered (from bottom-to-top): S, D, G, S, D, G, S, D, G, S, D, G"
'3579',FINGERED FET,mod_fingered_fet_ov_nmos_nf_4_lc_0.28_lch_0.16_lov_-0.01_gateasym_0.00_w_4.0,7250,19800.0,3,4000.0,4,160.0,280.0,-10.0,0.0,None,None,"3-Terminal Fingered FETs NMOS Pads are ordered (from bottom-to-top): S, D, G, S, D, G, S, D, G, S, D, G"
'3580',FINGERED FET,mod_fingered_fet_ov_pmos_nf_32_lc_0.28_lch_0.16_lov_-0.01_gateasym_0.00_w_4.0,7300,10080.0,3,4000.0,32,160.0,280.0,-10.0,0.0,None,None,"3-Terminal Fingered FETs PMOS Pads are ordered (from bottom-to-top): S, D, G, S, D, G, S, D, G, S, D, G"
'3581',FINGERED FET,mod_fingered_fet_ov_pmos_nf_16_lc_0.28_lch_0.16_lov_-0.01_gateasym_0.00_w_4.0,7300,13320.0,3,4000.0,16,160.0,280.0,-10.0,0.0,None,None,"3-Terminal Fingered FETs PMOS Pads are ordered (from bottom-to-top): S, D, G, S, D, G, S, D, G, S, D, G"
'3582',FINGERED FET,mod_fingered_fet_ov_pmos_nf_8_lc_0.28_lch_0.16_lov_-0.01_gateasym_0.00_w_4.0,7300,16560.0,3,4000.0,8,160.0,280.0,-10.0,0.0,None,None,"3-Terminal Fingered FETs PMOS Pads are ordered (from bottom-to-top): S, D, G, S, D, G, S, D, G, S, D, G"
'3583',FINGERED FET,mod_fingered_fet_ov_pmos_nf_4_lc_0.28_lch_0.16_lov_-0.01_gateasym_0.00_w_4.0,7300,19800.0,3,4000.0,4,160.0,280.0,-10.0,0.0,None,None,"3-Terminal Fingered FETs PMOS Pads are ordered (from bottom-to-top): S, D, G, S, D, G, S, D, G, S, D, G"
'3584',FINGERED FET,mod_fingered_fet_ov_nmos_nf_32_lc_0.28_lch_0.12_lov_0.1_gateasym_0.00_w_4.0,7350,10080.0,3,4000.0,32,120.0,280.0,100.0,0.0,None,None,"3-Terminal Fingered FETs NMOS Pads are ordered (from bottom-to-top): S, D, G, S, D, G, S, D, G, S, D, G"
'3585',FINGERED FET,mod_fingered_fet_ov_nmos_nf_16_lc_0.28_lch_0.12_lov_0.1_gateasym_0.00_w_4.0,7350,13320.0,3,4000.0,16,120.0,280.0,100.0,0.0,None,None,"3-Terminal Fingered FETs NMOS Pads are ordered (from bottom-to-top): S, D, G, S, D, G, S, D, G, S, D, G"
'3586',FINGERED FET,mod_fingered_fet_ov_nmos_nf_8_lc_0.28_lch_0.12_lov_0.1_gateasym_0.00_w_4.0,7350,16560.0,3,4000.0,8,120.0,280.0,100.0,0.0,None,None,"3-Terminal Fingered FETs NMOS Pads are ordered (from bottom-to-top): S, D, G, S, D, G, S, D, G, S, D, G"
'3587',FINGERED FET,mod_fingered_fet_ov_nmos_nf_4_lc_0.28_lch_0.12_lov_0.1_gateasym_0.00_w_4.0,7350,19800.0,3,4000.0,4,120.0,280.0,100.0,0.0,None,None,"3-Terminal Fingered FETs NMOS Pads are ordered (from bottom-to-top): S, D, G, S, D, G, S, D, G, S, D, G"
'3588',FINGERED FET,mod_fingered_fet_ov_pmos_nf_32_lc_0.28_lch_0.12_lov_0.1_gateasym_0.00_w_4.0,7400,10080.0,3,4000.0,32,120.0,280.0,100.0,0.0,None,None,"3-Terminal Fingered FETs PMOS Pads are ordered (from bottom-to-top): S, D, G, S, D, G, S, D, G, S, D, G"
'3589',FINGERED FET,mod_fingered_fet_ov_pmos_nf_16_lc_0.28_lch_0.12_lov_0.1_gateasym_0.00_w_4.0,7400,13320.0,3,4000.0,16,120.0,280.0,100.0,0.0,None,None,"3-Terminal Fingered FETs PMOS Pads are ordered (from bottom-to-top): S, D, G, S, D, G, S, D, G, S, D, G"
'3590',FINGERED FET,mod_fingered_fet_ov_pmos_nf_8_lc_0.28_lch_0.12_lov_0.1_gateasym_0.00_w_4.0,7400,16560.0,3,4000.0,8,120.0,280.0,100.0,0.0,None,None,"3-Terminal Fingered FETs PMOS Pads are ordered (from bottom-to-top): S, D, G, S, D, G, S, D, G, S, D, G"
'3591',FINGERED FET,mod_fingered_fet_ov_pmos_nf_4_lc_0.28_lch_0.12_lov_0.1_gateasym_0.00_w_4.0,7400,19800.0,3,4000.0,4,120.0,280.0,100.0,0.0,None,None,"3-Terminal Fingered FETs PMOS Pads are ordered (from bottom-to-top): S, D, G, S, D, G, S, D, G, S, D, G"
'3592',FINGERED FET,mod_fingered_fet_ov_nmos_nf_32_lc_0.28_lch_0.12_lov_0.08_gateasym_0.00_w_4.0,7450,10080.0,3,4000.0,32,120.0,280.0,80.0,0.0,None,None,"3-Terminal Fingered FETs NMOS Pads are ordered (from bottom-to-top): S, D, G, S, D, G, S, D, G, S, D, G"
'3593',FINGERED FET,mod_fingered_fet_ov_nmos_nf_16_lc_0.28_lch_0.12_lov_0.08_gateasym_0.00_w_4.0,7450,13320.0,3,4000.0,16,120.0,280.0,80.0,0.0,None,None,"3-Terminal Fingered FETs NMOS Pads are ordered (from bottom-to-top): S, D, G, S, D, G, S, D, G, S, D, G"
'3594',FINGERED FET,mod_fingered_fet_ov_nmos_nf_8_lc_0.28_lch_0.12_lov_0.08_gateasym_0.00_w_4.0,7450,16560.0,3,4000.0,8,120.0,280.0,80.0,0.0,None,None,"3-Terminal Fingered FETs NMOS Pads are ordered (from bottom-to-top): S, D, G, S, D, G, S, D, G, S, D, G"
'3595',FINGERED FET,mod_fingered_fet_ov_nmos_nf_4_lc_0.28_lch_0.12_lov_0.08_gateasym_0.00_w_4.0,7450,19800.0,3,4000.0,4,120.0,280.0,80.0,0.0,None,None,"3-Terminal Fingered FETs NMOS Pads are ordered (from bottom-to-top): S, D, G, S, D, G, S, D, G, S, D, G"
'3596',FINGERED FET,mod_fingered_fet_ov_pmos_nf_32_lc_0.28_lch_0.12_lov_0.08_gateasym_0.00_w_4.0,7500,10080.0,3,4000.0,32,120.0,280.0,80.0,0.0,None,None,"3-Terminal Fingered FETs PMOS Pads are ordered (from bottom-to-top): S, D, G, S, D, G, S, D, G, S, D, G"
'3597',FINGERED FET,mod_fingered_fet_ov_pmos_nf_16_lc_0.28_lch_0.12_lov_0.08_gateasym_0.00_w_4.0,7500,13320.0,3,4000.0,16,120.0,280.0,80.0,0.0,None,None,"3-Terminal Fingered FETs PMOS Pads are ordered (from bottom-to-top): S, D, G, S, D, G, S, D, G, S, D, G"
'3598',FINGERED FET,mod_fingered_fet_ov_pmos_nf_8_lc_0.28_lch_0.12_lov_0.08_gateasym_0.00_w_4.0,7500,16560.0,3,4000.0,8,120.0,280.0,80.0,0.0,None,None,"3-Terminal Fingered FETs PMOS Pads are ordered (from bottom-to-top): S, D, G, S, D, G, S, D, G, S, D, G"
'3599',FINGERED FET,mod_fingered_fet_ov_pmos_nf_4_lc_0.28_lch_0.12_lov_0.08_gateasym_0.00_w_4.0,7500,19800.0,3,4000.0,4,120.0,280.0,80.0,0.0,None,None,"3-Terminal Fingered FETs PMOS Pads are ordered (from bottom-to-top): S, D, G, S, D, G, S, D, G, S, D, G"
'3600',FINGERED FET,mod_fingered_fet_ov_nmos_nf_32_lc_0.28_lch_0.12_lov_0.06_gateasym_0.00_w_4.0,7550,10080.0,3,4000.0,32,120.0,280.0,60.0,0.0,None,None,"3-Terminal Fingered FETs NMOS Pads are ordered (from bottom-to-top): S, D, G, S, D, G, S, D, G, S, D, G"
'3601',FINGERED FET,mod_fingered_fet_ov_nmos_nf_16_lc_0.28_lch_0.12_lov_0.06_gateasym_0.00_w_4.0,7550,13320.0,3,4000.0,16,120.0,280.0,60.0,0.0,None,None,"3-Terminal Fingered FETs NMOS Pads are ordered (from bottom-to-top): S, D, G, S, D, G, S, D, G, S, D, G"
'3602',FINGERED FET,mod_fingered_fet_ov_nmos_nf_8_lc_0.28_lch_0.12_lov_0.06_gateasym_0.00_w_4.0,7550,16560.0,3,4000.0,8,120.0,280.0,60.0,0.0,None,None,"3-Terminal Fingered FETs NMOS Pads are ordered (from bottom-to-top): S, D, G, S, D, G, S, D, G, S, D, G"
'3603',FINGERED FET,mod_fingered_fet_ov_nmos_nf_4_lc_0.28_lch_0.12_lov_0.06_gateasym_0.00_w_4.0,7550,19800.0,3,4000.0,4,120.0,280.0,60.0,0.0,None,None,"3-Terminal Fingered FETs NMOS Pads are ordered (from bottom-to-top): S, D, G, S, D, G, S, D, G, S, D, G"
'3604',FINGERED FET,mod_fingered_fet_ov_pmos_nf_32_lc_0.28_lch_0.12_lov_0.06_gateasym_0.00_w_4.0,7600,10080.0,3,4000.0,32,120.0,280.0,60.0,0.0,None,None,"3-Terminal Fingered FETs PMOS Pads are ordered (from bottom-to-top): S, D, G, S, D, G, S, D, G, S, D, G"
'3605',FINGERED FET,mod_fingered_fet_ov_pmos_nf_16_lc_0.28_lch_0.12_lov_0.06_gateasym_0.00_w_4.0,7600,13320.0,3,4000.0,16,120.0,280.0,60.0,0.0,None,None,"3-Terminal Fingered FETs PMOS Pads are ordered (from bottom-to-top): S, D, G, S, D, G, S, D, G, S, D, G"
'3606',FINGERED FET,mod_fingered_fet_ov_pmos_nf_8_lc_0.28_lch_0.12_lov_0.06_gateasym_0.00_w_4.0,7600,16560.0,3,4000.0,8,120.0,280.0,60.0,0.0,None,None,"3-Terminal Fingered FETs PMOS Pads are ordered (from bottom-to-top): S, D, G, S, D, G, S, D, G, S, D, G"
'3607',FINGERED FET,mod_fingered_fet_ov_pmos_nf_4_lc_0.28_lch_0.12_lov_0.06_gateasym_0.00_w_4.0,7600,19800.0,3,4000.0,4,120.0,280.0,60.0,0.0,None,None,"3-Terminal Fingered FETs PMOS Pads are ordered (from bottom-to-top): S, D, G, S, D, G, S, D, G, S, D, G"
'3608',FINGERED FET,mod_fingered_fet_ov_nmos_nf_32_lc_0.28_lch_0.12_lov_0.04_gateasym_0.00_w_4.0,7650,10080.0,3,4000.0,32,120.0,280.0,40.0,0.0,None,None,"3-Terminal Fingered FETs NMOS Pads are ordered (from bottom-to-top): S, D, G, S, D, G, S, D, G, S, D, G"
'3609',FINGERED FET,mod_fingered_fet_ov_nmos_nf_16_lc_0.28_lch_0.12_lov_0.04_gateasym_0.00_w_4.0,7650,13320.0,3,4000.0,16,120.0,280.0,40.0,0.0,None,None,"3-Terminal Fingered FETs NMOS Pads are ordered (from bottom-to-top): S, D, G, S, D, G, S, D, G, S, D, G"
'3610',FINGERED FET,mod_fingered_fet_ov_nmos_nf_8_lc_0.28_lch_0.12_lov_0.04_gateasym_0.00_w_4.0,7650,16560.0,3,4000.0,8,120.0,280.0,40.0,0.0,None,None,"3-Terminal Fingered FETs NMOS Pads are ordered (from bottom-to-top): S, D, G, S, D, G, S, D, G, S, D, G"
'3611',FINGERED FET,mod_fingered_fet_ov_nmos_nf_4_lc_0.28_lch_0.12_lov_0.04_gateasym_0.00_w_4.0,7650,19800.0,3,4000.0,4,120.0,280.0,40.0,0.0,None,None,"3-Terminal Fingered FETs NMOS Pads are ordered (from bottom-to-top): S, D, G, S, D, G, S, D, G, S, D, G"
'3612',FINGERED FET,mod_fingered_fet_ov_pmos_nf_32_lc_0.28_lch_0.12_lov_0.04_gateasym_0.00_w_4.0,7700,10080.0,3,4000.0,32,120.0,280.0,40.0,0.0,None,None,"3-Terminal Fingered FETs PMOS Pads are ordered (from bottom-to-top): S, D, G, S, D, G, S, D, G, S, D, G"
'3613',FINGERED FET,mod_fingered_fet_ov_pmos_nf_16_lc_0.28_lch_0.12_lov_0.04_gateasym_0.00_w_4.0,7700,13320.0,3,4000.0,16,120.0,280.0,40.0,0.0,None,None,"3-Terminal Fingered FETs PMOS Pads are ordered (from bottom-to-top): S, D, G, S, D, G, S, D, G, S, D, G"
'3614',FINGERED FET,mod_fingered_fet_ov_pmos_nf_8_lc_0.28_lch_0.12_lov_0.04_gateasym_0.00_w_4.0,7700,16560.0,3,4000.0,8,120.0,280.0,40.0,0.0,None,None,"3-Terminal Fingered FETs PMOS Pads are ordered (from bottom-to-top): S, D, G, S, D, G, S, D, G, S, D, G"
'3615',FINGERED FET,mod_fingered_fet_ov_pmos_nf_4_lc_0.28_lch_0.12_lov_0.04_gateasym_0.00_w_4.0,7700,19800.0,3,4000.0,4,120.0,280.0,40.0,0.0,None,None,"3-Terminal Fingered FETs PMOS Pads are ordered (from bottom-to-top): S, D, G, S, D, G, S, D, G, S, D, G"
'3616',FINGERED FET,mod_fingered_fet_ov_nmos_nf_32_lc_0.28_lch_0.12_lov_0.02_gateasym_0.00_w_4.0,7750,10080.0,3,4000.0,32,120.0,280.0,20.0,0.0,None,None,"3-Terminal Fingered FETs NMOS Pads are ordered (from bottom-to-top): S, D, G, S, D, G, S, D, G, S, D, G"
'3617',FINGERED FET,mod_fingered_fet_ov_nmos_nf_16_lc_0.28_lch_0.12_lov_0.02_gateasym_0.00_w_4.0,7750,13320.0,3,4000.0,16,120.0,280.0,20.0,0.0,None,None,"3-Terminal Fingered FETs NMOS Pads are ordered (from bottom-to-top): S, D, G, S, D, G, S, D, G, S, D, G"
'3618',FINGERED FET,mod_fingered_fet_ov_nmos_nf_8_lc_0.28_lch_0.12_lov_0.02_gateasym_0.00_w_4.0,7750,16560.0,3,4000.0,8,120.0,280.0,20.0,0.0,None,None,"3-Terminal Fingered FETs NMOS Pads are ordered (from bottom-to-top): S, D, G, S, D, G, S, D, G, S, D, G"
'3619',FINGERED FET,mod_fingered_fet_ov_nmos_nf_4_lc_0.28_lch_0.12_lov_0.02_gateasym_0.00_w_4.0,7750,19800.0,3,4000.0,4,120.0,280.0,20.0,0.0,None,None,"3-Terminal Fingered FETs NMOS Pads are ordered (from bottom-to-top): S, D, G, S, D, G, S, D, G, S, D, G"
'3620',FINGERED FET,mod_fingered_fet_ov_pmos_nf_32_lc_0.28_lch_0.12_lov_0.02_gateasym_0.00_w_4.0,7800,10080.0,3,4000.0,32,120.0,280.0,20.0,0.0,None,None,"3-Terminal Fingered FETs PMOS Pads are ordered (from bottom-to-top): S, D, G, S, D, G, S, D, G, S, D, G"
'3621',FINGERED FET,mod_fingered_fet_ov_pmos_nf_16_lc_0.28_lch_0.12_lov_0.02_gateasym_0.00_w_4.0,7800,13320.0,3,4000.0,16,120.0,280.0,20.0,0.0,None,None,"3-Terminal Fingered FETs PMOS Pads are ordered (from bottom-to-top): S, D, G, S, D, G, S, D, G, S, D, G"
'3622',FINGERED FET,mod_fingered_fet_ov_pmos_nf_8_lc_0.28_lch_0.12_lov_0.02_gateasym_0.00_w_4.0,7800,16560.0,3,4000.0,8,120.0,280.0,20.0,0.0,None,None,"3-Terminal Fingered FETs PMOS Pads are ordered (from bottom-to-top): S, D, G, S, D, G, S, D, G, S, D, G"
'3623',FINGERED FET,mod_fingered_fet_ov_pmos_nf_4_lc_0.28_lch_0.12_lov_0.02_gateasym_0.00_w_4.0,7800,19800.0,3,4000.0,4,120.0,280.0,20.0,0.0,None,None,"3-Terminal Fingered FETs PMOS Pads are ordered (from bottom-to-top): S, D, G, S, D, G, S, D, G, S, D, G"
'3624',FINGERED FET,mod_fingered_fet_ov_nmos_nf_32_lc_0.28_lch_0.12_lov_0.0_gateasym_0.00_w_4.0,7850,10080.0,3,4000.0,32,120.0,280.0,0.0,0.0,None,None,"3-Terminal Fingered FETs NMOS Pads are ordered (from bottom-to-top): S, D, G, S, D, G, S, D, G, S, D, G"
'3625',FINGERED FET,mod_fingered_fet_ov_nmos_nf_16_lc_0.28_lch_0.12_lov_0.0_gateasym_0.00_w_4.0,7850,13320.0,3,4000.0,16,120.0,280.0,0.0,0.0,None,None,"3-Terminal Fingered FETs NMOS Pads are ordered (from bottom-to-top): S, D, G, S, D, G, S, D, G, S, D, G"
'3626',FINGERED FET,mod_fingered_fet_ov_nmos_nf_8_lc_0.28_lch_0.12_lov_0.0_gateasym_0.00_w_4.0,7850,16560.0,3,4000.0,8,120.0,280.0,0.0,0.0,None,None,"3-Terminal Fingered FETs NMOS Pads are ordered (from bottom-to-top): S, D, G, S, D, G, S, D, G, S, D, G"
'3627',FINGERED FET,mod_fingered_fet_ov_nmos_nf_4_lc_0.28_lch_0.12_lov_0.0_gateasym_0.00_w_4.0,7850,19800.0,3,4000.0,4,120.0,280.0,0.0,0.0,None,None,"3-Terminal Fingered FETs NMOS Pads are ordered (from bottom-to-top): S, D, G, S, D, G, S, D, G, S, D, G"
'3628',FINGERED FET,mod_fingered_fet_ov_pmos_nf_32_lc_0.28_lch_0.12_lov_0.0_gateasym_0.00_w_4.0,7900,10080.0,3,4000.0,32,120.0,280.0,0.0,0.0,None,None,"3-Terminal Fingered FETs PMOS Pads are ordered (from bottom-to-top): S, D, G, S, D, G, S, D, G, S, D, G"
'3629',FINGERED FET,mod_fingered_fet_ov_pmos_nf_16_lc_0.28_lch_0.12_lov_0.0_gateasym_0.00_w_4.0,7900,13320.0,3,4000.0,16,120.0,280.0,0.0,0.0,None,None,"3-Terminal Fingered FETs PMOS Pads are ordered (from bottom-to-top): S, D, G, S, D, G, S, D, G, S, D, G"
'3630',FINGERED FET,mod_fingered_fet_ov_pmos_nf_8_lc_0.28_lch_0.12_lov_0.0_gateasym_0.00_w_4.0,7900,16560.0,3,4000.0,8,120.0,280.0,0.0,0.0,None,None,"3-Terminal Fingered FETs PMOS Pads are ordered (from bottom-to-top): S, D, G, S, D, G, S, D, G, S, D, G"
'3631',FINGERED FET,mod_fingered_fet_ov_pmos_nf_4_lc_0.28_lch_0.12_lov_0.0_gateasym_0.00_w_4.0,7900,19800.0,3,4000.0,4,120.0,280.0,0.0,0.0,None,None,"3-Terminal Fingered FETs PMOS Pads are ordered (from bottom-to-top): S, D, G, S, D, G, S, D, G, S, D, G"
'3632',FINGERED FET,mod_fingered_fet_ov_nmos_nf_32_lc_0.28_lch_0.12_lov_-0.01_gateasym_0.00_w_4.0,7950,10080.0,3,4000.0,32,120.0,280.0,-10.0,0.0,None,None,"3-Terminal Fingered FETs NMOS Pads are ordered (from bottom-to-top): S, D, G, S, D, G, S, D, G, S, D, G"
'3633',FINGERED FET,mod_fingered_fet_ov_nmos_nf_16_lc_0.28_lch_0.12_lov_-0.01_gateasym_0.00_w_4.0,7950,13320.0,3,4000.0,16,120.0,280.0,-10.0,0.0,None,None,"3-Terminal Fingered FETs NMOS Pads are ordered (from bottom-to-top): S, D, G, S, D, G, S, D, G, S, D, G"
'3634',FINGERED FET,mod_fingered_fet_ov_nmos_nf_8_lc_0.28_lch_0.12_lov_-0.01_gateasym_0.00_w_4.0,7950,16560.0,3,4000.0,8,120.0,280.0,-10.0,0.0,None,None,"3-Terminal Fingered FETs NMOS Pads are ordered (from bottom-to-top): S, D, G, S, D, G, S, D, G, S, D, G"
'3635',FINGERED FET,mod_fingered_fet_ov_nmos_nf_4_lc_0.28_lch_0.12_lov_-0.01_gateasym_0.00_w_4.0,7950,19800.0,3,4000.0,4,120.0,280.0,-10.0,0.0,None,None,"3-Terminal Fingered FETs NMOS Pads are ordered (from bottom-to-top): S, D, G, S, D, G, S, D, G, S, D, G"
'3636',FINGERED FET,mod_fingered_fet_ov_pmos_nf_32_lc_0.28_lch_0.12_lov_-0.01_gateasym_0.00_w_4.0,8000,10080.0,3,4000.0,32,120.0,280.0,-10.0,0.0,None,None,"3-Terminal Fingered FETs PMOS Pads are ordered (from bottom-to-top): S, D, G, S, D, G, S, D, G, S, D, G"
'3637',FINGERED FET,mod_fingered_fet_ov_pmos_nf_16_lc_0.28_lch_0.12_lov_-0.01_gateasym_0.00_w_4.0,8000,13320.0,3,4000.0,16,120.0,280.0,-10.0,0.0,None,None,"3-Terminal Fingered FETs PMOS Pads are ordered (from bottom-to-top): S, D, G, S, D, G, S, D, G, S, D, G"
'3638',FINGERED FET,mod_fingered_fet_ov_pmos_nf_8_lc_0.28_lch_0.12_lov_-0.01_gateasym_0.00_w_4.0,8000,16560.0,3,4000.0,8,120.0,280.0,-10.0,0.0,None,None,"3-Terminal Fingered FETs PMOS Pads are ordered (from bottom-to-top): S, D, G, S, D, G, S, D, G, S, D, G"
'3639',FINGERED FET,mod_fingered_fet_ov_pmos_nf_4_lc_0.28_lch_0.12_lov_-0.01_gateasym_0.00_w_4.0,8000,19800.0,3,4000.0,4,120.0,280.0,-10.0,0.0,None,None,"3-Terminal Fingered FETs PMOS Pads are ordered (from bottom-to-top): S, D, G, S, D, G, S, D, G, S, D, G"
'3640',FINGERED FET,mod_fingered_fet_ov_nmos_nf_32_lc_0.28_lch_0.08_lov_0.1_gateasym_0.00_w_4.0,8050,10080.0,3,4000.0,32,80.0,280.0,100.0,0.0,None,None,"3-Terminal Fingered FETs NMOS Pads are ordered (from bottom-to-top): S, D, G, S, D, G, S, D, G, S, D, G"
'3641',FINGERED FET,mod_fingered_fet_ov_nmos_nf_16_lc_0.28_lch_0.08_lov_0.1_gateasym_0.00_w_4.0,8050,13320.0,3,4000.0,16,80.0,280.0,100.0,0.0,None,None,"3-Terminal Fingered FETs NMOS Pads are ordered (from bottom-to-top): S, D, G, S, D, G, S, D, G, S, D, G"
'3642',FINGERED FET,mod_fingered_fet_ov_nmos_nf_8_lc_0.28_lch_0.08_lov_0.1_gateasym_0.00_w_4.0,8050,16560.0,3,4000.0,8,80.0,280.0,100.0,0.0,None,None,"3-Terminal Fingered FETs NMOS Pads are ordered (from bottom-to-top): S, D, G, S, D, G, S, D, G, S, D, G"
'3643',FINGERED FET,mod_fingered_fet_ov_nmos_nf_4_lc_0.28_lch_0.08_lov_0.1_gateasym_0.00_w_4.0,8050,19800.0,3,4000.0,4,80.0,280.0,100.0,0.0,None,None,"3-Terminal Fingered FETs NMOS Pads are ordered (from bottom-to-top): S, D, G, S, D, G, S, D, G, S, D, G"
'3644',FINGERED FET,mod_fingered_fet_ov_pmos_nf_32_lc_0.28_lch_0.08_lov_0.1_gateasym_0.00_w_4.0,8100,10080.0,3,4000.0,32,80.0,280.0,100.0,0.0,None,None,"3-Terminal Fingered FETs PMOS Pads are ordered (from bottom-to-top): S, D, G, S, D, G, S, D, G, S, D, G"
'3645',FINGERED FET,mod_fingered_fet_ov_pmos_nf_16_lc_0.28_lch_0.08_lov_0.1_gateasym_0.00_w_4.0,8100,13320.0,3,4000.0,16,80.0,280.0,100.0,0.0,None,None,"3-Terminal Fingered FETs PMOS Pads are ordered (from bottom-to-top): S, D, G, S, D, G, S, D, G, S, D, G"
'3646',FINGERED FET,mod_fingered_fet_ov_pmos_nf_8_lc_0.28_lch_0.08_lov_0.1_gateasym_0.00_w_4.0,8100,16560.0,3,4000.0,8,80.0,280.0,100.0,0.0,None,None,"3-Terminal Fingered FETs PMOS Pads are ordered (from bottom-to-top): S, D, G, S, D, G, S, D, G, S, D, G"
'3647',FINGERED FET,mod_fingered_fet_ov_pmos_nf_4_lc_0.28_lch_0.08_lov_0.1_gateasym_0.00_w_4.0,8100,19800.0,3,4000.0,4,80.0,280.0,100.0,0.0,None,None,"3-Terminal Fingered FETs PMOS Pads are ordered (from bottom-to-top): S, D, G, S, D, G, S, D, G, S, D, G"
'3648',FINGERED FET,mod_fingered_fet_ov_nmos_nf_32_lc_0.28_lch_0.08_lov_0.08_gateasym_0.00_w_4.0,8150,10080.0,3,4000.0,32,80.0,280.0,80.0,0.0,None,None,"3-Terminal Fingered FETs NMOS Pads are ordered (from bottom-to-top): S, D, G, S, D, G, S, D, G, S, D, G"
'3649',FINGERED FET,mod_fingered_fet_ov_nmos_nf_16_lc_0.28_lch_0.08_lov_0.08_gateasym_0.00_w_4.0,8150,13320.0,3,4000.0,16,80.0,280.0,80.0,0.0,None,None,"3-Terminal Fingered FETs NMOS Pads are ordered (from bottom-to-top): S, D, G, S, D, G, S, D, G, S, D, G"
'3650',FINGERED FET,mod_fingered_fet_ov_nmos_nf_8_lc_0.28_lch_0.08_lov_0.08_gateasym_0.00_w_4.0,8150,16560.0,3,4000.0,8,80.0,280.0,80.0,0.0,None,None,"3-Terminal Fingered FETs NMOS Pads are ordered (from bottom-to-top): S, D, G, S, D, G, S, D, G, S, D, G"
'3651',FINGERED FET,mod_fingered_fet_ov_nmos_nf_4_lc_0.28_lch_0.08_lov_0.08_gateasym_0.00_w_4.0,8150,19800.0,3,4000.0,4,80.0,280.0,80.0,0.0,None,None,"3-Terminal Fingered FETs NMOS Pads are ordered (from bottom-to-top): S, D, G, S, D, G, S, D, G, S, D, G"
'3652',FINGERED FET,mod_fingered_fet_ov_pmos_nf_32_lc_0.28_lch_0.08_lov_0.08_gateasym_0.00_w_4.0,8200,10080.0,3,4000.0,32,80.0,280.0,80.0,0.0,None,None,"3-Terminal Fingered FETs PMOS Pads are ordered (from bottom-to-top): S, D, G, S, D, G, S, D, G, S, D, G"
'3653',FINGERED FET,mod_fingered_fet_ov_pmos_nf_16_lc_0.28_lch_0.08_lov_0.08_gateasym_0.00_w_4.0,8200,13320.0,3,4000.0,16,80.0,280.0,80.0,0.0,None,None,"3-Terminal Fingered FETs PMOS Pads are ordered (from bottom-to-top): S, D, G, S, D, G, S, D, G, S, D, G"
'3654',FINGERED FET,mod_fingered_fet_ov_pmos_nf_8_lc_0.28_lch_0.08_lov_0.08_gateasym_0.00_w_4.0,8200,16560.0,3,4000.0,8,80.0,280.0,80.0,0.0,None,None,"3-Terminal Fingered FETs PMOS Pads are ordered (from bottom-to-top): S, D, G, S, D, G, S, D, G, S, D, G"
'3655',FINGERED FET,mod_fingered_fet_ov_pmos_nf_4_lc_0.28_lch_0.08_lov_0.08_gateasym_0.00_w_4.0,8200,19800.0,3,4000.0,4,80.0,280.0,80.0,0.0,None,None,"3-Terminal Fingered FETs PMOS Pads are ordered (from bottom-to-top): S, D, G, S, D, G, S, D, G, S, D, G"
'3656',FINGERED FET,mod_fingered_fet_ov_nmos_nf_32_lc_0.28_lch_0.08_lov_0.06_gateasym_0.00_w_4.0,8250,10080.0,3,4000.0,32,80.0,280.0,60.0,0.0,None,None,"3-Terminal Fingered FETs NMOS Pads are ordered (from bottom-to-top): S, D, G, S, D, G, S, D, G, S, D, G"
'3657',FINGERED FET,mod_fingered_fet_ov_nmos_nf_16_lc_0.28_lch_0.08_lov_0.06_gateasym_0.00_w_4.0,8250,13320.0,3,4000.0,16,80.0,280.0,60.0,0.0,None,None,"3-Terminal Fingered FETs NMOS Pads are ordered (from bottom-to-top): S, D, G, S, D, G, S, D, G, S, D, G"
'3658',FINGERED FET,mod_fingered_fet_ov_nmos_nf_8_lc_0.28_lch_0.08_lov_0.06_gateasym_0.00_w_4.0,8250,16560.0,3,4000.0,8,80.0,280.0,60.0,0.0,None,None,"3-Terminal Fingered FETs NMOS Pads are ordered (from bottom-to-top): S, D, G, S, D, G, S, D, G, S, D, G"
'3659',FINGERED FET,mod_fingered_fet_ov_nmos_nf_4_lc_0.28_lch_0.08_lov_0.06_gateasym_0.00_w_4.0,8250,19800.0,3,4000.0,4,80.0,280.0,60.0,0.0,None,None,"3-Terminal Fingered FETs NMOS Pads are ordered (from bottom-to-top): S, D, G, S, D, G, S, D, G, S, D, G"
'3660',FINGERED FET,mod_fingered_fet_ov_pmos_nf_32_lc_0.28_lch_0.08_lov_0.06_gateasym_0.00_w_4.0,8300,10080.0,3,4000.0,32,80.0,280.0,60.0,0.0,None,None,"3-Terminal Fingered FETs PMOS Pads are ordered (from bottom-to-top): S, D, G, S, D, G, S, D, G, S, D, G"
'3661',FINGERED FET,mod_fingered_fet_ov_pmos_nf_16_lc_0.28_lch_0.08_lov_0.06_gateasym_0.00_w_4.0,8300,13320.0,3,4000.0,16,80.0,280.0,60.0,0.0,None,None,"3-Terminal Fingered FETs PMOS Pads are ordered (from bottom-to-top): S, D, G, S, D, G, S, D, G, S, D, G"
'3662',FINGERED FET,mod_fingered_fet_ov_pmos_nf_8_lc_0.28_lch_0.08_lov_0.06_gateasym_0.00_w_4.0,8300,16560.0,3,4000.0,8,80.0,280.0,60.0,0.0,None,None,"3-Terminal Fingered FETs PMOS Pads are ordered (from bottom-to-top): S, D, G, S, D, G, S, D, G, S, D, G"
'3663',FINGERED FET,mod_fingered_fet_ov_pmos_nf_4_lc_0.28_lch_0.08_lov_0.06_gateasym_0.00_w_4.0,8300,19800.0,3,4000.0,4,80.0,280.0,60.0,0.0,None,None,"3-Terminal Fingered FETs PMOS Pads are ordered (from bottom-to-top): S, D, G, S, D, G, S, D, G, S, D, G"
'3664',FINGERED FET,mod_fingered_fet_ov_nmos_nf_32_lc_0.28_lch_0.08_lov_0.04_gateasym_0.00_w_4.0,8350,10080.0,3,4000.0,32,80.0,280.0,40.0,0.0,None,None,"3-Terminal Fingered FETs NMOS Pads are ordered (from bottom-to-top): S, D, G, S, D, G, S, D, G, S, D, G"
'3665',FINGERED FET,mod_fingered_fet_ov_nmos_nf_16_lc_0.28_lch_0.08_lov_0.04_gateasym_0.00_w_4.0,8350,13320.0,3,4000.0,16,80.0,280.0,40.0,0.0,None,None,"3-Terminal Fingered FETs NMOS Pads are ordered (from bottom-to-top): S, D, G, S, D, G, S, D, G, S, D, G"
'3666',FINGERED FET,mod_fingered_fet_ov_nmos_nf_8_lc_0.28_lch_0.08_lov_0.04_gateasym_0.00_w_4.0,8350,16560.0,3,4000.0,8,80.0,280.0,40.0,0.0,None,None,"3-Terminal Fingered FETs NMOS Pads are ordered (from bottom-to-top): S, D, G, S, D, G, S, D, G, S, D, G"
'3667',FINGERED FET,mod_fingered_fet_ov_nmos_nf_4_lc_0.28_lch_0.08_lov_0.04_gateasym_0.00_w_4.0,8350,19800.0,3,4000.0,4,80.0,280.0,40.0,0.0,None,None,"3-Terminal Fingered FETs NMOS Pads are ordered (from bottom-to-top): S, D, G, S, D, G, S, D, G, S, D, G"
'3668',FINGERED FET,mod_fingered_fet_ov_pmos_nf_32_lc_0.28_lch_0.08_lov_0.04_gateasym_0.00_w_4.0,8400,10080.0,3,4000.0,32,80.0,280.0,40.0,0.0,None,None,"3-Terminal Fingered FETs PMOS Pads are ordered (from bottom-to-top): S, D, G, S, D, G, S, D, G, S, D, G"
'3669',FINGERED FET,mod_fingered_fet_ov_pmos_nf_16_lc_0.28_lch_0.08_lov_0.04_gateasym_0.00_w_4.0,8400,13320.0,3,4000.0,16,80.0,280.0,40.0,0.0,None,None,"3-Terminal Fingered FETs PMOS Pads are ordered (from bottom-to-top): S, D, G, S, D, G, S, D, G, S, D, G"
'3670',FINGERED FET,mod_fingered_fet_ov_pmos_nf_8_lc_0.28_lch_0.08_lov_0.04_gateasym_0.00_w_4.0,8400,16560.0,3,4000.0,8,80.0,280.0,40.0,0.0,None,None,"3-Terminal Fingered FETs PMOS Pads are ordered (from bottom-to-top): S, D, G, S, D, G, S, D, G, S, D, G"
'3671',FINGERED FET,mod_fingered_fet_ov_pmos_nf_4_lc_0.28_lch_0.08_lov_0.04_gateasym_0.00_w_4.0,8400,19800.0,3,4000.0,4,80.0,280.0,40.0,0.0,None,None,"3-Terminal Fingered FETs PMOS Pads are ordered (from bottom-to-top): S, D, G, S, D, G, S, D, G, S, D, G"
'3672',FINGERED FET,mod_fingered_fet_ov_nmos_nf_32_lc_0.28_lch_0.08_lov_0.02_gateasym_0.00_w_4.0,8450,10080.0,3,4000.0,32,80.0,280.0,20.0,0.0,None,None,"3-Terminal Fingered FETs NMOS Pads are ordered (from bottom-to-top): S, D, G, S, D, G, S, D, G, S, D, G"
'3673',FINGERED FET,mod_fingered_fet_ov_nmos_nf_16_lc_0.28_lch_0.08_lov_0.02_gateasym_0.00_w_4.0,8450,13320.0,3,4000.0,16,80.0,280.0,20.0,0.0,None,None,"3-Terminal Fingered FETs NMOS Pads are ordered (from bottom-to-top): S, D, G, S, D, G, S, D, G, S, D, G"
'3674',FINGERED FET,mod_fingered_fet_ov_nmos_nf_8_lc_0.28_lch_0.08_lov_0.02_gateasym_0.00_w_4.0,8450,16560.0,3,4000.0,8,80.0,280.0,20.0,0.0,None,None,"3-Terminal Fingered FETs NMOS Pads are ordered (from bottom-to-top): S, D, G, S, D, G, S, D, G, S, D, G"
'3675',FINGERED FET,mod_fingered_fet_ov_nmos_nf_4_lc_0.28_lch_0.08_lov_0.02_gateasym_0.00_w_4.0,8450,19800.0,3,4000.0,4,80.0,280.0,20.0,0.0,None,None,"3-Terminal Fingered FETs NMOS Pads are ordered (from bottom-to-top): S, D, G, S, D, G, S, D, G, S, D, G"
'3676',FINGERED FET,mod_fingered_fet_ov_pmos_nf_32_lc_0.28_lch_0.08_lov_0.02_gateasym_0.00_w_4.0,8500,10080.0,3,4000.0,32,80.0,280.0,20.0,0.0,None,None,"3-Terminal Fingered FETs PMOS Pads are ordered (from bottom-to-top): S, D, G, S, D, G, S, D, G, S, D, G"
'3677',FINGERED FET,mod_fingered_fet_ov_pmos_nf_16_lc_0.28_lch_0.08_lov_0.02_gateasym_0.00_w_4.0,8500,13320.0,3,4000.0,16,80.0,280.0,20.0,0.0,None,None,"3-Terminal Fingered FETs PMOS Pads are ordered (from bottom-to-top): S, D, G, S, D, G, S, D, G, S, D, G"
'3678',FINGERED FET,mod_fingered_fet_ov_pmos_nf_8_lc_0.28_lch_0.08_lov_0.02_gateasym_0.00_w_4.0,8500,16560.0,3,4000.0,8,80.0,280.0,20.0,0.0,None,None,"3-Terminal Fingered FETs PMOS Pads are ordered (from bottom-to-top): S, D, G, S, D, G, S, D, G, S, D, G"
'3679',FINGERED FET,mod_fingered_fet_ov_pmos_nf_4_lc_0.28_lch_0.08_lov_0.02_gateasym_0.00_w_4.0,8500,19800.0,3,4000.0,4,80.0,280.0,20.0,0.0,None,None,"3-Terminal Fingered FETs PMOS Pads are ordered (from bottom-to-top): S, D, G, S, D, G, S, D, G, S, D, G"
'3680',FINGERED FET,mod_fingered_fet_ov_nmos_nf_32_lc_0.28_lch_0.08_lov_0.0_gateasym_0.00_w_4.0,8550,10080.0,3,4000.0,32,80.0,280.0,0.0,0.0,None,None,"3-Terminal Fingered FETs NMOS Pads are ordered (from bottom-to-top): S, D, G, S, D, G, S, D, G, S, D, G"
'3681',FINGERED FET,mod_fingered_fet_ov_nmos_nf_16_lc_0.28_lch_0.08_lov_0.0_gateasym_0.00_w_4.0,8550,13320.0,3,4000.0,16,80.0,280.0,0.0,0.0,None,None,"3-Terminal Fingered FETs NMOS Pads are ordered (from bottom-to-top): S, D, G, S, D, G, S, D, G, S, D, G"
'3682',FINGERED FET,mod_fingered_fet_ov_nmos_nf_8_lc_0.28_lch_0.08_lov_0.0_gateasym_0.00_w_4.0,8550,16560.0,3,4000.0,8,80.0,280.0,0.0,0.0,None,None,"3-Terminal Fingered FETs NMOS Pads are ordered (from bottom-to-top): S, D, G, S, D, G, S, D, G, S, D, G"
'3683',FINGERED FET,mod_fingered_fet_ov_nmos_nf_4_lc_0.28_lch_0.08_lov_0.0_gateasym_0.00_w_4.0,8550,19800.0,3,4000.0,4,80.0,280.0,0.0,0.0,None,None,"3-Terminal Fingered FETs NMOS Pads are ordered (from bottom-to-top): S, D, G, S, D, G, S, D, G, S, D, G"
'3684',FINGERED FET,mod_fingered_fet_ov_pmos_nf_32_lc_0.28_lch_0.08_lov_0.0_gateasym_0.00_w_4.0,8600,10080.0,3,4000.0,32,80.0,280.0,0.0,0.0,None,None,"3-Terminal Fingered FETs PMOS Pads are ordered (from bottom-to-top): S, D, G, S, D, G, S, D, G, S, D, G"
'3685',FINGERED FET,mod_fingered_fet_ov_pmos_nf_16_lc_0.28_lch_0.08_lov_0.0_gateasym_0.00_w_4.0,8600,13320.0,3,4000.0,16,80.0,280.0,0.0,0.0,None,None,"3-Terminal Fingered FETs PMOS Pads are ordered (from bottom-to-top): S, D, G, S, D, G, S, D, G, S, D, G"
'3686',FINGERED FET,mod_fingered_fet_ov_pmos_nf_8_lc_0.28_lch_0.08_lov_0.0_gateasym_0.00_w_4.0,8600,16560.0,3,4000.0,8,80.0,280.0,0.0,0.0,None,None,"3-Terminal Fingered FETs PMOS Pads are ordered (from bottom-to-top): S, D, G, S, D, G, S, D, G, S, D, G"
'3687',FINGERED FET,mod_fingered_fet_ov_pmos_nf_4_lc_0.28_lch_0.08_lov_0.0_gateasym_0.00_w_4.0,8600,19800.0,3,4000.0,4,80.0,280.0,0.0,0.0,None,None,"3-Terminal Fingered FETs PMOS Pads are ordered (from bottom-to-top): S, D, G, S, D, G, S, D, G, S, D, G"
'3688',FINGERED FET,mod_fingered_fet_ov_nmos_nf_32_lc_0.28_lch_0.08_lov_-0.01_gateasym_0.00_w_4.0,8650,10080.0,3,4000.0,32,80.0,280.0,-10.0,0.0,None,None,"3-Terminal Fingered FETs NMOS Pads are ordered (from bottom-to-top): S, D, G, S, D, G, S, D, G, S, D, G"
'3689',FINGERED FET,mod_fingered_fet_ov_nmos_nf_16_lc_0.28_lch_0.08_lov_-0.01_gateasym_0.00_w_4.0,8650,13320.0,3,4000.0,16,80.0,280.0,-10.0,0.0,None,None,"3-Terminal Fingered FETs NMOS Pads are ordered (from bottom-to-top): S, D, G, S, D, G, S, D, G, S, D, G"
'3690',FINGERED FET,mod_fingered_fet_ov_nmos_nf_8_lc_0.28_lch_0.08_lov_-0.01_gateasym_0.00_w_4.0,8650,16560.0,3,4000.0,8,80.0,280.0,-10.0,0.0,None,None,"3-Terminal Fingered FETs NMOS Pads are ordered (from bottom-to-top): S, D, G, S, D, G, S, D, G, S, D, G"
'3691',FINGERED FET,mod_fingered_fet_ov_nmos_nf_4_lc_0.28_lch_0.08_lov_-0.01_gateasym_0.00_w_4.0,8650,19800.0,3,4000.0,4,80.0,280.0,-10.0,0.0,None,None,"3-Terminal Fingered FETs NMOS Pads are ordered (from bottom-to-top): S, D, G, S, D, G, S, D, G, S, D, G"
'3692',FINGERED FET,mod_fingered_fet_ov_pmos_nf_32_lc_0.28_lch_0.08_lov_-0.01_gateasym_0.00_w_4.0,8700,10080.0,3,4000.0,32,80.0,280.0,-10.0,0.0,None,None,"3-Terminal Fingered FETs PMOS Pads are ordered (from bottom-to-top): S, D, G, S, D, G, S, D, G, S, D, G"
'3693',FINGERED FET,mod_fingered_fet_ov_pmos_nf_16_lc_0.28_lch_0.08_lov_-0.01_gateasym_0.00_w_4.0,8700,13320.0,3,4000.0,16,80.0,280.0,-10.0,0.0,None,None,"3-Terminal Fingered FETs PMOS Pads are ordered (from bottom-to-top): S, D, G, S, D, G, S, D, G, S, D, G"
'3694',FINGERED FET,mod_fingered_fet_ov_pmos_nf_8_lc_0.28_lch_0.08_lov_-0.01_gateasym_0.00_w_4.0,8700,16560.0,3,4000.0,8,80.0,280.0,-10.0,0.0,None,None,"3-Terminal Fingered FETs PMOS Pads are ordered (from bottom-to-top): S, D, G, S, D, G, S, D, G, S, D, G"
'3695',FINGERED FET,mod_fingered_fet_ov_pmos_nf_4_lc_0.28_lch_0.08_lov_-0.01_gateasym_0.00_w_4.0,8700,19800.0,3,4000.0,4,80.0,280.0,-10.0,0.0,None,None,"3-Terminal Fingered FETs PMOS Pads are ordered (from bottom-to-top): S, D, G, S, D, G, S, D, G, S, D, G"
'3696',FINGERED FET,mod_fingered_fet_ov_nmos_nf_32_lc_0.24_lch_0.16_lov_0.1_gateasym_0.00_w_4.0,8750,10080.0,3,4000.0,32,160.0,240.0,100.0,0.0,None,None,"3-Terminal Fingered FETs NMOS Pads are ordered (from bottom-to-top): S, D, G, S, D, G, S, D, G, S, D, G"
'3697',FINGERED FET,mod_fingered_fet_ov_nmos_nf_16_lc_0.24_lch_0.16_lov_0.1_gateasym_0.00_w_4.0,8750,13320.0,3,4000.0,16,160.0,240.0,100.0,0.0,None,None,"3-Terminal Fingered FETs NMOS Pads are ordered (from bottom-to-top): S, D, G, S, D, G, S, D, G, S, D, G"
'3698',FINGERED FET,mod_fingered_fet_ov_nmos_nf_8_lc_0.24_lch_0.16_lov_0.1_gateasym_0.00_w_4.0,8750,16560.0,3,4000.0,8,160.0,240.0,100.0,0.0,None,None,"3-Terminal Fingered FETs NMOS Pads are ordered (from bottom-to-top): S, D, G, S, D, G, S, D, G, S, D, G"
'3699',FINGERED FET,mod_fingered_fet_ov_nmos_nf_4_lc_0.24_lch_0.16_lov_0.1_gateasym_0.00_w_4.0,8750,19800.0,3,4000.0,4,160.0,240.0,100.0,0.0,None,None,"3-Terminal Fingered FETs NMOS Pads are ordered (from bottom-to-top): S, D, G, S, D, G, S, D, G, S, D, G"
'3700',FINGERED FET,mod_fingered_fet_ov_pmos_nf_32_lc_0.24_lch_0.16_lov_0.1_gateasym_0.00_w_4.0,8800,10080.0,3,4000.0,32,160.0,240.0,100.0,0.0,None,None,"3-Terminal Fingered FETs PMOS Pads are ordered (from bottom-to-top): S, D, G, S, D, G, S, D, G, S, D, G"
'3701',FINGERED FET,mod_fingered_fet_ov_pmos_nf_16_lc_0.24_lch_0.16_lov_0.1_gateasym_0.00_w_4.0,8800,13320.0,3,4000.0,16,160.0,240.0,100.0,0.0,None,None,"3-Terminal Fingered FETs PMOS Pads are ordered (from bottom-to-top): S, D, G, S, D, G, S, D, G, S, D, G"
'3702',FINGERED FET,mod_fingered_fet_ov_pmos_nf_8_lc_0.24_lch_0.16_lov_0.1_gateasym_0.00_w_4.0,8800,16560.0,3,4000.0,8,160.0,240.0,100.0,0.0,None,None,"3-Terminal Fingered FETs PMOS Pads are ordered (from bottom-to-top): S, D, G, S, D, G, S, D, G, S, D, G"
'3703',FINGERED FET,mod_fingered_fet_ov_pmos_nf_4_lc_0.24_lch_0.16_lov_0.1_gateasym_0.00_w_4.0,8800,19800.0,3,4000.0,4,160.0,240.0,100.0,0.0,None,None,"3-Terminal Fingered FETs PMOS Pads are ordered (from bottom-to-top): S, D, G, S, D, G, S, D, G, S, D, G"
'3704',FINGERED FET,mod_fingered_fet_ov_nmos_nf_32_lc_0.24_lch_0.16_lov_0.08_gateasym_0.00_w_4.0,8850,10080.0,3,4000.0,32,160.0,240.0,80.0,0.0,None,None,"3-Terminal Fingered FETs NMOS Pads are ordered (from bottom-to-top): S, D, G, S, D, G, S, D, G, S, D, G"
'3705',FINGERED FET,mod_fingered_fet_ov_nmos_nf_16_lc_0.24_lch_0.16_lov_0.08_gateasym_0.00_w_4.0,8850,13320.0,3,4000.0,16,160.0,240.0,80.0,0.0,None,None,"3-Terminal Fingered FETs NMOS Pads are ordered (from bottom-to-top): S, D, G, S, D, G, S, D, G, S, D, G"
'3706',FINGERED FET,mod_fingered_fet_ov_nmos_nf_8_lc_0.24_lch_0.16_lov_0.08_gateasym_0.00_w_4.0,8850,16560.0,3,4000.0,8,160.0,240.0,80.0,0.0,None,None,"3-Terminal Fingered FETs NMOS Pads are ordered (from bottom-to-top): S, D, G, S, D, G, S, D, G, S, D, G"
'3707',FINGERED FET,mod_fingered_fet_ov_nmos_nf_4_lc_0.24_lch_0.16_lov_0.08_gateasym_0.00_w_4.0,8850,19800.0,3,4000.0,4,160.0,240.0,80.0,0.0,None,None,"3-Terminal Fingered FETs NMOS Pads are ordered (from bottom-to-top): S, D, G, S, D, G, S, D, G, S, D, G"
'3708',FINGERED FET,mod_fingered_fet_ov_pmos_nf_32_lc_0.24_lch_0.16_lov_0.08_gateasym_0.00_w_4.0,8900,10080.0,3,4000.0,32,160.0,240.0,80.0,0.0,None,None,"3-Terminal Fingered FETs PMOS Pads are ordered (from bottom-to-top): S, D, G, S, D, G, S, D, G, S, D, G"
'3709',FINGERED FET,mod_fingered_fet_ov_pmos_nf_16_lc_0.24_lch_0.16_lov_0.08_gateasym_0.00_w_4.0,8900,13320.0,3,4000.0,16,160.0,240.0,80.0,0.0,None,None,"3-Terminal Fingered FETs PMOS Pads are ordered (from bottom-to-top): S, D, G, S, D, G, S, D, G, S, D, G"
'3710',FINGERED FET,mod_fingered_fet_ov_pmos_nf_8_lc_0.24_lch_0.16_lov_0.08_gateasym_0.00_w_4.0,8900,16560.0,3,4000.0,8,160.0,240.0,80.0,0.0,None,None,"3-Terminal Fingered FETs PMOS Pads are ordered (from bottom-to-top): S, D, G, S, D, G, S, D, G, S, D, G"
'3711',FINGERED FET,mod_fingered_fet_ov_pmos_nf_4_lc_0.24_lch_0.16_lov_0.08_gateasym_0.00_w_4.0,8900,19800.0,3,4000.0,4,160.0,240.0,80.0,0.0,None,None,"3-Terminal Fingered FETs PMOS Pads are ordered (from bottom-to-top): S, D, G, S, D, G, S, D, G, S, D, G"
'3712',FINGERED FET,mod_fingered_fet_ov_nmos_nf_32_lc_0.24_lch_0.16_lov_0.06_gateasym_0.00_w_4.0,8950,10080.0,3,4000.0,32,160.0,240.0,60.0,0.0,None,None,"3-Terminal Fingered FETs NMOS Pads are ordered (from bottom-to-top): S, D, G, S, D, G, S, D, G, S, D, G"
'3713',FINGERED FET,mod_fingered_fet_ov_nmos_nf_16_lc_0.24_lch_0.16_lov_0.06_gateasym_0.00_w_4.0,8950,13320.0,3,4000.0,16,160.0,240.0,60.0,0.0,None,None,"3-Terminal Fingered FETs NMOS Pads are ordered (from bottom-to-top): S, D, G, S, D, G, S, D, G, S, D, G"
'3714',FINGERED FET,mod_fingered_fet_ov_nmos_nf_8_lc_0.24_lch_0.16_lov_0.06_gateasym_0.00_w_4.0,8950,16560.0,3,4000.0,8,160.0,240.0,60.0,0.0,None,None,"3-Terminal Fingered FETs NMOS Pads are ordered (from bottom-to-top): S, D, G, S, D, G, S, D, G, S, D, G"
'3715',FINGERED FET,mod_fingered_fet_ov_nmos_nf_4_lc_0.24_lch_0.16_lov_0.06_gateasym_0.00_w_4.0,8950,19800.0,3,4000.0,4,160.0,240.0,60.0,0.0,None,None,"3-Terminal Fingered FETs NMOS Pads are ordered (from bottom-to-top): S, D, G, S, D, G, S, D, G, S, D, G"
'3716',FINGERED FET,mod_fingered_fet_ov_pmos_nf_32_lc_0.24_lch_0.16_lov_0.06_gateasym_0.00_w_4.0,9000,10080.0,3,4000.0,32,160.0,240.0,60.0,0.0,None,None,"3-Terminal Fingered FETs PMOS Pads are ordered (from bottom-to-top): S, D, G, S, D, G, S, D, G, S, D, G"
'3717',FINGERED FET,mod_fingered_fet_ov_pmos_nf_16_lc_0.24_lch_0.16_lov_0.06_gateasym_0.00_w_4.0,9000,13320.0,3,4000.0,16,160.0,240.0,60.0,0.0,None,None,"3-Terminal Fingered FETs PMOS Pads are ordered (from bottom-to-top): S, D, G, S, D, G, S, D, G, S, D, G"
'3718',FINGERED FET,mod_fingered_fet_ov_pmos_nf_8_lc_0.24_lch_0.16_lov_0.06_gateasym_0.00_w_4.0,9000,16560.0,3,4000.0,8,160.0,240.0,60.0,0.0,None,None,"3-Terminal Fingered FETs PMOS Pads are ordered (from bottom-to-top): S, D, G, S, D, G, S, D, G, S, D, G"
'3719',FINGERED FET,mod_fingered_fet_ov_pmos_nf_4_lc_0.24_lch_0.16_lov_0.06_gateasym_0.00_w_4.0,9000,19800.0,3,4000.0,4,160.0,240.0,60.0,0.0,None,None,"3-Terminal Fingered FETs PMOS Pads are ordered (from bottom-to-top): S, D, G, S, D, G, S, D, G, S, D, G"
'3720',FINGERED FET,mod_fingered_fet_ov_nmos_nf_32_lc_0.24_lch_0.16_lov_0.04_gateasym_0.00_w_4.0,9050,10080.0,3,4000.0,32,160.0,240.0,40.0,0.0,None,None,"3-Terminal Fingered FETs NMOS Pads are ordered (from bottom-to-top): S, D, G, S, D, G, S, D, G, S, D, G"
'3721',FINGERED FET,mod_fingered_fet_ov_nmos_nf_16_lc_0.24_lch_0.16_lov_0.04_gateasym_0.00_w_4.0,9050,13320.0,3,4000.0,16,160.0,240.0,40.0,0.0,None,None,"3-Terminal Fingered FETs NMOS Pads are ordered (from bottom-to-top): S, D, G, S, D, G, S, D, G, S, D, G"
'3722',FINGERED FET,mod_fingered_fet_ov_nmos_nf_8_lc_0.24_lch_0.16_lov_0.04_gateasym_0.00_w_4.0,9050,16560.0,3,4000.0,8,160.0,240.0,40.0,0.0,None,None,"3-Terminal Fingered FETs NMOS Pads are ordered (from bottom-to-top): S, D, G, S, D, G, S, D, G, S, D, G"
'3723',FINGERED FET,mod_fingered_fet_ov_nmos_nf_4_lc_0.24_lch_0.16_lov_0.04_gateasym_0.00_w_4.0,9050,19800.0,3,4000.0,4,160.0,240.0,40.0,0.0,None,None,"3-Terminal Fingered FETs NMOS Pads are ordered (from bottom-to-top): S, D, G, S, D, G, S, D, G, S, D, G"
'3724',FINGERED FET,mod_fingered_fet_ov_pmos_nf_32_lc_0.24_lch_0.16_lov_0.04_gateasym_0.00_w_4.0,9100,10080.0,3,4000.0,32,160.0,240.0,40.0,0.0,None,None,"3-Terminal Fingered FETs PMOS Pads are ordered (from bottom-to-top): S, D, G, S, D, G, S, D, G, S, D, G"
'3725',FINGERED FET,mod_fingered_fet_ov_pmos_nf_16_lc_0.24_lch_0.16_lov_0.04_gateasym_0.00_w_4.0,9100,13320.0,3,4000.0,16,160.0,240.0,40.0,0.0,None,None,"3-Terminal Fingered FETs PMOS Pads are ordered (from bottom-to-top): S, D, G, S, D, G, S, D, G, S, D, G"
'3726',FINGERED FET,mod_fingered_fet_ov_pmos_nf_8_lc_0.24_lch_0.16_lov_0.04_gateasym_0.00_w_4.0,9100,16560.0,3,4000.0,8,160.0,240.0,40.0,0.0,None,None,"3-Terminal Fingered FETs PMOS Pads are ordered (from bottom-to-top): S, D, G, S, D, G, S, D, G, S, D, G"
'3727',FINGERED FET,mod_fingered_fet_ov_pmos_nf_4_lc_0.24_lch_0.16_lov_0.04_gateasym_0.00_w_4.0,9100,19800.0,3,4000.0,4,160.0,240.0,40.0,0.0,None,None,"3-Terminal Fingered FETs PMOS Pads are ordered (from bottom-to-top): S, D, G, S, D, G, S, D, G, S, D, G"
'3728',FINGERED FET,mod_fingered_fet_ov_nmos_nf_32_lc_0.24_lch_0.16_lov_0.02_gateasym_0.00_w_4.0,9150,10080.0,3,4000.0,32,160.0,240.0,20.0,0.0,None,None,"3-Terminal Fingered FETs NMOS Pads are ordered (from bottom-to-top): S, D, G, S, D, G, S, D, G, S, D, G"
'3729',FINGERED FET,mod_fingered_fet_ov_nmos_nf_16_lc_0.24_lch_0.16_lov_0.02_gateasym_0.00_w_4.0,9150,13320.0,3,4000.0,16,160.0,240.0,20.0,0.0,None,None,"3-Terminal Fingered FETs NMOS Pads are ordered (from bottom-to-top): S, D, G, S, D, G, S, D, G, S, D, G"
'3730',FINGERED FET,mod_fingered_fet_ov_nmos_nf_8_lc_0.24_lch_0.16_lov_0.02_gateasym_0.00_w_4.0,9150,16560.0,3,4000.0,8,160.0,240.0,20.0,0.0,None,None,"3-Terminal Fingered FETs NMOS Pads are ordered (from bottom-to-top): S, D, G, S, D, G, S, D, G, S, D, G"
'3731',FINGERED FET,mod_fingered_fet_ov_nmos_nf_4_lc_0.24_lch_0.16_lov_0.02_gateasym_0.00_w_4.0,9150,19800.0,3,4000.0,4,160.0,240.0,20.0,0.0,None,None,"3-Terminal Fingered FETs NMOS Pads are ordered (from bottom-to-top): S, D, G, S, D, G, S, D, G, S, D, G"
'3732',FINGERED FET,mod_fingered_fet_ov_pmos_nf_32_lc_0.24_lch_0.16_lov_0.02_gateasym_0.00_w_4.0,9200,10080.0,3,4000.0,32,160.0,240.0,20.0,0.0,None,None,"3-Terminal Fingered FETs PMOS Pads are ordered (from bottom-to-top): S, D, G, S, D, G, S, D, G, S, D, G"
'3733',FINGERED FET,mod_fingered_fet_ov_pmos_nf_16_lc_0.24_lch_0.16_lov_0.02_gateasym_0.00_w_4.0,9200,13320.0,3,4000.0,16,160.0,240.0,20.0,0.0,None,None,"3-Terminal Fingered FETs PMOS Pads are ordered (from bottom-to-top): S, D, G, S, D, G, S, D, G, S, D, G"
'3734',FINGERED FET,mod_fingered_fet_ov_pmos_nf_8_lc_0.24_lch_0.16_lov_0.02_gateasym_0.00_w_4.0,9200,16560.0,3,4000.0,8,160.0,240.0,20.0,0.0,None,None,"3-Terminal Fingered FETs PMOS Pads are ordered (from bottom-to-top): S, D, G, S, D, G, S, D, G, S, D, G"
'3735',FINGERED FET,mod_fingered_fet_ov_pmos_nf_4_lc_0.24_lch_0.16_lov_0.02_gateasym_0.00_w_4.0,9200,19800.0,3,4000.0,4,160.0,240.0,20.0,0.0,None,None,"3-Terminal Fingered FETs PMOS Pads are ordered (from bottom-to-top): S, D, G, S, D, G, S, D, G, S, D, G"
'3736',FINGERED FET,mod_fingered_fet_ov_nmos_nf_32_lc_0.24_lch_0.16_lov_0.0_gateasym_0.00_w_4.0,9250,10080.0,3,4000.0,32,160.0,240.0,0.0,0.0,None,None,"3-Terminal Fingered FETs NMOS Pads are ordered (from bottom-to-top): S, D, G, S, D, G, S, D, G, S, D, G"
'3737',FINGERED FET,mod_fingered_fet_ov_nmos_nf_16_lc_0.24_lch_0.16_lov_0.0_gateasym_0.00_w_4.0,9250,13320.0,3,4000.0,16,160.0,240.0,0.0,0.0,None,None,"3-Terminal Fingered FETs NMOS Pads are ordered (from bottom-to-top): S, D, G, S, D, G, S, D, G, S, D, G"
'3738',FINGERED FET,mod_fingered_fet_ov_nmos_nf_8_lc_0.24_lch_0.16_lov_0.0_gateasym_0.00_w_4.0,9250,16560.0,3,4000.0,8,160.0,240.0,0.0,0.0,None,None,"3-Terminal Fingered FETs NMOS Pads are ordered (from bottom-to-top): S, D, G, S, D, G, S, D, G, S, D, G"
'3739',FINGERED FET,mod_fingered_fet_ov_nmos_nf_4_lc_0.24_lch_0.16_lov_0.0_gateasym_0.00_w_4.0,9250,19800.0,3,4000.0,4,160.0,240.0,0.0,0.0,None,None,"3-Terminal Fingered FETs NMOS Pads are ordered (from bottom-to-top): S, D, G, S, D, G, S, D, G, S, D, G"
'3740',FINGERED FET,mod_fingered_fet_ov_pmos_nf_32_lc_0.24_lch_0.16_lov_0.0_gateasym_0.00_w_4.0,9300,10080.0,3,4000.0,32,160.0,240.0,0.0,0.0,None,None,"3-Terminal Fingered FETs PMOS Pads are ordered (from bottom-to-top): S, D, G, S, D, G, S, D, G, S, D, G"
'3741',FINGERED FET,mod_fingered_fet_ov_pmos_nf_16_lc_0.24_lch_0.16_lov_0.0_gateasym_0.00_w_4.0,9300,13320.0,3,4000.0,16,160.0,240.0,0.0,0.0,None,None,"3-Terminal Fingered FETs PMOS Pads are ordered (from bottom-to-top): S, D, G, S, D, G, S, D, G, S, D, G"
'3742',FINGERED FET,mod_fingered_fet_ov_pmos_nf_8_lc_0.24_lch_0.16_lov_0.0_gateasym_0.00_w_4.0,9300,16560.0,3,4000.0,8,160.0,240.0,0.0,0.0,None,None,"3-Terminal Fingered FETs PMOS Pads are ordered (from bottom-to-top): S, D, G, S, D, G, S, D, G, S, D, G"
'3743',FINGERED FET,mod_fingered_fet_ov_pmos_nf_4_lc_0.24_lch_0.16_lov_0.0_gateasym_0.00_w_4.0,9300,19800.0,3,4000.0,4,160.0,240.0,0.0,0.0,None,None,"3-Terminal Fingered FETs PMOS Pads are ordered (from bottom-to-top): S, D, G, S, D, G, S, D, G, S, D, G"
'3744',FINGERED FET,mod_fingered_fet_ov_nmos_nf_32_lc_0.24_lch_0.16_lov_-0.01_gateasym_0.00_w_4.0,9350,10080.0,3,4000.0,32,160.0,240.0,-10.0,0.0,None,None,"3-Terminal Fingered FETs NMOS Pads are ordered (from bottom-to-top): S, D, G, S, D, G, S, D, G, S, D, G"
'3745',FINGERED FET,mod_fingered_fet_ov_nmos_nf_16_lc_0.24_lch_0.16_lov_-0.01_gateasym_0.00_w_4.0,9350,13320.0,3,4000.0,16,160.0,240.0,-10.0,0.0,None,None,"3-Terminal Fingered FETs NMOS Pads are ordered (from bottom-to-top): S, D, G, S, D, G, S, D, G, S, D, G"
'3746',FINGERED FET,mod_fingered_fet_ov_nmos_nf_8_lc_0.24_lch_0.16_lov_-0.01_gateasym_0.00_w_4.0,9350,16560.0,3,4000.0,8,160.0,240.0,-10.0,0.0,None,None,"3-Terminal Fingered FETs NMOS Pads are ordered (from bottom-to-top): S, D, G, S, D, G, S, D, G, S, D, G"
'3747',FINGERED FET,mod_fingered_fet_ov_nmos_nf_4_lc_0.24_lch_0.16_lov_-0.01_gateasym_0.00_w_4.0,9350,19800.0,3,4000.0,4,160.0,240.0,-10.0,0.0,None,None,"3-Terminal Fingered FETs NMOS Pads are ordered (from bottom-to-top): S, D, G, S, D, G, S, D, G, S, D, G"
'3748',FINGERED FET,mod_fingered_fet_ov_pmos_nf_32_lc_0.24_lch_0.16_lov_-0.01_gateasym_0.00_w_4.0,9400,10080.0,3,4000.0,32,160.0,240.0,-10.0,0.0,None,None,"3-Terminal Fingered FETs PMOS Pads are ordered (from bottom-to-top): S, D, G, S, D, G, S, D, G, S, D, G"
'3749',FINGERED FET,mod_fingered_fet_ov_pmos_nf_16_lc_0.24_lch_0.16_lov_-0.01_gateasym_0.00_w_4.0,9400,13320.0,3,4000.0,16,160.0,240.0,-10.0,0.0,None,None,"3-Terminal Fingered FETs PMOS Pads are ordered (from bottom-to-top): S, D, G, S, D, G, S, D, G, S, D, G"
'3750',FINGERED FET,mod_fingered_fet_ov_pmos_nf_8_lc_0.24_lch_0.16_lov_-0.01_gateasym_0.00_w_4.0,9400,16560.0,3,4000.0,8,160.0,240.0,-10.0,0.0,None,None,"3-Terminal Fingered FETs PMOS Pads are ordered (from bottom-to-top): S, D, G, S, D, G, S, D, G, S, D, G"
'3751',FINGERED FET,mod_fingered_fet_ov_pmos_nf_4_lc_0.24_lch_0.16_lov_-0.01_gateasym_0.00_w_4.0,9400,19800.0,3,4000.0,4,160.0,240.0,-10.0,0.0,None,None,"3-Terminal Fingered FETs PMOS Pads are ordered (from bottom-to-top): S, D, G, S, D, G, S, D, G, S, D, G"
'3752',FINGERED FET,mod_fingered_fet_ov_nmos_nf_32_lc_0.24_lch_0.12_lov_0.1_gateasym_0.00_w_4.0,9450,10080.0,3,4000.0,32,120.0,240.0,100.0,0.0,None,None,"3-Terminal Fingered FETs NMOS Pads are ordered (from bottom-to-top): S, D, G, S, D, G, S, D, G, S, D, G"
'3753',FINGERED FET,mod_fingered_fet_ov_nmos_nf_16_lc_0.24_lch_0.12_lov_0.1_gateasym_0.00_w_4.0,9450,13320.0,3,4000.0,16,120.0,240.0,100.0,0.0,None,None,"3-Terminal Fingered FETs NMOS Pads are ordered (from bottom-to-top): S, D, G, S, D, G, S, D, G, S, D, G"
'3754',FINGERED FET,mod_fingered_fet_ov_nmos_nf_8_lc_0.24_lch_0.12_lov_0.1_gateasym_0.00_w_4.0,9450,16560.0,3,4000.0,8,120.0,240.0,100.0,0.0,None,None,"3-Terminal Fingered FETs NMOS Pads are ordered (from bottom-to-top): S, D, G, S, D, G, S, D, G, S, D, G"
'3755',FINGERED FET,mod_fingered_fet_ov_nmos_nf_4_lc_0.24_lch_0.12_lov_0.1_gateasym_0.00_w_4.0,9450,19800.0,3,4000.0,4,120.0,240.0,100.0,0.0,None,None,"3-Terminal Fingered FETs NMOS Pads are ordered (from bottom-to-top): S, D, G, S, D, G, S, D, G, S, D, G"
'3756',FINGERED FET,mod_fingered_fet_ov_pmos_nf_32_lc_0.24_lch_0.12_lov_0.1_gateasym_0.00_w_4.0,9500,10080.0,3,4000.0,32,120.0,240.0,100.0,0.0,None,None,"3-Terminal Fingered FETs PMOS Pads are ordered (from bottom-to-top): S, D, G, S, D, G, S, D, G, S, D, G"
'3757',FINGERED FET,mod_fingered_fet_ov_pmos_nf_16_lc_0.24_lch_0.12_lov_0.1_gateasym_0.00_w_4.0,9500,13320.0,3,4000.0,16,120.0,240.0,100.0,0.0,None,None,"3-Terminal Fingered FETs PMOS Pads are ordered (from bottom-to-top): S, D, G, S, D, G, S, D, G, S, D, G"
'3758',FINGERED FET,mod_fingered_fet_ov_pmos_nf_8_lc_0.24_lch_0.12_lov_0.1_gateasym_0.00_w_4.0,9500,16560.0,3,4000.0,8,120.0,240.0,100.0,0.0,None,None,"3-Terminal Fingered FETs PMOS Pads are ordered (from bottom-to-top): S, D, G, S, D, G, S, D, G, S, D, G"
'3759',FINGERED FET,mod_fingered_fet_ov_pmos_nf_4_lc_0.24_lch_0.12_lov_0.1_gateasym_0.00_w_4.0,9500,19800.0,3,4000.0,4,120.0,240.0,100.0,0.0,None,None,"3-Terminal Fingered FETs PMOS Pads are ordered (from bottom-to-top): S, D, G, S, D, G, S, D, G, S, D, G"
'3760',FINGERED FET,mod_fingered_fet_ov_nmos_nf_32_lc_0.24_lch_0.12_lov_0.08_gateasym_0.00_w_4.0,9550,10080.0,3,4000.0,32,120.0,240.0,80.0,0.0,None,None,"3-Terminal Fingered FETs NMOS Pads are ordered (from bottom-to-top): S, D, G, S, D, G, S, D, G, S, D, G"
'3761',FINGERED FET,mod_fingered_fet_ov_nmos_nf_16_lc_0.24_lch_0.12_lov_0.08_gateasym_0.00_w_4.0,9550,13320.0,3,4000.0,16,120.0,240.0,80.0,0.0,None,None,"3-Terminal Fingered FETs NMOS Pads are ordered (from bottom-to-top): S, D, G, S, D, G, S, D, G, S, D, G"
'3762',FINGERED FET,mod_fingered_fet_ov_nmos_nf_8_lc_0.24_lch_0.12_lov_0.08_gateasym_0.00_w_4.0,9550,16560.0,3,4000.0,8,120.0,240.0,80.0,0.0,None,None,"3-Terminal Fingered FETs NMOS Pads are ordered (from bottom-to-top): S, D, G, S, D, G, S, D, G, S, D, G"
'3763',FINGERED FET,mod_fingered_fet_ov_nmos_nf_4_lc_0.24_lch_0.12_lov_0.08_gateasym_0.00_w_4.0,9550,19800.0,3,4000.0,4,120.0,240.0,80.0,0.0,None,None,"3-Terminal Fingered FETs NMOS Pads are ordered (from bottom-to-top): S, D, G, S, D, G, S, D, G, S, D, G"
'3764',FINGERED FET,mod_fingered_fet_ov_pmos_nf_32_lc_0.24_lch_0.12_lov_0.08_gateasym_0.00_w_4.0,9600,10080.0,3,4000.0,32,120.0,240.0,80.0,0.0,None,None,"3-Terminal Fingered FETs PMOS Pads are ordered (from bottom-to-top): S, D, G, S, D, G, S, D, G, S, D, G"
'3765',FINGERED FET,mod_fingered_fet_ov_pmos_nf_16_lc_0.24_lch_0.12_lov_0.08_gateasym_0.00_w_4.0,9600,13320.0,3,4000.0,16,120.0,240.0,80.0,0.0,None,None,"3-Terminal Fingered FETs PMOS Pads are ordered (from bottom-to-top): S, D, G, S, D, G, S, D, G, S, D, G"
'3766',FINGERED FET,mod_fingered_fet_ov_pmos_nf_8_lc_0.24_lch_0.12_lov_0.08_gateasym_0.00_w_4.0,9600,16560.0,3,4000.0,8,120.0,240.0,80.0,0.0,None,None,"3-Terminal Fingered FETs PMOS Pads are ordered (from bottom-to-top): S, D, G, S, D, G, S, D, G, S, D, G"
'3767',FINGERED FET,mod_fingered_fet_ov_pmos_nf_4_lc_0.24_lch_0.12_lov_0.08_gateasym_0.00_w_4.0,9600,19800.0,3,4000.0,4,120.0,240.0,80.0,0.0,None,None,"3-Terminal Fingered FETs PMOS Pads are ordered (from bottom-to-top): S, D, G, S, D, G, S, D, G, S, D, G"
'3768',FINGERED FET,mod_fingered_fet_ov_nmos_nf_32_lc_0.24_lch_0.12_lov_0.06_gateasym_0.00_w_4.0,9650,10080.0,3,4000.0,32,120.0,240.0,60.0,0.0,None,None,"3-Terminal Fingered FETs NMOS Pads are ordered (from bottom-to-top): S, D, G, S, D, G, S, D, G, S, D, G"
'3769',FINGERED FET,mod_fingered_fet_ov_nmos_nf_16_lc_0.24_lch_0.12_lov_0.06_gateasym_0.00_w_4.0,9650,13320.0,3,4000.0,16,120.0,240.0,60.0,0.0,None,None,"3-Terminal Fingered FETs NMOS Pads are ordered (from bottom-to-top): S, D, G, S, D, G, S, D, G, S, D, G"
'3770',FINGERED FET,mod_fingered_fet_ov_nmos_nf_8_lc_0.24_lch_0.12_lov_0.06_gateasym_0.00_w_4.0,9650,16560.0,3,4000.0,8,120.0,240.0,60.0,0.0,None,None,"3-Terminal Fingered FETs NMOS Pads are ordered (from bottom-to-top): S, D, G, S, D, G, S, D, G, S, D, G"
'3771',FINGERED FET,mod_fingered_fet_ov_nmos_nf_4_lc_0.24_lch_0.12_lov_0.06_gateasym_0.00_w_4.0,9650,19800.0,3,4000.0,4,120.0,240.0,60.0,0.0,None,None,"3-Terminal Fingered FETs NMOS Pads are ordered (from bottom-to-top): S, D, G, S, D, G, S, D, G, S, D, G"
'3772',FINGERED FET,mod_fingered_fet_ov_pmos_nf_32_lc_0.24_lch_0.12_lov_0.06_gateasym_0.00_w_4.0,9700,10080.0,3,4000.0,32,120.0,240.0,60.0,0.0,None,None,"3-Terminal Fingered FETs PMOS Pads are ordered (from bottom-to-top): S, D, G, S, D, G, S, D, G, S, D, G"
'3773',FINGERED FET,mod_fingered_fet_ov_pmos_nf_16_lc_0.24_lch_0.12_lov_0.06_gateasym_0.00_w_4.0,9700,13320.0,3,4000.0,16,120.0,240.0,60.0,0.0,None,None,"3-Terminal Fingered FETs PMOS Pads are ordered (from bottom-to-top): S, D, G, S, D, G, S, D, G, S, D, G"
'3774',FINGERED FET,mod_fingered_fet_ov_pmos_nf_8_lc_0.24_lch_0.12_lov_0.06_gateasym_0.00_w_4.0,9700,16560.0,3,4000.0,8,120.0,240.0,60.0,0.0,None,None,"3-Terminal Fingered FETs PMOS Pads are ordered (from bottom-to-top): S, D, G, S, D, G, S, D, G, S, D, G"
'3775',FINGERED FET,mod_fingered_fet_ov_pmos_nf_4_lc_0.24_lch_0.12_lov_0.06_gateasym_0.00_w_4.0,9700,19800.0,3,4000.0,4,120.0,240.0,60.0,0.0,None,None,"3-Terminal Fingered FETs PMOS Pads are ordered (from bottom-to-top): S, D, G, S, D, G, S, D, G, S, D, G"
'3776',FINGERED FET,mod_fingered_fet_ov_nmos_nf_32_lc_0.24_lch_0.12_lov_0.04_gateasym_0.00_w_4.0,9750,10080.0,3,4000.0,32,120.0,240.0,40.0,0.0,None,None,"3-Terminal Fingered FETs NMOS Pads are ordered (from bottom-to-top): S, D, G, S, D, G, S, D, G, S, D, G"
'3777',FINGERED FET,mod_fingered_fet_ov_nmos_nf_16_lc_0.24_lch_0.12_lov_0.04_gateasym_0.00_w_4.0,9750,13320.0,3,4000.0,16,120.0,240.0,40.0,0.0,None,None,"3-Terminal Fingered FETs NMOS Pads are ordered (from bottom-to-top): S, D, G, S, D, G, S, D, G, S, D, G"
'3778',FINGERED FET,mod_fingered_fet_ov_nmos_nf_8_lc_0.24_lch_0.12_lov_0.04_gateasym_0.00_w_4.0,9750,16560.0,3,4000.0,8,120.0,240.0,40.0,0.0,None,None,"3-Terminal Fingered FETs NMOS Pads are ordered (from bottom-to-top): S, D, G, S, D, G, S, D, G, S, D, G"
'3779',FINGERED FET,mod_fingered_fet_ov_nmos_nf_4_lc_0.24_lch_0.12_lov_0.04_gateasym_0.00_w_4.0,9750,19800.0,3,4000.0,4,120.0,240.0,40.0,0.0,None,None,"3-Terminal Fingered FETs NMOS Pads are ordered (from bottom-to-top): S, D, G, S, D, G, S, D, G, S, D, G"
'3780',FINGERED FET,mod_fingered_fet_ov_pmos_nf_32_lc_0.24_lch_0.12_lov_0.04_gateasym_0.00_w_4.0,9800,10080.0,3,4000.0,32,120.0,240.0,40.0,0.0,None,None,"3-Terminal Fingered FETs PMOS Pads are ordered (from bottom-to-top): S, D, G, S, D, G, S, D, G, S, D, G"
'3781',FINGERED FET,mod_fingered_fet_ov_pmos_nf_16_lc_0.24_lch_0.12_lov_0.04_gateasym_0.00_w_4.0,9800,13320.0,3,4000.0,16,120.0,240.0,40.0,0.0,None,None,"3-Terminal Fingered FETs PMOS Pads are ordered (from bottom-to-top): S, D, G, S, D, G, S, D, G, S, D, G"
'3782',FINGERED FET,mod_fingered_fet_ov_pmos_nf_8_lc_0.24_lch_0.12_lov_0.04_gateasym_0.00_w_4.0,9800,16560.0,3,4000.0,8,120.0,240.0,40.0,0.0,None,None,"3-Terminal Fingered FETs PMOS Pads are ordered (from bottom-to-top): S, D, G, S, D, G, S, D, G, S, D, G"
'3783',FINGERED FET,mod_fingered_fet_ov_pmos_nf_4_lc_0.24_lch_0.12_lov_0.04_gateasym_0.00_w_4.0,9800,19800.0,3,4000.0,4,120.0,240.0,40.0,0.0,None,None,"3-Terminal Fingered FETs PMOS Pads are ordered (from bottom-to-top): S, D, G, S, D, G, S, D, G, S, D, G"
'3784',FINGERED FET,mod_fingered_fet_ov_nmos_nf_32_lc_0.24_lch_0.12_lov_0.02_gateasym_0.00_w_4.0,9850,10080.0,3,4000.0,32,120.0,240.0,20.0,0.0,None,None,"3-Terminal Fingered FETs NMOS Pads are ordered (from bottom-to-top): S, D, G, S, D, G, S, D, G, S, D, G"
'3785',FINGERED FET,mod_fingered_fet_ov_nmos_nf_16_lc_0.24_lch_0.12_lov_0.02_gateasym_0.00_w_4.0,9850,13320.0,3,4000.0,16,120.0,240.0,20.0,0.0,None,None,"3-Terminal Fingered FETs NMOS Pads are ordered (from bottom-to-top): S, D, G, S, D, G, S, D, G, S, D, G"
'3786',FINGERED FET,mod_fingered_fet_ov_nmos_nf_8_lc_0.24_lch_0.12_lov_0.02_gateasym_0.00_w_4.0,9850,16560.0,3,4000.0,8,120.0,240.0,20.0,0.0,None,None,"3-Terminal Fingered FETs NMOS Pads are ordered (from bottom-to-top): S, D, G, S, D, G, S, D, G, S, D, G"
'3787',FINGERED FET,mod_fingered_fet_ov_nmos_nf_4_lc_0.24_lch_0.12_lov_0.02_gateasym_0.00_w_4.0,9850,19800.0,3,4000.0,4,120.0,240.0,20.0,0.0,None,None,"3-Terminal Fingered FETs NMOS Pads are ordered (from bottom-to-top): S, D, G, S, D, G, S, D, G, S, D, G"
'3788',FINGERED FET,mod_fingered_fet_ov_pmos_nf_32_lc_0.24_lch_0.12_lov_0.02_gateasym_0.00_w_4.0,9900,10080.0,3,4000.0,32,120.0,240.0,20.0,0.0,None,None,"3-Terminal Fingered FETs PMOS Pads are ordered (from bottom-to-top): S, D, G, S, D, G, S, D, G, S, D, G"
'3789',FINGERED FET,mod_fingered_fet_ov_pmos_nf_16_lc_0.24_lch_0.12_lov_0.02_gateasym_0.00_w_4.0,9900,13320.0,3,4000.0,16,120.0,240.0,20.0,0.0,None,None,"3-Terminal Fingered FETs PMOS Pads are ordered (from bottom-to-top): S, D, G, S, D, G, S, D, G, S, D, G"
'3790',FINGERED FET,mod_fingered_fet_ov_pmos_nf_8_lc_0.24_lch_0.12_lov_0.02_gateasym_0.00_w_4.0,9900,16560.0,3,4000.0,8,120.0,240.0,20.0,0.0,None,None,"3-Terminal Fingered FETs PMOS Pads are ordered (from bottom-to-top): S, D, G, S, D, G, S, D, G, S, D, G"
'3791',FINGERED FET,mod_fingered_fet_ov_pmos_nf_4_lc_0.24_lch_0.12_lov_0.02_gateasym_0.00_w_4.0,9900,19800.0,3,4000.0,4,120.0,240.0,20.0,0.0,None,None,"3-Terminal Fingered FETs PMOS Pads are ordered (from bottom-to-top): S, D, G, S, D, G, S, D, G, S, D, G"
'3792',FINGERED FET,mod_fingered_fet_ov_nmos_nf_32_lc_0.24_lch_0.12_lov_0.0_gateasym_0.00_w_4.0,9950,10080.0,3,4000.0,32,120.0,240.0,0.0,0.0,None,None,"3-Terminal Fingered FETs NMOS Pads are ordered (from bottom-to-top): S, D, G, S, D, G, S, D, G, S, D, G"
'3793',FINGERED FET,mod_fingered_fet_ov_nmos_nf_16_lc_0.24_lch_0.12_lov_0.0_gateasym_0.00_w_4.0,9950,13320.0,3,4000.0,16,120.0,240.0,0.0,0.0,None,None,"3-Terminal Fingered FETs NMOS Pads are ordered (from bottom-to-top): S, D, G, S, D, G, S, D, G, S, D, G"
'3794',FINGERED FET,mod_fingered_fet_ov_nmos_nf_8_lc_0.24_lch_0.12_lov_0.0_gateasym_0.00_w_4.0,9950,16560.0,3,4000.0,8,120.0,240.0,0.0,0.0,None,None,"3-Terminal Fingered FETs NMOS Pads are ordered (from bottom-to-top): S, D, G, S, D, G, S, D, G, S, D, G"
'3795',FINGERED FET,mod_fingered_fet_ov_nmos_nf_4_lc_0.24_lch_0.12_lov_0.0_gateasym_0.00_w_4.0,9950,19800.0,3,4000.0,4,120.0,240.0,0.0,0.0,None,None,"3-Terminal Fingered FETs NMOS Pads are ordered (from bottom-to-top): S, D, G, S, D, G, S, D, G, S, D, G"
'3796',FINGERED FET,mod_fingered_fet_ov_pmos_nf_32_lc_0.24_lch_0.12_lov_0.0_gateasym_0.00_w_4.0,10000,10080.0,3,4000.0,32,120.0,240.0,0.0,0.0,None,None,"3-Terminal Fingered FETs PMOS Pads are ordered (from bottom-to-top): S, D, G, S, D, G, S, D, G, S, D, G"
'3797',FINGERED FET,mod_fingered_fet_ov_pmos_nf_16_lc_0.24_lch_0.12_lov_0.0_gateasym_0.00_w_4.0,10000,13320.0,3,4000.0,16,120.0,240.0,0.0,0.0,None,None,"3-Terminal Fingered FETs PMOS Pads are ordered (from bottom-to-top): S, D, G, S, D, G, S, D, G, S, D, G"
'3798',FINGERED FET,mod_fingered_fet_ov_pmos_nf_8_lc_0.24_lch_0.12_lov_0.0_gateasym_0.00_w_4.0,10000,16560.0,3,4000.0,8,120.0,240.0,0.0,0.0,None,None,"3-Terminal Fingered FETs PMOS Pads are ordered (from bottom-to-top): S, D, G, S, D, G, S, D, G, S, D, G"
'3799',FINGERED FET,mod_fingered_fet_ov_pmos_nf_4_lc_0.24_lch_0.12_lov_0.0_gateasym_0.00_w_4.0,10000,19800.0,3,4000.0,4,120.0,240.0,0.0,0.0,None,None,"3-Terminal Fingered FETs PMOS Pads are ordered (from bottom-to-top): S, D, G, S, D, G, S, D, G, S, D, G"
'3800',FINGERED FET,mod_fingered_fet_ov_nmos_nf_32_lc_0.24_lch_0.12_lov_-0.01_gateasym_0.00_w_4.0,10050,10080.0,3,4000.0,32,120.0,240.0,-10.0,0.0,None,None,"3-Terminal Fingered FETs NMOS Pads are ordered (from bottom-to-top): S, D, G, S, D, G, S, D, G, S, D, G"
'3801',FINGERED FET,mod_fingered_fet_ov_nmos_nf_16_lc_0.24_lch_0.12_lov_-0.01_gateasym_0.00_w_4.0,10050,13320.0,3,4000.0,16,120.0,240.0,-10.0,0.0,None,None,"3-Terminal Fingered FETs NMOS Pads are ordered (from bottom-to-top): S, D, G, S, D, G, S, D, G, S, D, G"
'3802',FINGERED FET,mod_fingered_fet_ov_nmos_nf_8_lc_0.24_lch_0.12_lov_-0.01_gateasym_0.00_w_4.0,10050,16560.0,3,4000.0,8,120.0,240.0,-10.0,0.0,None,None,"3-Terminal Fingered FETs NMOS Pads are ordered (from bottom-to-top): S, D, G, S, D, G, S, D, G, S, D, G"
'3803',FINGERED FET,mod_fingered_fet_ov_nmos_nf_4_lc_0.24_lch_0.12_lov_-0.01_gateasym_0.00_w_4.0,10050,19800.0,3,4000.0,4,120.0,240.0,-10.0,0.0,None,None,"3-Terminal Fingered FETs NMOS Pads are ordered (from bottom-to-top): S, D, G, S, D, G, S, D, G, S, D, G"
'3804',FINGERED FET,mod_fingered_fet_ov_pmos_nf_32_lc_0.24_lch_0.12_lov_-0.01_gateasym_0.00_w_4.0,10100,10080.0,3,4000.0,32,120.0,240.0,-10.0,0.0,None,None,"3-Terminal Fingered FETs PMOS Pads are ordered (from bottom-to-top): S, D, G, S, D, G, S, D, G, S, D, G"
'3805',FINGERED FET,mod_fingered_fet_ov_pmos_nf_16_lc_0.24_lch_0.12_lov_-0.01_gateasym_0.00_w_4.0,10100,13320.0,3,4000.0,16,120.0,240.0,-10.0,0.0,None,None,"3-Terminal Fingered FETs PMOS Pads are ordered (from bottom-to-top): S, D, G, S, D, G, S, D, G, S, D, G"
'3806',FINGERED FET,mod_fingered_fet_ov_pmos_nf_8_lc_0.24_lch_0.12_lov_-0.01_gateasym_0.00_w_4.0,10100,16560.0,3,4000.0,8,120.0,240.0,-10.0,0.0,None,None,"3-Terminal Fingered FETs PMOS Pads are ordered (from bottom-to-top): S, D, G, S, D, G, S, D, G, S, D, G"
'3807',FINGERED FET,mod_fingered_fet_ov_pmos_nf_4_lc_0.24_lch_0.12_lov_-0.01_gateasym_0.00_w_4.0,10100,19800.0,3,4000.0,4,120.0,240.0,-10.0,0.0,None,None,"3-Terminal Fingered FETs PMOS Pads are ordered (from bottom-to-top): S, D, G, S, D, G, S, D, G, S, D, G"
'3808',FINGERED FET,mod_fingered_fet_ov_nmos_nf_32_lc_0.24_lch_0.08_lov_0.1_gateasym_0.00_w_4.0,10150,10080.0,3,4000.0,32,80.0,240.0,100.0,0.0,None,None,"3-Terminal Fingered FETs NMOS Pads are ordered (from bottom-to-top): S, D, G, S, D, G, S, D, G, S, D, G"
'3809',FINGERED FET,mod_fingered_fet_ov_nmos_nf_16_lc_0.24_lch_0.08_lov_0.1_gateasym_0.00_w_4.0,10150,13320.0,3,4000.0,16,80.0,240.0,100.0,0.0,None,None,"3-Terminal Fingered FETs NMOS Pads are ordered (from bottom-to-top): S, D, G, S, D, G, S, D, G, S, D, G"
'3810',FINGERED FET,mod_fingered_fet_ov_nmos_nf_8_lc_0.24_lch_0.08_lov_0.1_gateasym_0.00_w_4.0,10150,16560.0,3,4000.0,8,80.0,240.0,100.0,0.0,None,None,"3-Terminal Fingered FETs NMOS Pads are ordered (from bottom-to-top): S, D, G, S, D, G, S, D, G, S, D, G"
'3811',FINGERED FET,mod_fingered_fet_ov_nmos_nf_4_lc_0.24_lch_0.08_lov_0.1_gateasym_0.00_w_4.0,10150,19800.0,3,4000.0,4,80.0,240.0,100.0,0.0,None,None,"3-Terminal Fingered FETs NMOS Pads are ordered (from bottom-to-top): S, D, G, S, D, G, S, D, G, S, D, G"
'3812',FINGERED FET,mod_fingered_fet_ov_pmos_nf_32_lc_0.24_lch_0.08_lov_0.1_gateasym_0.00_w_4.0,10200,10080.0,3,4000.0,32,80.0,240.0,100.0,0.0,None,None,"3-Terminal Fingered FETs PMOS Pads are ordered (from bottom-to-top): S, D, G, S, D, G, S, D, G, S, D, G"
'3813',FINGERED FET,mod_fingered_fet_ov_pmos_nf_16_lc_0.24_lch_0.08_lov_0.1_gateasym_0.00_w_4.0,10200,13320.0,3,4000.0,16,80.0,240.0,100.0,0.0,None,None,"3-Terminal Fingered FETs PMOS Pads are ordered (from bottom-to-top): S, D, G, S, D, G, S, D, G, S, D, G"
'3814',FINGERED FET,mod_fingered_fet_ov_pmos_nf_8_lc_0.24_lch_0.08_lov_0.1_gateasym_0.00_w_4.0,10200,16560.0,3,4000.0,8,80.0,240.0,100.0,0.0,None,None,"3-Terminal Fingered FETs PMOS Pads are ordered (from bottom-to-top): S, D, G, S, D, G, S, D, G, S, D, G"
'3815',FINGERED FET,mod_fingered_fet_ov_pmos_nf_4_lc_0.24_lch_0.08_lov_0.1_gateasym_0.00_w_4.0,10200,19800.0,3,4000.0,4,80.0,240.0,100.0,0.0,None,None,"3-Terminal Fingered FETs PMOS Pads are ordered (from bottom-to-top): S, D, G, S, D, G, S, D, G, S, D, G"
'3816',FINGERED FET,mod_fingered_fet_ov_nmos_nf_32_lc_0.24_lch_0.08_lov_0.08_gateasym_0.00_w_4.0,10250,10080.0,3,4000.0,32,80.0,240.0,80.0,0.0,None,None,"3-Terminal Fingered FETs NMOS Pads are ordered (from bottom-to-top): S, D, G, S, D, G, S, D, G, S, D, G"
'3817',FINGERED FET,mod_fingered_fet_ov_nmos_nf_16_lc_0.24_lch_0.08_lov_0.08_gateasym_0.00_w_4.0,10250,13320.0,3,4000.0,16,80.0,240.0,80.0,0.0,None,None,"3-Terminal Fingered FETs NMOS Pads are ordered (from bottom-to-top): S, D, G, S, D, G, S, D, G, S, D, G"
'3818',FINGERED FET,mod_fingered_fet_ov_nmos_nf_8_lc_0.24_lch_0.08_lov_0.08_gateasym_0.00_w_4.0,10250,16560.0,3,4000.0,8,80.0,240.0,80.0,0.0,None,None,"3-Terminal Fingered FETs NMOS Pads are ordered (from bottom-to-top): S, D, G, S, D, G, S, D, G, S, D, G"
'3819',FINGERED FET,mod_fingered_fet_ov_nmos_nf_4_lc_0.24_lch_0.08_lov_0.08_gateasym_0.00_w_4.0,10250,19800.0,3,4000.0,4,80.0,240.0,80.0,0.0,None,None,"3-Terminal Fingered FETs NMOS Pads are ordered (from bottom-to-top): S, D, G, S, D, G, S, D, G, S, D, G"
'3820',FINGERED FET,mod_fingered_fet_ov_pmos_nf_32_lc_0.24_lch_0.08_lov_0.08_gateasym_0.00_w_4.0,10300,10080.0,3,4000.0,32,80.0,240.0,80.0,0.0,None,None,"3-Terminal Fingered FETs PMOS Pads are ordered (from bottom-to-top): S, D, G, S, D, G, S, D, G, S, D, G"
'3821',FINGERED FET,mod_fingered_fet_ov_pmos_nf_16_lc_0.24_lch_0.08_lov_0.08_gateasym_0.00_w_4.0,10300,13320.0,3,4000.0,16,80.0,240.0,80.0,0.0,None,None,"3-Terminal Fingered FETs PMOS Pads are ordered (from bottom-to-top): S, D, G, S, D, G, S, D, G, S, D, G"
'3822',FINGERED FET,mod_fingered_fet_ov_pmos_nf_8_lc_0.24_lch_0.08_lov_0.08_gateasym_0.00_w_4.0,10300,16560.0,3,4000.0,8,80.0,240.0,80.0,0.0,None,None,"3-Terminal Fingered FETs PMOS Pads are ordered (from bottom-to-top): S, D, G, S, D, G, S, D, G, S, D, G"
'3823',FINGERED FET,mod_fingered_fet_ov_pmos_nf_4_lc_0.24_lch_0.08_lov_0.08_gateasym_0.00_w_4.0,10300,19800.0,3,4000.0,4,80.0,240.0,80.0,0.0,None,None,"3-Terminal Fingered FETs PMOS Pads are ordered (from bottom-to-top): S, D, G, S, D, G, S, D, G, S, D, G"
'3824',FINGERED FET,mod_fingered_fet_ov_nmos_nf_32_lc_0.24_lch_0.08_lov_0.06_gateasym_0.00_w_4.0,10350,10080.0,3,4000.0,32,80.0,240.0,60.0,0.0,None,None,"3-Terminal Fingered FETs NMOS Pads are ordered (from bottom-to-top): S, D, G, S, D, G, S, D, G, S, D, G"
'3825',FINGERED FET,mod_fingered_fet_ov_nmos_nf_16_lc_0.24_lch_0.08_lov_0.06_gateasym_0.00_w_4.0,10350,13320.0,3,4000.0,16,80.0,240.0,60.0,0.0,None,None,"3-Terminal Fingered FETs NMOS Pads are ordered (from bottom-to-top): S, D, G, S, D, G, S, D, G, S, D, G"
'3826',FINGERED FET,mod_fingered_fet_ov_nmos_nf_8_lc_0.24_lch_0.08_lov_0.06_gateasym_0.00_w_4.0,10350,16560.0,3,4000.0,8,80.0,240.0,60.0,0.0,None,None,"3-Terminal Fingered FETs NMOS Pads are ordered (from bottom-to-top): S, D, G, S, D, G, S, D, G, S, D, G"
'3827',FINGERED FET,mod_fingered_fet_ov_nmos_nf_4_lc_0.24_lch_0.08_lov_0.06_gateasym_0.00_w_4.0,10350,19800.0,3,4000.0,4,80.0,240.0,60.0,0.0,None,None,"3-Terminal Fingered FETs NMOS Pads are ordered (from bottom-to-top): S, D, G, S, D, G, S, D, G, S, D, G"
'3828',FINGERED FET,mod_fingered_fet_ov_pmos_nf_32_lc_0.24_lch_0.08_lov_0.06_gateasym_0.00_w_4.0,10400,10080.0,3,4000.0,32,80.0,240.0,60.0,0.0,None,None,"3-Terminal Fingered FETs PMOS Pads are ordered (from bottom-to-top): S, D, G, S, D, G, S, D, G, S, D, G"
'3829',FINGERED FET,mod_fingered_fet_ov_pmos_nf_16_lc_0.24_lch_0.08_lov_0.06_gateasym_0.00_w_4.0,10400,13320.0,3,4000.0,16,80.0,240.0,60.0,0.0,None,None,"3-Terminal Fingered FETs PMOS Pads are ordered (from bottom-to-top): S, D, G, S, D, G, S, D, G, S, D, G"
'3830',FINGERED FET,mod_fingered_fet_ov_pmos_nf_8_lc_0.24_lch_0.08_lov_0.06_gateasym_0.00_w_4.0,10400,16560.0,3,4000.0,8,80.0,240.0,60.0,0.0,None,None,"3-Terminal Fingered FETs PMOS Pads are ordered (from bottom-to-top): S, D, G, S, D, G, S, D, G, S, D, G"
'3831',FINGERED FET,mod_fingered_fet_ov_pmos_nf_4_lc_0.24_lch_0.08_lov_0.06_gateasym_0.00_w_4.0,10400,19800.0,3,4000.0,4,80.0,240.0,60.0,0.0,None,None,"3-Terminal Fingered FETs PMOS Pads are ordered (from bottom-to-top): S, D, G, S, D, G, S, D, G, S, D, G"
'3832',FINGERED FET,mod_fingered_fet_ov_nmos_nf_32_lc_0.24_lch_0.08_lov_0.04_gateasym_0.00_w_4.0,10450,10080.0,3,4000.0,32,80.0,240.0,40.0,0.0,None,None,"3-Terminal Fingered FETs NMOS Pads are ordered (from bottom-to-top): S, D, G, S, D, G, S, D, G, S, D, G"
'3833',FINGERED FET,mod_fingered_fet_ov_nmos_nf_16_lc_0.24_lch_0.08_lov_0.04_gateasym_0.00_w_4.0,10450,13320.0,3,4000.0,16,80.0,240.0,40.0,0.0,None,None,"3-Terminal Fingered FETs NMOS Pads are ordered (from bottom-to-top): S, D, G, S, D, G, S, D, G, S, D, G"
'3834',FINGERED FET,mod_fingered_fet_ov_nmos_nf_8_lc_0.24_lch_0.08_lov_0.04_gateasym_0.00_w_4.0,10450,16560.0,3,4000.0,8,80.0,240.0,40.0,0.0,None,None,"3-Terminal Fingered FETs NMOS Pads are ordered (from bottom-to-top): S, D, G, S, D, G, S, D, G, S, D, G"
'3835',FINGERED FET,mod_fingered_fet_ov_nmos_nf_4_lc_0.24_lch_0.08_lov_0.04_gateasym_0.00_w_4.0,10450,19800.0,3,4000.0,4,80.0,240.0,40.0,0.0,None,None,"3-Terminal Fingered FETs NMOS Pads are ordered (from bottom-to-top): S, D, G, S, D, G, S, D, G, S, D, G"
'3836',FINGERED FET,mod_fingered_fet_ov_pmos_nf_32_lc_0.24_lch_0.08_lov_0.04_gateasym_0.00_w_4.0,10500,10080.0,3,4000.0,32,80.0,240.0,40.0,0.0,None,None,"3-Terminal Fingered FETs PMOS Pads are ordered (from bottom-to-top): S, D, G, S, D, G, S, D, G, S, D, G"
'3837',FINGERED FET,mod_fingered_fet_ov_pmos_nf_16_lc_0.24_lch_0.08_lov_0.04_gateasym_0.00_w_4.0,10500,13320.0,3,4000.0,16,80.0,240.0,40.0,0.0,None,None,"3-Terminal Fingered FETs PMOS Pads are ordered (from bottom-to-top): S, D, G, S, D, G, S, D, G, S, D, G"
'3838',FINGERED FET,mod_fingered_fet_ov_pmos_nf_8_lc_0.24_lch_0.08_lov_0.04_gateasym_0.00_w_4.0,10500,16560.0,3,4000.0,8,80.0,240.0,40.0,0.0,None,None,"3-Terminal Fingered FETs PMOS Pads are ordered (from bottom-to-top): S, D, G, S, D, G, S, D, G, S, D, G"
'3839',FINGERED FET,mod_fingered_fet_ov_pmos_nf_4_lc_0.24_lch_0.08_lov_0.04_gateasym_0.00_w_4.0,10500,19800.0,3,4000.0,4,80.0,240.0,40.0,0.0,None,None,"3-Terminal Fingered FETs PMOS Pads are ordered (from bottom-to-top): S, D, G, S, D, G, S, D, G, S, D, G"
'3840',FINGERED FET,mod_fingered_fet_ov_nmos_nf_32_lc_0.24_lch_0.08_lov_0.02_gateasym_0.00_w_4.0,10550,10080.0,3,4000.0,32,80.0,240.0,20.0,0.0,None,None,"3-Terminal Fingered FETs NMOS Pads are ordered (from bottom-to-top): S, D, G, S, D, G, S, D, G, S, D, G"
'3841',FINGERED FET,mod_fingered_fet_ov_nmos_nf_16_lc_0.24_lch_0.08_lov_0.02_gateasym_0.00_w_4.0,10550,13320.0,3,4000.0,16,80.0,240.0,20.0,0.0,None,None,"3-Terminal Fingered FETs NMOS Pads are ordered (from bottom-to-top): S, D, G, S, D, G, S, D, G, S, D, G"
'3842',FINGERED FET,mod_fingered_fet_ov_nmos_nf_8_lc_0.24_lch_0.08_lov_0.02_gateasym_0.00_w_4.0,10550,16560.0,3,4000.0,8,80.0,240.0,20.0,0.0,None,None,"3-Terminal Fingered FETs NMOS Pads are ordered (from bottom-to-top): S, D, G, S, D, G, S, D, G, S, D, G"
'3843',FINGERED FET,mod_fingered_fet_ov_nmos_nf_4_lc_0.24_lch_0.08_lov_0.02_gateasym_0.00_w_4.0,10550,19800.0,3,4000.0,4,80.0,240.0,20.0,0.0,None,None,"3-Terminal Fingered FETs NMOS Pads are ordered (from bottom-to-top): S, D, G, S, D, G, S, D, G, S, D, G"
'3844',FINGERED FET,mod_fingered_fet_ov_pmos_nf_32_lc_0.24_lch_0.08_lov_0.02_gateasym_0.00_w_4.0,10600,10080.0,3,4000.0,32,80.0,240.0,20.0,0.0,None,None,"3-Terminal Fingered FETs PMOS Pads are ordered (from bottom-to-top): S, D, G, S, D, G, S, D, G, S, D, G"
'3845',FINGERED FET,mod_fingered_fet_ov_pmos_nf_16_lc_0.24_lch_0.08_lov_0.02_gateasym_0.00_w_4.0,10600,13320.0,3,4000.0,16,80.0,240.0,20.0,0.0,None,None,"3-Terminal Fingered FETs PMOS Pads are ordered (from bottom-to-top): S, D, G, S, D, G, S, D, G, S, D, G"
'3846',FINGERED FET,mod_fingered_fet_ov_pmos_nf_8_lc_0.24_lch_0.08_lov_0.02_gateasym_0.00_w_4.0,10600,16560.0,3,4000.0,8,80.0,240.0,20.0,0.0,None,None,"3-Terminal Fingered FETs PMOS Pads are ordered (from bottom-to-top): S, D, G, S, D, G, S, D, G, S, D, G"
'3847',FINGERED FET,mod_fingered_fet_ov_pmos_nf_4_lc_0.24_lch_0.08_lov_0.02_gateasym_0.00_w_4.0,10600,19800.0,3,4000.0,4,80.0,240.0,20.0,0.0,None,None,"3-Terminal Fingered FETs PMOS Pads are ordered (from bottom-to-top): S, D, G, S, D, G, S, D, G, S, D, G"
'3848',FINGERED FET,mod_fingered_fet_ov_nmos_nf_32_lc_0.24_lch_0.08_lov_0.0_gateasym_0.00_w_4.0,10650,10080.0,3,4000.0,32,80.0,240.0,0.0,0.0,None,None,"3-Terminal Fingered FETs NMOS Pads are ordered (from bottom-to-top): S, D, G, S, D, G, S, D, G, S, D, G"
'3849',FINGERED FET,mod_fingered_fet_ov_nmos_nf_16_lc_0.24_lch_0.08_lov_0.0_gateasym_0.00_w_4.0,10650,13320.0,3,4000.0,16,80.0,240.0,0.0,0.0,None,None,"3-Terminal Fingered FETs NMOS Pads are ordered (from bottom-to-top): S, D, G, S, D, G, S, D, G, S, D, G"
'3850',FINGERED FET,mod_fingered_fet_ov_nmos_nf_8_lc_0.24_lch_0.08_lov_0.0_gateasym_0.00_w_4.0,10650,16560.0,3,4000.0,8,80.0,240.0,0.0,0.0,None,None,"3-Terminal Fingered FETs NMOS Pads are ordered (from bottom-to-top): S, D, G, S, D, G, S, D, G, S, D, G"
'3851',FINGERED FET,mod_fingered_fet_ov_nmos_nf_4_lc_0.24_lch_0.08_lov_0.0_gateasym_0.00_w_4.0,10650,19800.0,3,4000.0,4,80.0,240.0,0.0,0.0,None,None,"3-Terminal Fingered FETs NMOS Pads are ordered (from bottom-to-top): S, D, G, S, D, G, S, D, G, S, D, G"
'3852',FINGERED FET,mod_fingered_fet_ov_pmos_nf_32_lc_0.24_lch_0.08_lov_0.0_gateasym_0.00_w_4.0,10700,10080.0,3,4000.0,32,80.0,240.0,0.0,0.0,None,None,"3-Terminal Fingered FETs PMOS Pads are ordered (from bottom-to-top): S, D, G, S, D, G, S, D, G, S, D, G"
'3853',FINGERED FET,mod_fingered_fet_ov_pmos_nf_16_lc_0.24_lch_0.08_lov_0.0_gateasym_0.00_w_4.0,10700,13320.0,3,4000.0,16,80.0,240.0,0.0,0.0,None,None,"3-Terminal Fingered FETs PMOS Pads are ordered (from bottom-to-top): S, D, G, S, D, G, S, D, G, S, D, G"
'3854',FINGERED FET,mod_fingered_fet_ov_pmos_nf_8_lc_0.24_lch_0.08_lov_0.0_gateasym_0.00_w_4.0,10700,16560.0,3,4000.0,8,80.0,240.0,0.0,0.0,None,None,"3-Terminal Fingered FETs PMOS Pads are ordered (from bottom-to-top): S, D, G, S, D, G, S, D, G, S, D, G"
'3855',FINGERED FET,mod_fingered_fet_ov_pmos_nf_4_lc_0.24_lch_0.08_lov_0.0_gateasym_0.00_w_4.0,10700,19800.0,3,4000.0,4,80.0,240.0,0.0,0.0,None,None,"3-Terminal Fingered FETs PMOS Pads are ordered (from bottom-to-top): S, D, G, S, D, G, S, D, G, S, D, G"
'3856',FINGERED FET,mod_fingered_fet_ov_nmos_nf_32_lc_0.24_lch_0.08_lov_-0.01_gateasym_0.00_w_4.0,10750,10080.0,3,4000.0,32,80.0,240.0,-10.0,0.0,None,None,"3-Terminal Fingered FETs NMOS Pads are ordered (from bottom-to-top): S, D, G, S, D, G, S, D, G, S, D, G"
'3857',FINGERED FET,mod_fingered_fet_ov_nmos_nf_16_lc_0.24_lch_0.08_lov_-0.01_gateasym_0.00_w_4.0,10750,13320.0,3,4000.0,16,80.0,240.0,-10.0,0.0,None,None,"3-Terminal Fingered FETs NMOS Pads are ordered (from bottom-to-top): S, D, G, S, D, G, S, D, G, S, D, G"
'3858',FINGERED FET,mod_fingered_fet_ov_nmos_nf_8_lc_0.24_lch_0.08_lov_-0.01_gateasym_0.00_w_4.0,10750,16560.0,3,4000.0,8,80.0,240.0,-10.0,0.0,None,None,"3-Terminal Fingered FETs NMOS Pads are ordered (from bottom-to-top): S, D, G, S, D, G, S, D, G, S, D, G"
'3859',FINGERED FET,mod_fingered_fet_ov_nmos_nf_4_lc_0.24_lch_0.08_lov_-0.01_gateasym_0.00_w_4.0,10750,19800.0,3,4000.0,4,80.0,240.0,-10.0,0.0,None,None,"3-Terminal Fingered FETs NMOS Pads are ordered (from bottom-to-top): S, D, G, S, D, G, S, D, G, S, D, G"
'3860',FINGERED FET,mod_fingered_fet_ov_pmos_nf_32_lc_0.24_lch_0.08_lov_-0.01_gateasym_0.00_w_4.0,10800,10080.0,3,4000.0,32,80.0,240.0,-10.0,0.0,None,None,"3-Terminal Fingered FETs PMOS Pads are ordered (from bottom-to-top): S, D, G, S, D, G, S, D, G, S, D, G"
'3861',FINGERED FET,mod_fingered_fet_ov_pmos_nf_16_lc_0.24_lch_0.08_lov_-0.01_gateasym_0.00_w_4.0,10800,13320.0,3,4000.0,16,80.0,240.0,-10.0,0.0,None,None,"3-Terminal Fingered FETs PMOS Pads are ordered (from bottom-to-top): S, D, G, S, D, G, S, D, G, S, D, G"
'3862',FINGERED FET,mod_fingered_fet_ov_pmos_nf_8_lc_0.24_lch_0.08_lov_-0.01_gateasym_0.00_w_4.0,10800,16560.0,3,4000.0,8,80.0,240.0,-10.0,0.0,None,None,"3-Terminal Fingered FETs PMOS Pads are ordered (from bottom-to-top): S, D, G, S, D, G, S, D, G, S, D, G"
'3863',FINGERED FET,mod_fingered_fet_ov_pmos_nf_4_lc_0.24_lch_0.08_lov_-0.01_gateasym_0.00_w_4.0,10800,19800.0,3,4000.0,4,80.0,240.0,-10.0,0.0,None,None,"3-Terminal Fingered FETs PMOS Pads are ordered (from bottom-to-top): S, D, G, S, D, G, S, D, G, S, D, G"
'3864',FINGERED FET,mod_fingered_fet_asym_nmos_nf_32_lc_0.28_lch_0.16_lov_0.06_gateasym_-0.02_w_4.0,10900,10080.0,3,4000.0,32,160.0,280.0,60.0,-20.0,None,None,"3-Terminal Fingered FETs NMOS Pads are ordered (from bottom-to-top): S, D, G, S, D, G, S, D, G, S, D, G"
'3865',FINGERED FET,mod_fingered_fet_asym_nmos_nf_16_lc_0.28_lch_0.16_lov_0.06_gateasym_-0.02_w_4.0,10900,13320.0,3,4000.0,16,160.0,280.0,60.0,-20.0,None,None,"3-Terminal Fingered FETs NMOS Pads are ordered (from bottom-to-top): S, D, G, S, D, G, S, D, G, S, D, G"
'3866',FINGERED FET,mod_fingered_fet_asym_nmos_nf_8_lc_0.28_lch_0.16_lov_0.06_gateasym_-0.02_w_4.0,10900,16560.0,3,4000.0,8,160.0,280.0,60.0,-20.0,None,None,"3-Terminal Fingered FETs NMOS Pads are ordered (from bottom-to-top): S, D, G, S, D, G, S, D, G, S, D, G"
'3867',FINGERED FET,mod_fingered_fet_asym_nmos_nf_4_lc_0.28_lch_0.16_lov_0.06_gateasym_-0.02_w_4.0,10900,19800.0,3,4000.0,4,160.0,280.0,60.0,-20.0,None,None,"3-Terminal Fingered FETs NMOS Pads are ordered (from bottom-to-top): S, D, G, S, D, G, S, D, G, S, D, G"
'3868',FINGERED FET,mod_fingered_fet_asym_pmos_nf_32_lc_0.28_lch_0.16_lov_0.06_gateasym_-0.02_w_4.0,10950,10080.0,3,4000.0,32,160.0,280.0,60.0,-20.0,None,None,"3-Terminal Fingered FETs PMOS Pads are ordered (from bottom-to-top): S, D, G, S, D, G, S, D, G, S, D, G"
'3869',FINGERED FET,mod_fingered_fet_asym_pmos_nf_16_lc_0.28_lch_0.16_lov_0.06_gateasym_-0.02_w_4.0,10950,13320.0,3,4000.0,16,160.0,280.0,60.0,-20.0,None,None,"3-Terminal Fingered FETs PMOS Pads are ordered (from bottom-to-top): S, D, G, S, D, G, S, D, G, S, D, G"
'3870',FINGERED FET,mod_fingered_fet_asym_pmos_nf_8_lc_0.28_lch_0.16_lov_0.06_gateasym_-0.02_w_4.0,10950,16560.0,3,4000.0,8,160.0,280.0,60.0,-20.0,None,None,"3-Terminal Fingered FETs PMOS Pads are ordered (from bottom-to-top): S, D, G, S, D, G, S, D, G, S, D, G"
'3871',FINGERED FET,mod_fingered_fet_asym_pmos_nf_4_lc_0.28_lch_0.16_lov_0.06_gateasym_-0.02_w_4.0,10950,19800.0,3,4000.0,4,160.0,280.0,60.0,-20.0,None,None,"3-Terminal Fingered FETs PMOS Pads are ordered (from bottom-to-top): S, D, G, S, D, G, S, D, G, S, D, G"
'3872',FINGERED FET,mod_fingered_fet_asym_nmos_nf_32_lc_0.28_lch_0.16_lov_0.06_gateasym_-0.04_w_4.0,11000,10080.0,3,4000.0,32,160.0,280.0,60.0,-40.0,None,None,"3-Terminal Fingered FETs NMOS Pads are ordered (from bottom-to-top): S, D, G, S, D, G, S, D, G, S, D, G"
'3873',FINGERED FET,mod_fingered_fet_asym_nmos_nf_16_lc_0.28_lch_0.16_lov_0.06_gateasym_-0.04_w_4.0,11000,13320.0,3,4000.0,16,160.0,280.0,60.0,-40.0,None,None,"3-Terminal Fingered FETs NMOS Pads are ordered (from bottom-to-top): S, D, G, S, D, G, S, D, G, S, D, G"
'3874',FINGERED FET,mod_fingered_fet_asym_nmos_nf_8_lc_0.28_lch_0.16_lov_0.06_gateasym_-0.04_w_4.0,11000,16560.0,3,4000.0,8,160.0,280.0,60.0,-40.0,None,None,"3-Terminal Fingered FETs NMOS Pads are ordered (from bottom-to-top): S, D, G, S, D, G, S, D, G, S, D, G"
'3875',FINGERED FET,mod_fingered_fet_asym_nmos_nf_4_lc_0.28_lch_0.16_lov_0.06_gateasym_-0.04_w_4.0,11000,19800.0,3,4000.0,4,160.0,280.0,60.0,-40.0,None,None,"3-Terminal Fingered FETs NMOS Pads are ordered (from bottom-to-top): S, D, G, S, D, G, S, D, G, S, D, G"
'3876',FINGERED FET,mod_fingered_fet_asym_pmos_nf_32_lc_0.28_lch_0.16_lov_0.06_gateasym_-0.04_w_4.0,11050,10080.0,3,4000.0,32,160.0,280.0,60.0,-40.0,None,None,"3-Terminal Fingered FETs PMOS Pads are ordered (from bottom-to-top): S, D, G, S, D, G, S, D, G, S, D, G"
'3877',FINGERED FET,mod_fingered_fet_asym_pmos_nf_16_lc_0.28_lch_0.16_lov_0.06_gateasym_-0.04_w_4.0,11050,13320.0,3,4000.0,16,160.0,280.0,60.0,-40.0,None,None,"3-Terminal Fingered FETs PMOS Pads are ordered (from bottom-to-top): S, D, G, S, D, G, S, D, G, S, D, G"
'3878',FINGERED FET,mod_fingered_fet_asym_pmos_nf_8_lc_0.28_lch_0.16_lov_0.06_gateasym_-0.04_w_4.0,11050,16560.0,3,4000.0,8,160.0,280.0,60.0,-40.0,None,None,"3-Terminal Fingered FETs PMOS Pads are ordered (from bottom-to-top): S, D, G, S, D, G, S, D, G, S, D, G"
'3879',FINGERED FET,mod_fingered_fet_asym_pmos_nf_4_lc_0.28_lch_0.16_lov_0.06_gateasym_-0.04_w_4.0,11050,19800.0,3,4000.0,4,160.0,280.0,60.0,-40.0,None,None,"3-Terminal Fingered FETs PMOS Pads are ordered (from bottom-to-top): S, D, G, S, D, G, S, D, G, S, D, G"
'3880',FINGERED FET,mod_fingered_fet_asym_nmos_nf_32_lc_0.28_lch_0.16_lov_0.04_gateasym_-0.02_w_4.0,11100,10080.0,3,4000.0,32,160.0,280.0,40.0,-20.0,None,None,"3-Terminal Fingered FETs NMOS Pads are ordered (from bottom-to-top): S, D, G, S, D, G, S, D, G, S, D, G"
'3881',FINGERED FET,mod_fingered_fet_asym_nmos_nf_16_lc_0.28_lch_0.16_lov_0.04_gateasym_-0.02_w_4.0,11100,13320.0,3,4000.0,16,160.0,280.0,40.0,-20.0,None,None,"3-Terminal Fingered FETs NMOS Pads are ordered (from bottom-to-top): S, D, G, S, D, G, S, D, G, S, D, G"
'3882',FINGERED FET,mod_fingered_fet_asym_nmos_nf_8_lc_0.28_lch_0.16_lov_0.04_gateasym_-0.02_w_4.0,11100,16560.0,3,4000.0,8,160.0,280.0,40.0,-20.0,None,None,"3-Terminal Fingered FETs NMOS Pads are ordered (from bottom-to-top): S, D, G, S, D, G, S, D, G, S, D, G"
'3883',FINGERED FET,mod_fingered_fet_asym_nmos_nf_4_lc_0.28_lch_0.16_lov_0.04_gateasym_-0.02_w_4.0,11100,19800.0,3,4000.0,4,160.0,280.0,40.0,-20.0,None,None,"3-Terminal Fingered FETs NMOS Pads are ordered (from bottom-to-top): S, D, G, S, D, G, S, D, G, S, D, G"
'3884',FINGERED FET,mod_fingered_fet_asym_pmos_nf_32_lc_0.28_lch_0.16_lov_0.04_gateasym_-0.02_w_4.0,11150,10080.0,3,4000.0,32,160.0,280.0,40.0,-20.0,None,None,"3-Terminal Fingered FETs PMOS Pads are ordered (from bottom-to-top): S, D, G, S, D, G, S, D, G, S, D, G"
'3885',FINGERED FET,mod_fingered_fet_asym_pmos_nf_16_lc_0.28_lch_0.16_lov_0.04_gateasym_-0.02_w_4.0,11150,13320.0,3,4000.0,16,160.0,280.0,40.0,-20.0,None,None,"3-Terminal Fingered FETs PMOS Pads are ordered (from bottom-to-top): S, D, G, S, D, G, S, D, G, S, D, G"
'3886',FINGERED FET,mod_fingered_fet_asym_pmos_nf_8_lc_0.28_lch_0.16_lov_0.04_gateasym_-0.02_w_4.0,11150,16560.0,3,4000.0,8,160.0,280.0,40.0,-20.0,None,None,"3-Terminal Fingered FETs PMOS Pads are ordered (from bottom-to-top): S, D, G, S, D, G, S, D, G, S, D, G"
'3887',FINGERED FET,mod_fingered_fet_asym_pmos_nf_4_lc_0.28_lch_0.16_lov_0.04_gateasym_-0.02_w_4.0,11150,19800.0,3,4000.0,4,160.0,280.0,40.0,-20.0,None,None,"3-Terminal Fingered FETs PMOS Pads are ordered (from bottom-to-top): S, D, G, S, D, G, S, D, G, S, D, G"
'3888',FINGERED FET,mod_fingered_fet_asym_nmos_nf_32_lc_0.28_lch_0.16_lov_0.04_gateasym_-0.04_w_4.0,11200,10080.0,3,4000.0,32,160.0,280.0,40.0,-40.0,None,None,"3-Terminal Fingered FETs NMOS Pads are ordered (from bottom-to-top): S, D, G, S, D, G, S, D, G, S, D, G"
'3889',FINGERED FET,mod_fingered_fet_asym_nmos_nf_16_lc_0.28_lch_0.16_lov_0.04_gateasym_-0.04_w_4.0,11200,13320.0,3,4000.0,16,160.0,280.0,40.0,-40.0,None,None,"3-Terminal Fingered FETs NMOS Pads are ordered (from bottom-to-top): S, D, G, S, D, G, S, D, G, S, D, G"
'3890',FINGERED FET,mod_fingered_fet_asym_nmos_nf_8_lc_0.28_lch_0.16_lov_0.04_gateasym_-0.04_w_4.0,11200,16560.0,3,4000.0,8,160.0,280.0,40.0,-40.0,None,None,"3-Terminal Fingered FETs NMOS Pads are ordered (from bottom-to-top): S, D, G, S, D, G, S, D, G, S, D, G"
'3891',FINGERED FET,mod_fingered_fet_asym_nmos_nf_4_lc_0.28_lch_0.16_lov_0.04_gateasym_-0.04_w_4.0,11200,19800.0,3,4000.0,4,160.0,280.0,40.0,-40.0,None,None,"3-Terminal Fingered FETs NMOS Pads are ordered (from bottom-to-top): S, D, G, S, D, G, S, D, G, S, D, G"
'3892',FINGERED FET,mod_fingered_fet_asym_pmos_nf_32_lc_0.28_lch_0.16_lov_0.04_gateasym_-0.04_w_4.0,11250,10080.0,3,4000.0,32,160.0,280.0,40.0,-40.0,None,None,"3-Terminal Fingered FETs PMOS Pads are ordered (from bottom-to-top): S, D, G, S, D, G, S, D, G, S, D, G"
'3893',FINGERED FET,mod_fingered_fet_asym_pmos_nf_16_lc_0.28_lch_0.16_lov_0.04_gateasym_-0.04_w_4.0,11250,13320.0,3,4000.0,16,160.0,280.0,40.0,-40.0,None,None,"3-Terminal Fingered FETs PMOS Pads are ordered (from bottom-to-top): S, D, G, S, D, G, S, D, G, S, D, G"
'3894',FINGERED FET,mod_fingered_fet_asym_pmos_nf_8_lc_0.28_lch_0.16_lov_0.04_gateasym_-0.04_w_4.0,11250,16560.0,3,4000.0,8,160.0,280.0,40.0,-40.0,None,None,"3-Terminal Fingered FETs PMOS Pads are ordered (from bottom-to-top): S, D, G, S, D, G, S, D, G, S, D, G"
'3895',FINGERED FET,mod_fingered_fet_asym_pmos_nf_4_lc_0.28_lch_0.16_lov_0.04_gateasym_-0.04_w_4.0,11250,19800.0,3,4000.0,4,160.0,280.0,40.0,-40.0,None,None,"3-Terminal Fingered FETs PMOS Pads are ordered (from bottom-to-top): S, D, G, S, D, G, S, D, G, S, D, G"
'3896',FINGERED FET,mod_fingered_fet_asym_nmos_nf_32_lc_0.28_lch_0.16_lov_0.02_gateasym_-0.02_w_4.0,11300,10080.0,3,4000.0,32,160.0,280.0,20.0,-20.0,None,None,"3-Terminal Fingered FETs NMOS Pads are ordered (from bottom-to-top): S, D, G, S, D, G, S, D, G, S, D, G"
'3897',FINGERED FET,mod_fingered_fet_asym_nmos_nf_16_lc_0.28_lch_0.16_lov_0.02_gateasym_-0.02_w_4.0,11300,13320.0,3,4000.0,16,160.0,280.0,20.0,-20.0,None,None,"3-Terminal Fingered FETs NMOS Pads are ordered (from bottom-to-top): S, D, G, S, D, G, S, D, G, S, D, G"
'3898',FINGERED FET,mod_fingered_fet_asym_nmos_nf_8_lc_0.28_lch_0.16_lov_0.02_gateasym_-0.02_w_4.0,11300,16560.0,3,4000.0,8,160.0,280.0,20.0,-20.0,None,None,"3-Terminal Fingered FETs NMOS Pads are ordered (from bottom-to-top): S, D, G, S, D, G, S, D, G, S, D, G"
'3899',FINGERED FET,mod_fingered_fet_asym_nmos_nf_4_lc_0.28_lch_0.16_lov_0.02_gateasym_-0.02_w_4.0,11300,19800.0,3,4000.0,4,160.0,280.0,20.0,-20.0,None,None,"3-Terminal Fingered FETs NMOS Pads are ordered (from bottom-to-top): S, D, G, S, D, G, S, D, G, S, D, G"
'3900',FINGERED FET,mod_fingered_fet_asym_pmos_nf_32_lc_0.28_lch_0.16_lov_0.02_gateasym_-0.02_w_4.0,11350,10080.0,3,4000.0,32,160.0,280.0,20.0,-20.0,None,None,"3-Terminal Fingered FETs PMOS Pads are ordered (from bottom-to-top): S, D, G, S, D, G, S, D, G, S, D, G"
'3901',FINGERED FET,mod_fingered_fet_asym_pmos_nf_16_lc_0.28_lch_0.16_lov_0.02_gateasym_-0.02_w_4.0,11350,13320.0,3,4000.0,16,160.0,280.0,20.0,-20.0,None,None,"3-Terminal Fingered FETs PMOS Pads are ordered (from bottom-to-top): S, D, G, S, D, G, S, D, G, S, D, G"
'3902',FINGERED FET,mod_fingered_fet_asym_pmos_nf_8_lc_0.28_lch_0.16_lov_0.02_gateasym_-0.02_w_4.0,11350,16560.0,3,4000.0,8,160.0,280.0,20.0,-20.0,None,None,"3-Terminal Fingered FETs PMOS Pads are ordered (from bottom-to-top): S, D, G, S, D, G, S, D, G, S, D, G"
'3903',FINGERED FET,mod_fingered_fet_asym_pmos_nf_4_lc_0.28_lch_0.16_lov_0.02_gateasym_-0.02_w_4.0,11350,19800.0,3,4000.0,4,160.0,280.0,20.0,-20.0,None,None,"3-Terminal Fingered FETs PMOS Pads are ordered (from bottom-to-top): S, D, G, S, D, G, S, D, G, S, D, G"
'3904',FINGERED FET,mod_fingered_fet_asym_nmos_nf_32_lc_0.28_lch_0.16_lov_0.02_gateasym_-0.04_w_4.0,11400,10080.0,3,4000.0,32,160.0,280.0,20.0,-40.0,None,None,"3-Terminal Fingered FETs NMOS Pads are ordered (from bottom-to-top): S, D, G, S, D, G, S, D, G, S, D, G"
'3905',FINGERED FET,mod_fingered_fet_asym_nmos_nf_16_lc_0.28_lch_0.16_lov_0.02_gateasym_-0.04_w_4.0,11400,13320.0,3,4000.0,16,160.0,280.0,20.0,-40.0,None,None,"3-Terminal Fingered FETs NMOS Pads are ordered (from bottom-to-top): S, D, G, S, D, G, S, D, G, S, D, G"
'3906',FINGERED FET,mod_fingered_fet_asym_nmos_nf_8_lc_0.28_lch_0.16_lov_0.02_gateasym_-0.04_w_4.0,11400,16560.0,3,4000.0,8,160.0,280.0,20.0,-40.0,None,None,"3-Terminal Fingered FETs NMOS Pads are ordered (from bottom-to-top): S, D, G, S, D, G, S, D, G, S, D, G"
'3907',FINGERED FET,mod_fingered_fet_asym_nmos_nf_4_lc_0.28_lch_0.16_lov_0.02_gateasym_-0.04_w_4.0,11400,19800.0,3,4000.0,4,160.0,280.0,20.0,-40.0,None,None,"3-Terminal Fingered FETs NMOS Pads are ordered (from bottom-to-top): S, D, G, S, D, G, S, D, G, S, D, G"
'3908',FINGERED FET,mod_fingered_fet_asym_pmos_nf_32_lc_0.28_lch_0.16_lov_0.02_gateasym_-0.04_w_4.0,11450,10080.0,3,4000.0,32,160.0,280.0,20.0,-40.0,None,None,"3-Terminal Fingered FETs PMOS Pads are ordered (from bottom-to-top): S, D, G, S, D, G, S, D, G, S, D, G"
'3909',FINGERED FET,mod_fingered_fet_asym_pmos_nf_16_lc_0.28_lch_0.16_lov_0.02_gateasym_-0.04_w_4.0,11450,13320.0,3,4000.0,16,160.0,280.0,20.0,-40.0,None,None,"3-Terminal Fingered FETs PMOS Pads are ordered (from bottom-to-top): S, D, G, S, D, G, S, D, G, S, D, G"
'3910',FINGERED FET,mod_fingered_fet_asym_pmos_nf_8_lc_0.28_lch_0.16_lov_0.02_gateasym_-0.04_w_4.0,11450,16560.0,3,4000.0,8,160.0,280.0,20.0,-40.0,None,None,"3-Terminal Fingered FETs PMOS Pads are ordered (from bottom-to-top): S, D, G, S, D, G, S, D, G, S, D, G"
'3911',FINGERED FET,mod_fingered_fet_asym_pmos_nf_4_lc_0.28_lch_0.16_lov_0.02_gateasym_-0.04_w_4.0,11450,19800.0,3,4000.0,4,160.0,280.0,20.0,-40.0,None,None,"3-Terminal Fingered FETs PMOS Pads are ordered (from bottom-to-top): S, D, G, S, D, G, S, D, G, S, D, G"
'3912',FINGERED FET,mod_fingered_fet_asym_nmos_nf_32_lc_0.28_lch_0.12_lov_0.06_gateasym_-0.02_w_4.0,11500,10080.0,3,4000.0,32,120.0,280.0,60.0,-20.0,None,None,"3-Terminal Fingered FETs NMOS Pads are ordered (from bottom-to-top): S, D, G, S, D, G, S, D, G, S, D, G"
'3913',FINGERED FET,mod_fingered_fet_asym_nmos_nf_16_lc_0.28_lch_0.12_lov_0.06_gateasym_-0.02_w_4.0,11500,13320.0,3,4000.0,16,120.0,280.0,60.0,-20.0,None,None,"3-Terminal Fingered FETs NMOS Pads are ordered (from bottom-to-top): S, D, G, S, D, G, S, D, G, S, D, G"
'3914',FINGERED FET,mod_fingered_fet_asym_nmos_nf_8_lc_0.28_lch_0.12_lov_0.06_gateasym_-0.02_w_4.0,11500,16560.0,3,4000.0,8,120.0,280.0,60.0,-20.0,None,None,"3-Terminal Fingered FETs NMOS Pads are ordered (from bottom-to-top): S, D, G, S, D, G, S, D, G, S, D, G"
'3915',FINGERED FET,mod_fingered_fet_asym_nmos_nf_4_lc_0.28_lch_0.12_lov_0.06_gateasym_-0.02_w_4.0,11500,19800.0,3,4000.0,4,120.0,280.0,60.0,-20.0,None,None,"3-Terminal Fingered FETs NMOS Pads are ordered (from bottom-to-top): S, D, G, S, D, G, S, D, G, S, D, G"
'3916',FINGERED FET,mod_fingered_fet_asym_pmos_nf_32_lc_0.28_lch_0.12_lov_0.06_gateasym_-0.02_w_4.0,11550,10080.0,3,4000.0,32,120.0,280.0,60.0,-20.0,None,None,"3-Terminal Fingered FETs PMOS Pads are ordered (from bottom-to-top): S, D, G, S, D, G, S, D, G, S, D, G"
'3917',FINGERED FET,mod_fingered_fet_asym_pmos_nf_16_lc_0.28_lch_0.12_lov_0.06_gateasym_-0.02_w_4.0,11550,13320.0,3,4000.0,16,120.0,280.0,60.0,-20.0,None,None,"3-Terminal Fingered FETs PMOS Pads are ordered (from bottom-to-top): S, D, G, S, D, G, S, D, G, S, D, G"
'3918',FINGERED FET,mod_fingered_fet_asym_pmos_nf_8_lc_0.28_lch_0.12_lov_0.06_gateasym_-0.02_w_4.0,11550,16560.0,3,4000.0,8,120.0,280.0,60.0,-20.0,None,None,"3-Terminal Fingered FETs PMOS Pads are ordered (from bottom-to-top): S, D, G, S, D, G, S, D, G, S, D, G"
'3919',FINGERED FET,mod_fingered_fet_asym_pmos_nf_4_lc_0.28_lch_0.12_lov_0.06_gateasym_-0.02_w_4.0,11550,19800.0,3,4000.0,4,120.0,280.0,60.0,-20.0,None,None,"3-Terminal Fingered FETs PMOS Pads are ordered (from bottom-to-top): S, D, G, S, D, G, S, D, G, S, D, G"
'3920',FINGERED FET,mod_fingered_fet_asym_nmos_nf_32_lc_0.28_lch_0.12_lov_0.06_gateasym_-0.04_w_4.0,11600,10080.0,3,4000.0,32,120.0,280.0,60.0,-40.0,None,None,"3-Terminal Fingered FETs NMOS Pads are ordered (from bottom-to-top): S, D, G, S, D, G, S, D, G, S, D, G"
'3921',FINGERED FET,mod_fingered_fet_asym_nmos_nf_16_lc_0.28_lch_0.12_lov_0.06_gateasym_-0.04_w_4.0,11600,13320.0,3,4000.0,16,120.0,280.0,60.0,-40.0,None,None,"3-Terminal Fingered FETs NMOS Pads are ordered (from bottom-to-top): S, D, G, S, D, G, S, D, G, S, D, G"
'3922',FINGERED FET,mod_fingered_fet_asym_nmos_nf_8_lc_0.28_lch_0.12_lov_0.06_gateasym_-0.04_w_4.0,11600,16560.0,3,4000.0,8,120.0,280.0,60.0,-40.0,None,None,"3-Terminal Fingered FETs NMOS Pads are ordered (from bottom-to-top): S, D, G, S, D, G, S, D, G, S, D, G"
'3923',FINGERED FET,mod_fingered_fet_asym_nmos_nf_4_lc_0.28_lch_0.12_lov_0.06_gateasym_-0.04_w_4.0,11600,19800.0,3,4000.0,4,120.0,280.0,60.0,-40.0,None,None,"3-Terminal Fingered FETs NMOS Pads are ordered (from bottom-to-top): S, D, G, S, D, G, S, D, G, S, D, G"
'3924',FINGERED FET,mod_fingered_fet_asym_pmos_nf_32_lc_0.28_lch_0.12_lov_0.06_gateasym_-0.04_w_4.0,11650,10080.0,3,4000.0,32,120.0,280.0,60.0,-40.0,None,None,"3-Terminal Fingered FETs PMOS Pads are ordered (from bottom-to-top): S, D, G, S, D, G, S, D, G, S, D, G"
'3925',FINGERED FET,mod_fingered_fet_asym_pmos_nf_16_lc_0.28_lch_0.12_lov_0.06_gateasym_-0.04_w_4.0,11650,13320.0,3,4000.0,16,120.0,280.0,60.0,-40.0,None,None,"3-Terminal Fingered FETs PMOS Pads are ordered (from bottom-to-top): S, D, G, S, D, G, S, D, G, S, D, G"
'3926',FINGERED FET,mod_fingered_fet_asym_pmos_nf_8_lc_0.28_lch_0.12_lov_0.06_gateasym_-0.04_w_4.0,11650,16560.0,3,4000.0,8,120.0,280.0,60.0,-40.0,None,None,"3-Terminal Fingered FETs PMOS Pads are ordered (from bottom-to-top): S, D, G, S, D, G, S, D, G, S, D, G"
'3927',FINGERED FET,mod_fingered_fet_asym_pmos_nf_4_lc_0.28_lch_0.12_lov_0.06_gateasym_-0.04_w_4.0,11650,19800.0,3,4000.0,4,120.0,280.0,60.0,-40.0,None,None,"3-Terminal Fingered FETs PMOS Pads are ordered (from bottom-to-top): S, D, G, S, D, G, S, D, G, S, D, G"
'3928',FINGERED FET,mod_fingered_fet_asym_nmos_nf_32_lc_0.28_lch_0.12_lov_0.04_gateasym_-0.02_w_4.0,11700,10080.0,3,4000.0,32,120.0,280.0,40.0,-20.0,None,None,"3-Terminal Fingered FETs NMOS Pads are ordered (from bottom-to-top): S, D, G, S, D, G, S, D, G, S, D, G"
'3929',FINGERED FET,mod_fingered_fet_asym_nmos_nf_16_lc_0.28_lch_0.12_lov_0.04_gateasym_-0.02_w_4.0,11700,13320.0,3,4000.0,16,120.0,280.0,40.0,-20.0,None,None,"3-Terminal Fingered FETs NMOS Pads are ordered (from bottom-to-top): S, D, G, S, D, G, S, D, G, S, D, G"
'3930',FINGERED FET,mod_fingered_fet_asym_nmos_nf_8_lc_0.28_lch_0.12_lov_0.04_gateasym_-0.02_w_4.0,11700,16560.0,3,4000.0,8,120.0,280.0,40.0,-20.0,None,None,"3-Terminal Fingered FETs NMOS Pads are ordered (from bottom-to-top): S, D, G, S, D, G, S, D, G, S, D, G"
'3931',FINGERED FET,mod_fingered_fet_asym_nmos_nf_4_lc_0.28_lch_0.12_lov_0.04_gateasym_-0.02_w_4.0,11700,19800.0,3,4000.0,4,120.0,280.0,40.0,-20.0,None,None,"3-Terminal Fingered FETs NMOS Pads are ordered (from bottom-to-top): S, D, G, S, D, G, S, D, G, S, D, G"
'3932',FINGERED FET,mod_fingered_fet_asym_pmos_nf_32_lc_0.28_lch_0.12_lov_0.04_gateasym_-0.02_w_4.0,11750,10080.0,3,4000.0,32,120.0,280.0,40.0,-20.0,None,None,"3-Terminal Fingered FETs PMOS Pads are ordered (from bottom-to-top): S, D, G, S, D, G, S, D, G, S, D, G"
'3933',FINGERED FET,mod_fingered_fet_asym_pmos_nf_16_lc_0.28_lch_0.12_lov_0.04_gateasym_-0.02_w_4.0,11750,13320.0,3,4000.0,16,120.0,280.0,40.0,-20.0,None,None,"3-Terminal Fingered FETs PMOS Pads are ordered (from bottom-to-top): S, D, G, S, D, G, S, D, G, S, D, G"
'3934',FINGERED FET,mod_fingered_fet_asym_pmos_nf_8_lc_0.28_lch_0.12_lov_0.04_gateasym_-0.02_w_4.0,11750,16560.0,3,4000.0,8,120.0,280.0,40.0,-20.0,None,None,"3-Terminal Fingered FETs PMOS Pads are ordered (from bottom-to-top): S, D, G, S, D, G, S, D, G, S, D, G"
'3935',FINGERED FET,mod_fingered_fet_asym_pmos_nf_4_lc_0.28_lch_0.12_lov_0.04_gateasym_-0.02_w_4.0,11750,19800.0,3,4000.0,4,120.0,280.0,40.0,-20.0,None,None,"3-Terminal Fingered FETs PMOS Pads are ordered (from bottom-to-top): S, D, G, S, D, G, S, D, G, S, D, G"
'3936',FINGERED FET,mod_fingered_fet_asym_nmos_nf_32_lc_0.28_lch_0.12_lov_0.04_gateasym_-0.04_w_4.0,11800,10080.0,3,4000.0,32,120.0,280.0,40.0,-40.0,None,None,"3-Terminal Fingered FETs NMOS Pads are ordered (from bottom-to-top): S, D, G, S, D, G, S, D, G, S, D, G"
'3937',FINGERED FET,mod_fingered_fet_asym_nmos_nf_16_lc_0.28_lch_0.12_lov_0.04_gateasym_-0.04_w_4.0,11800,13320.0,3,4000.0,16,120.0,280.0,40.0,-40.0,None,None,"3-Terminal Fingered FETs NMOS Pads are ordered (from bottom-to-top): S, D, G, S, D, G, S, D, G, S, D, G"
'3938',FINGERED FET,mod_fingered_fet_asym_nmos_nf_8_lc_0.28_lch_0.12_lov_0.04_gateasym_-0.04_w_4.0,11800,16560.0,3,4000.0,8,120.0,280.0,40.0,-40.0,None,None,"3-Terminal Fingered FETs NMOS Pads are ordered (from bottom-to-top): S, D, G, S, D, G, S, D, G, S, D, G"
'3939',FINGERED FET,mod_fingered_fet_asym_nmos_nf_4_lc_0.28_lch_0.12_lov_0.04_gateasym_-0.04_w_4.0,11800,19800.0,3,4000.0,4,120.0,280.0,40.0,-40.0,None,None,"3-Terminal Fingered FETs NMOS Pads are ordered (from bottom-to-top): S, D, G, S, D, G, S, D, G, S, D, G"
'3940',FINGERED FET,mod_fingered_fet_asym_pmos_nf_32_lc_0.28_lch_0.12_lov_0.04_gateasym_-0.04_w_4.0,11850,10080.0,3,4000.0,32,120.0,280.0,40.0,-40.0,None,None,"3-Terminal Fingered FETs PMOS Pads are ordered (from bottom-to-top): S, D, G, S, D, G, S, D, G, S, D, G"
'3941',FINGERED FET,mod_fingered_fet_asym_pmos_nf_16_lc_0.28_lch_0.12_lov_0.04_gateasym_-0.04_w_4.0,11850,13320.0,3,4000.0,16,120.0,280.0,40.0,-40.0,None,None,"3-Terminal Fingered FETs PMOS Pads are ordered (from bottom-to-top): S, D, G, S, D, G, S, D, G, S, D, G"
'3942',FINGERED FET,mod_fingered_fet_asym_pmos_nf_8_lc_0.28_lch_0.12_lov_0.04_gateasym_-0.04_w_4.0,11850,16560.0,3,4000.0,8,120.0,280.0,40.0,-40.0,None,None,"3-Terminal Fingered FETs PMOS Pads are ordered (from bottom-to-top): S, D, G, S, D, G, S, D, G, S, D, G"
'3943',FINGERED FET,mod_fingered_fet_asym_pmos_nf_4_lc_0.28_lch_0.12_lov_0.04_gateasym_-0.04_w_4.0,11850,19800.0,3,4000.0,4,120.0,280.0,40.0,-40.0,None,None,"3-Terminal Fingered FETs PMOS Pads are ordered (from bottom-to-top): S, D, G, S, D, G, S, D, G, S, D, G"
'3944',FINGERED FET,mod_fingered_fet_asym_nmos_nf_32_lc_0.28_lch_0.12_lov_0.02_gateasym_-0.02_w_4.0,11900,10080.0,3,4000.0,32,120.0,280.0,20.0,-20.0,None,None,"3-Terminal Fingered FETs NMOS Pads are ordered (from bottom-to-top): S, D, G, S, D, G, S, D, G, S, D, G"
'3945',FINGERED FET,mod_fingered_fet_asym_nmos_nf_16_lc_0.28_lch_0.12_lov_0.02_gateasym_-0.02_w_4.0,11900,13320.0,3,4000.0,16,120.0,280.0,20.0,-20.0,None,None,"3-Terminal Fingered FETs NMOS Pads are ordered (from bottom-to-top): S, D, G, S, D, G, S, D, G, S, D, G"
'3946',FINGERED FET,mod_fingered_fet_asym_nmos_nf_8_lc_0.28_lch_0.12_lov_0.02_gateasym_-0.02_w_4.0,11900,16560.0,3,4000.0,8,120.0,280.0,20.0,-20.0,None,None,"3-Terminal Fingered FETs NMOS Pads are ordered (from bottom-to-top): S, D, G, S, D, G, S, D, G, S, D, G"
'3947',FINGERED FET,mod_fingered_fet_asym_nmos_nf_4_lc_0.28_lch_0.12_lov_0.02_gateasym_-0.02_w_4.0,11900,19800.0,3,4000.0,4,120.0,280.0,20.0,-20.0,None,None,"3-Terminal Fingered FETs NMOS Pads are ordered (from bottom-to-top): S, D, G, S, D, G, S, D, G, S, D, G"
'3948',FINGERED FET,mod_fingered_fet_asym_pmos_nf_32_lc_0.28_lch_0.12_lov_0.02_gateasym_-0.02_w_4.0,11950,10080.0,3,4000.0,32,120.0,280.0,20.0,-20.0,None,None,"3-Terminal Fingered FETs PMOS Pads are ordered (from bottom-to-top): S, D, G, S, D, G, S, D, G, S, D, G"
'3949',FINGERED FET,mod_fingered_fet_asym_pmos_nf_16_lc_0.28_lch_0.12_lov_0.02_gateasym_-0.02_w_4.0,11950,13320.0,3,4000.0,16,120.0,280.0,20.0,-20.0,None,None,"3-Terminal Fingered FETs PMOS Pads are ordered (from bottom-to-top): S, D, G, S, D, G, S, D, G, S, D, G"
'3950',FINGERED FET,mod_fingered_fet_asym_pmos_nf_8_lc_0.28_lch_0.12_lov_0.02_gateasym_-0.02_w_4.0,11950,16560.0,3,4000.0,8,120.0,280.0,20.0,-20.0,None,None,"3-Terminal Fingered FETs PMOS Pads are ordered (from bottom-to-top): S, D, G, S, D, G, S, D, G, S, D, G"
'3951',FINGERED FET,mod_fingered_fet_asym_pmos_nf_4_lc_0.28_lch_0.12_lov_0.02_gateasym_-0.02_w_4.0,11950,19800.0,3,4000.0,4,120.0,280.0,20.0,-20.0,None,None,"3-Terminal Fingered FETs PMOS Pads are ordered (from bottom-to-top): S, D, G, S, D, G, S, D, G, S, D, G"
'3952',FINGERED FET,mod_fingered_fet_asym_nmos_nf_32_lc_0.28_lch_0.12_lov_0.02_gateasym_-0.04_w_4.0,12000,10080.0,3,4000.0,32,120.0,280.0,20.0,-40.0,None,None,"3-Terminal Fingered FETs NMOS Pads are ordered (from bottom-to-top): S, D, G, S, D, G, S, D, G, S, D, G"
'3953',FINGERED FET,mod_fingered_fet_asym_nmos_nf_16_lc_0.28_lch_0.12_lov_0.02_gateasym_-0.04_w_4.0,12000,13320.0,3,4000.0,16,120.0,280.0,20.0,-40.0,None,None,"3-Terminal Fingered FETs NMOS Pads are ordered (from bottom-to-top): S, D, G, S, D, G, S, D, G, S, D, G"
'3954',FINGERED FET,mod_fingered_fet_asym_nmos_nf_8_lc_0.28_lch_0.12_lov_0.02_gateasym_-0.04_w_4.0,12000,16560.0,3,4000.0,8,120.0,280.0,20.0,-40.0,None,None,"3-Terminal Fingered FETs NMOS Pads are ordered (from bottom-to-top): S, D, G, S, D, G, S, D, G, S, D, G"
'3955',FINGERED FET,mod_fingered_fet_asym_nmos_nf_4_lc_0.28_lch_0.12_lov_0.02_gateasym_-0.04_w_4.0,12000,19800.0,3,4000.0,4,120.0,280.0,20.0,-40.0,None,None,"3-Terminal Fingered FETs NMOS Pads are ordered (from bottom-to-top): S, D, G, S, D, G, S, D, G, S, D, G"
'3956',FINGERED FET,mod_fingered_fet_asym_pmos_nf_32_lc_0.28_lch_0.12_lov_0.02_gateasym_-0.04_w_4.0,12050,10080.0,3,4000.0,32,120.0,280.0,20.0,-40.0,None,None,"3-Terminal Fingered FETs PMOS Pads are ordered (from bottom-to-top): S, D, G, S, D, G, S, D, G, S, D, G"
'3957',FINGERED FET,mod_fingered_fet_asym_pmos_nf_16_lc_0.28_lch_0.12_lov_0.02_gateasym_-0.04_w_4.0,12050,13320.0,3,4000.0,16,120.0,280.0,20.0,-40.0,None,None,"3-Terminal Fingered FETs PMOS Pads are ordered (from bottom-to-top): S, D, G, S, D, G, S, D, G, S, D, G"
'3958',FINGERED FET,mod_fingered_fet_asym_pmos_nf_8_lc_0.28_lch_0.12_lov_0.02_gateasym_-0.04_w_4.0,12050,16560.0,3,4000.0,8,120.0,280.0,20.0,-40.0,None,None,"3-Terminal Fingered FETs PMOS Pads are ordered (from bottom-to-top): S, D, G, S, D, G, S, D, G, S, D, G"
'3959',FINGERED FET,mod_fingered_fet_asym_pmos_nf_4_lc_0.28_lch_0.12_lov_0.02_gateasym_-0.04_w_4.0,12050,19800.0,3,4000.0,4,120.0,280.0,20.0,-40.0,None,None,"3-Terminal Fingered FETs PMOS Pads are ordered (from bottom-to-top): S, D, G, S, D, G, S, D, G, S, D, G"
'3960',FINGERED FET,mod_fingered_fet_asym_nmos_nf_32_lc_0.28_lch_0.08_lov_0.06_gateasym_-0.02_w_4.0,12100,10080.0,3,4000.0,32,80.0,280.0,60.0,-20.0,None,None,"3-Terminal Fingered FETs NMOS Pads are ordered (from bottom-to-top): S, D, G, S, D, G, S, D, G, S, D, G"
'3961',FINGERED FET,mod_fingered_fet_asym_nmos_nf_16_lc_0.28_lch_0.08_lov_0.06_gateasym_-0.02_w_4.0,12100,13320.0,3,4000.0,16,80.0,280.0,60.0,-20.0,None,None,"3-Terminal Fingered FETs NMOS Pads are ordered (from bottom-to-top): S, D, G, S, D, G, S, D, G, S, D, G"
'3962',FINGERED FET,mod_fingered_fet_asym_nmos_nf_8_lc_0.28_lch_0.08_lov_0.06_gateasym_-0.02_w_4.0,12100,16560.0,3,4000.0,8,80.0,280.0,60.0,-20.0,None,None,"3-Terminal Fingered FETs NMOS Pads are ordered (from bottom-to-top): S, D, G, S, D, G, S, D, G, S, D, G"
'3963',FINGERED FET,mod_fingered_fet_asym_nmos_nf_4_lc_0.28_lch_0.08_lov_0.06_gateasym_-0.02_w_4.0,12100,19800.0,3,4000.0,4,80.0,280.0,60.0,-20.0,None,None,"3-Terminal Fingered FETs NMOS Pads are ordered (from bottom-to-top): S, D, G, S, D, G, S, D, G, S, D, G"
'3964',FINGERED FET,mod_fingered_fet_asym_pmos_nf_32_lc_0.28_lch_0.08_lov_0.06_gateasym_-0.02_w_4.0,12150,10080.0,3,4000.0,32,80.0,280.0,60.0,-20.0,None,None,"3-Terminal Fingered FETs PMOS Pads are ordered (from bottom-to-top): S, D, G, S, D, G, S, D, G, S, D, G"
'3965',FINGERED FET,mod_fingered_fet_asym_pmos_nf_16_lc_0.28_lch_0.08_lov_0.06_gateasym_-0.02_w_4.0,12150,13320.0,3,4000.0,16,80.0,280.0,60.0,-20.0,None,None,"3-Terminal Fingered FETs PMOS Pads are ordered (from bottom-to-top): S, D, G, S, D, G, S, D, G, S, D, G"
'3966',FINGERED FET,mod_fingered_fet_asym_pmos_nf_8_lc_0.28_lch_0.08_lov_0.06_gateasym_-0.02_w_4.0,12150,16560.0,3,4000.0,8,80.0,280.0,60.0,-20.0,None,None,"3-Terminal Fingered FETs PMOS Pads are ordered (from bottom-to-top): S, D, G, S, D, G, S, D, G, S, D, G"
'3967',FINGERED FET,mod_fingered_fet_asym_pmos_nf_4_lc_0.28_lch_0.08_lov_0.06_gateasym_-0.02_w_4.0,12150,19800.0,3,4000.0,4,80.0,280.0,60.0,-20.0,None,None,"3-Terminal Fingered FETs PMOS Pads are ordered (from bottom-to-top): S, D, G, S, D, G, S, D, G, S, D, G"
'3968',FINGERED FET,mod_fingered_fet_asym_nmos_nf_32_lc_0.28_lch_0.08_lov_0.06_gateasym_-0.04_w_4.0,12200,10080.0,3,4000.0,32,80.0,280.0,60.0,-40.0,None,None,"3-Terminal Fingered FETs NMOS Pads are ordered (from bottom-to-top): S, D, G, S, D, G, S, D, G, S, D, G"
'3969',FINGERED FET,mod_fingered_fet_asym_nmos_nf_16_lc_0.28_lch_0.08_lov_0.06_gateasym_-0.04_w_4.0,12200,13320.0,3,4000.0,16,80.0,280.0,60.0,-40.0,None,None,"3-Terminal Fingered FETs NMOS Pads are ordered (from bottom-to-top): S, D, G, S, D, G, S, D, G, S, D, G"
'3970',FINGERED FET,mod_fingered_fet_asym_nmos_nf_8_lc_0.28_lch_0.08_lov_0.06_gateasym_-0.04_w_4.0,12200,16560.0,3,4000.0,8,80.0,280.0,60.0,-40.0,None,None,"3-Terminal Fingered FETs NMOS Pads are ordered (from bottom-to-top): S, D, G, S, D, G, S, D, G, S, D, G"
'3971',FINGERED FET,mod_fingered_fet_asym_nmos_nf_4_lc_0.28_lch_0.08_lov_0.06_gateasym_-0.04_w_4.0,12200,19800.0,3,4000.0,4,80.0,280.0,60.0,-40.0,None,None,"3-Terminal Fingered FETs NMOS Pads are ordered (from bottom-to-top): S, D, G, S, D, G, S, D, G, S, D, G"
'3972',FINGERED FET,mod_fingered_fet_asym_pmos_nf_32_lc_0.28_lch_0.08_lov_0.06_gateasym_-0.04_w_4.0,12250,10080.0,3,4000.0,32,80.0,280.0,60.0,-40.0,None,None,"3-Terminal Fingered FETs PMOS Pads are ordered (from bottom-to-top): S, D, G, S, D, G, S, D, G, S, D, G"
'3973',FINGERED FET,mod_fingered_fet_asym_pmos_nf_16_lc_0.28_lch_0.08_lov_0.06_gateasym_-0.04_w_4.0,12250,13320.0,3,4000.0,16,80.0,280.0,60.0,-40.0,None,None,"3-Terminal Fingered FETs PMOS Pads are ordered (from bottom-to-top): S, D, G, S, D, G, S, D, G, S, D, G"
'3974',FINGERED FET,mod_fingered_fet_asym_pmos_nf_8_lc_0.28_lch_0.08_lov_0.06_gateasym_-0.04_w_4.0,12250,16560.0,3,4000.0,8,80.0,280.0,60.0,-40.0,None,None,"3-Terminal Fingered FETs PMOS Pads are ordered (from bottom-to-top): S, D, G, S, D, G, S, D, G, S, D, G"
'3975',FINGERED FET,mod_fingered_fet_asym_pmos_nf_4_lc_0.28_lch_0.08_lov_0.06_gateasym_-0.04_w_4.0,12250,19800.0,3,4000.0,4,80.0,280.0,60.0,-40.0,None,None,"3-Terminal Fingered FETs PMOS Pads are ordered (from bottom-to-top): S, D, G, S, D, G, S, D, G, S, D, G"
'3976',FINGERED FET,mod_fingered_fet_asym_nmos_nf_32_lc_0.28_lch_0.08_lov_0.04_gateasym_-0.02_w_4.0,12300,10080.0,3,4000.0,32,80.0,280.0,40.0,-20.0,None,None,"3-Terminal Fingered FETs NMOS Pads are ordered (from bottom-to-top): S, D, G, S, D, G, S, D, G, S, D, G"
'3977',FINGERED FET,mod_fingered_fet_asym_nmos_nf_16_lc_0.28_lch_0.08_lov_0.04_gateasym_-0.02_w_4.0,12300,13320.0,3,4000.0,16,80.0,280.0,40.0,-20.0,None,None,"3-Terminal Fingered FETs NMOS Pads are ordered (from bottom-to-top): S, D, G, S, D, G, S, D, G, S, D, G"
'3978',FINGERED FET,mod_fingered_fet_asym_nmos_nf_8_lc_0.28_lch_0.08_lov_0.04_gateasym_-0.02_w_4.0,12300,16560.0,3,4000.0,8,80.0,280.0,40.0,-20.0,None,None,"3-Terminal Fingered FETs NMOS Pads are ordered (from bottom-to-top): S, D, G, S, D, G, S, D, G, S, D, G"
'3979',FINGERED FET,mod_fingered_fet_asym_nmos_nf_4_lc_0.28_lch_0.08_lov_0.04_gateasym_-0.02_w_4.0,12300,19800.0,3,4000.0,4,80.0,280.0,40.0,-20.0,None,None,"3-Terminal Fingered FETs NMOS Pads are ordered (from bottom-to-top): S, D, G, S, D, G, S, D, G, S, D, G"
'3980',FINGERED FET,mod_fingered_fet_asym_pmos_nf_32_lc_0.28_lch_0.08_lov_0.04_gateasym_-0.02_w_4.0,12350,10080.0,3,4000.0,32,80.0,280.0,40.0,-20.0,None,None,"3-Terminal Fingered FETs PMOS Pads are ordered (from bottom-to-top): S, D, G, S, D, G, S, D, G, S, D, G"
'3981',FINGERED FET,mod_fingered_fet_asym_pmos_nf_16_lc_0.28_lch_0.08_lov_0.04_gateasym_-0.02_w_4.0,12350,13320.0,3,4000.0,16,80.0,280.0,40.0,-20.0,None,None,"3-Terminal Fingered FETs PMOS Pads are ordered (from bottom-to-top): S, D, G, S, D, G, S, D, G, S, D, G"
'3982',FINGERED FET,mod_fingered_fet_asym_pmos_nf_8_lc_0.28_lch_0.08_lov_0.04_gateasym_-0.02_w_4.0,12350,16560.0,3,4000.0,8,80.0,280.0,40.0,-20.0,None,None,"3-Terminal Fingered FETs PMOS Pads are ordered (from bottom-to-top): S, D, G, S, D, G, S, D, G, S, D, G"
'3983',FINGERED FET,mod_fingered_fet_asym_pmos_nf_4_lc_0.28_lch_0.08_lov_0.04_gateasym_-0.02_w_4.0,12350,19800.0,3,4000.0,4,80.0,280.0,40.0,-20.0,None,None,"3-Terminal Fingered FETs PMOS Pads are ordered (from bottom-to-top): S, D, G, S, D, G, S, D, G, S, D, G"
'3984',FINGERED FET,mod_fingered_fet_asym_nmos_nf_32_lc_0.28_lch_0.08_lov_0.04_gateasym_-0.04_w_4.0,12400,10080.0,3,4000.0,32,80.0,280.0,40.0,-40.0,None,None,"3-Terminal Fingered FETs NMOS Pads are ordered (from bottom-to-top): S, D, G, S, D, G, S, D, G, S, D, G"
'3985',FINGERED FET,mod_fingered_fet_asym_nmos_nf_16_lc_0.28_lch_0.08_lov_0.04_gateasym_-0.04_w_4.0,12400,13320.0,3,4000.0,16,80.0,280.0,40.0,-40.0,None,None,"3-Terminal Fingered FETs NMOS Pads are ordered (from bottom-to-top): S, D, G, S, D, G, S, D, G, S, D, G"
'3986',FINGERED FET,mod_fingered_fet_asym_nmos_nf_8_lc_0.28_lch_0.08_lov_0.04_gateasym_-0.04_w_4.0,12400,16560.0,3,4000.0,8,80.0,280.0,40.0,-40.0,None,None,"3-Terminal Fingered FETs NMOS Pads are ordered (from bottom-to-top): S, D, G, S, D, G, S, D, G, S, D, G"
'3987',FINGERED FET,mod_fingered_fet_asym_nmos_nf_4_lc_0.28_lch_0.08_lov_0.04_gateasym_-0.04_w_4.0,12400,19800.0,3,4000.0,4,80.0,280.0,40.0,-40.0,None,None,"3-Terminal Fingered FETs NMOS Pads are ordered (from bottom-to-top): S, D, G, S, D, G, S, D, G, S, D, G"
'3988',FINGERED FET,mod_fingered_fet_asym_pmos_nf_32_lc_0.28_lch_0.08_lov_0.04_gateasym_-0.04_w_4.0,12450,10080.0,3,4000.0,32,80.0,280.0,40.0,-40.0,None,None,"3-Terminal Fingered FETs PMOS Pads are ordered (from bottom-to-top): S, D, G, S, D, G, S, D, G, S, D, G"
'3989',FINGERED FET,mod_fingered_fet_asym_pmos_nf_16_lc_0.28_lch_0.08_lov_0.04_gateasym_-0.04_w_4.0,12450,13320.0,3,4000.0,16,80.0,280.0,40.0,-40.0,None,None,"3-Terminal Fingered FETs PMOS Pads are ordered (from bottom-to-top): S, D, G, S, D, G, S, D, G, S, D, G"
'3990',FINGERED FET,mod_fingered_fet_asym_pmos_nf_8_lc_0.28_lch_0.08_lov_0.04_gateasym_-0.04_w_4.0,12450,16560.0,3,4000.0,8,80.0,280.0,40.0,-40.0,None,None,"3-Terminal Fingered FETs PMOS Pads are ordered (from bottom-to-top): S, D, G, S, D, G, S, D, G, S, D, G"
'3991',FINGERED FET,mod_fingered_fet_asym_pmos_nf_4_lc_0.28_lch_0.08_lov_0.04_gateasym_-0.04_w_4.0,12450,19800.0,3,4000.0,4,80.0,280.0,40.0,-40.0,None,None,"3-Terminal Fingered FETs PMOS Pads are ordered (from bottom-to-top): S, D, G, S, D, G, S, D, G, S, D, G"
'3992',FINGERED FET,mod_fingered_fet_asym_nmos_nf_32_lc_0.28_lch_0.08_lov_0.02_gateasym_-0.02_w_4.0,12500,10080.0,3,4000.0,32,80.0,280.0,20.0,-20.0,None,None,"3-Terminal Fingered FETs NMOS Pads are ordered (from bottom-to-top): S, D, G, S, D, G, S, D, G, S, D, G"
'3993',FINGERED FET,mod_fingered_fet_asym_nmos_nf_16_lc_0.28_lch_0.08_lov_0.02_gateasym_-0.02_w_4.0,12500,13320.0,3,4000.0,16,80.0,280.0,20.0,-20.0,None,None,"3-Terminal Fingered FETs NMOS Pads are ordered (from bottom-to-top): S, D, G, S, D, G, S, D, G, S, D, G"
'3994',FINGERED FET,mod_fingered_fet_asym_nmos_nf_8_lc_0.28_lch_0.08_lov_0.02_gateasym_-0.02_w_4.0,12500,16560.0,3,4000.0,8,80.0,280.0,20.0,-20.0,None,None,"3-Terminal Fingered FETs NMOS Pads are ordered (from bottom-to-top): S, D, G, S, D, G, S, D, G, S, D, G"
'3995',FINGERED FET,mod_fingered_fet_asym_nmos_nf_4_lc_0.28_lch_0.08_lov_0.02_gateasym_-0.02_w_4.0,12500,19800.0,3,4000.0,4,80.0,280.0,20.0,-20.0,None,None,"3-Terminal Fingered FETs NMOS Pads are ordered (from bottom-to-top): S, D, G, S, D, G, S, D, G, S, D, G"
'3996',FINGERED FET,mod_fingered_fet_asym_pmos_nf_32_lc_0.28_lch_0.08_lov_0.02_gateasym_-0.02_w_4.0,12550,10080.0,3,4000.0,32,80.0,280.0,20.0,-20.0,None,None,"3-Terminal Fingered FETs PMOS Pads are ordered (from bottom-to-top): S, D, G, S, D, G, S, D, G, S, D, G"
'3997',FINGERED FET,mod_fingered_fet_asym_pmos_nf_16_lc_0.28_lch_0.08_lov_0.02_gateasym_-0.02_w_4.0,12550,13320.0,3,4000.0,16,80.0,280.0,20.0,-20.0,None,None,"3-Terminal Fingered FETs PMOS Pads are ordered (from bottom-to-top): S, D, G, S, D, G, S, D, G, S, D, G"
'3998',FINGERED FET,mod_fingered_fet_asym_pmos_nf_8_lc_0.28_lch_0.08_lov_0.02_gateasym_-0.02_w_4.0,12550,16560.0,3,4000.0,8,80.0,280.0,20.0,-20.0,None,None,"3-Terminal Fingered FETs PMOS Pads are ordered (from bottom-to-top): S, D, G, S, D, G, S, D, G, S, D, G"
'3999',FINGERED FET,mod_fingered_fet_asym_pmos_nf_4_lc_0.28_lch_0.08_lov_0.02_gateasym_-0.02_w_4.0,12550,19800.0,3,4000.0,4,80.0,280.0,20.0,-20.0,None,None,"3-Terminal Fingered FETs PMOS Pads are ordered (from bottom-to-top): S, D, G, S, D, G, S, D, G, S, D, G"
'4000',FINGERED FET,mod_fingered_fet_asym_nmos_nf_32_lc_0.28_lch_0.08_lov_0.02_gateasym_-0.04_w_4.0,12600,10080.0,3,4000.0,32,80.0,280.0,20.0,-40.0,None,None,"3-Terminal Fingered FETs NMOS Pads are ordered (from bottom-to-top): S, D, G, S, D, G, S, D, G, S, D, G"
'4001',FINGERED FET,mod_fingered_fet_asym_nmos_nf_16_lc_0.28_lch_0.08_lov_0.02_gateasym_-0.04_w_4.0,12600,13320.0,3,4000.0,16,80.0,280.0,20.0,-40.0,None,None,"3-Terminal Fingered FETs NMOS Pads are ordered (from bottom-to-top): S, D, G, S, D, G, S, D, G, S, D, G"
'4002',FINGERED FET,mod_fingered_fet_asym_nmos_nf_8_lc_0.28_lch_0.08_lov_0.02_gateasym_-0.04_w_4.0,12600,16560.0,3,4000.0,8,80.0,280.0,20.0,-40.0,None,None,"3-Terminal Fingered FETs NMOS Pads are ordered (from bottom-to-top): S, D, G, S, D, G, S, D, G, S, D, G"
'4003',FINGERED FET,mod_fingered_fet_asym_nmos_nf_4_lc_0.28_lch_0.08_lov_0.02_gateasym_-0.04_w_4.0,12600,19800.0,3,4000.0,4,80.0,280.0,20.0,-40.0,None,None,"3-Terminal Fingered FETs NMOS Pads are ordered (from bottom-to-top): S, D, G, S, D, G, S, D, G, S, D, G"
'4004',FINGERED FET,mod_fingered_fet_asym_pmos_nf_32_lc_0.28_lch_0.08_lov_0.02_gateasym_-0.04_w_4.0,12650,10080.0,3,4000.0,32,80.0,280.0,20.0,-40.0,None,None,"3-Terminal Fingered FETs PMOS Pads are ordered (from bottom-to-top): S, D, G, S, D, G, S, D, G, S, D, G"
'4005',FINGERED FET,mod_fingered_fet_asym_pmos_nf_16_lc_0.28_lch_0.08_lov_0.02_gateasym_-0.04_w_4.0,12650,13320.0,3,4000.0,16,80.0,280.0,20.0,-40.0,None,None,"3-Terminal Fingered FETs PMOS Pads are ordered (from bottom-to-top): S, D, G, S, D, G, S, D, G, S, D, G"
'4006',FINGERED FET,mod_fingered_fet_asym_pmos_nf_8_lc_0.28_lch_0.08_lov_0.02_gateasym_-0.04_w_4.0,12650,16560.0,3,4000.0,8,80.0,280.0,20.0,-40.0,None,None,"3-Terminal Fingered FETs PMOS Pads are ordered (from bottom-to-top): S, D, G, S, D, G, S, D, G, S, D, G"
'4007',FINGERED FET,mod_fingered_fet_asym_pmos_nf_4_lc_0.28_lch_0.08_lov_0.02_gateasym_-0.04_w_4.0,12650,19800.0,3,4000.0,4,80.0,280.0,20.0,-40.0,None,None,"3-Terminal Fingered FETs PMOS Pads are ordered (from bottom-to-top): S, D, G, S, D, G, S, D, G, S, D, G"
'4008',FINGERED FET,mod_fingered_w_sweep_nmos_nf_64_lc_0.28_lch_0.16_lov_0.06_gateasym_0.00_w_1.0,12750,10080.0,2,1000.0,64,160.0,280.0,60.0,0.0,None,None,"3-Terminal Fingered FETs NMOS Pads are ordered (from bottom-to-top): S, D, G, S, D, G, S, D, G, S, D, G"
'4009',FINGERED FET,mod_fingered_w_sweep_nmos_nf_32_lc_0.28_lch_0.16_lov_0.06_gateasym_0.00_w_1.0,12750,12240.0,2,1000.0,32,160.0,280.0,60.0,0.0,None,None,"3-Terminal Fingered FETs NMOS Pads are ordered (from bottom-to-top): S, D, G, S, D, G, S, D, G, S, D, G"
'4010',FINGERED FET,mod_fingered_w_sweep_nmos_nf_16_lc_0.28_lch_0.16_lov_0.06_gateasym_0.00_w_1.0,12750,14400.0,2,1000.0,16,160.0,280.0,60.0,0.0,None,None,"3-Terminal Fingered FETs NMOS Pads are ordered (from bottom-to-top): S, D, G, S, D, G, S, D, G, S, D, G"
'4011',FINGERED FET,mod_fingered_w_sweep_nmos_nf_8_lc_0.28_lch_0.16_lov_0.06_gateasym_0.00_w_1.0,12750,16560.0,2,1000.0,8,160.0,280.0,60.0,0.0,None,None,"3-Terminal Fingered FETs NMOS Pads are ordered (from bottom-to-top): S, D, G, S, D, G, S, D, G, S, D, G"
'4012',FINGERED FET,mod_fingered_w_sweep_nmos_nf_4_lc_0.28_lch_0.16_lov_0.06_gateasym_0.00_w_1.0,12750,18720.0,2,1000.0,4,160.0,280.0,60.0,0.0,None,None,"3-Terminal Fingered FETs NMOS Pads are ordered (from bottom-to-top): S, D, G, S, D, G, S, D, G, S, D, G"
'4013',FINGERED FET,mod_fingered_w_sweep_nmos_nf_2_lc_0.28_lch_0.16_lov_0.06_gateasym_0.00_w_1.0,12750,20880.0,2,1000.0,2,160.0,280.0,60.0,0.0,None,None,"3-Terminal Fingered FETs NMOS Pads are ordered (from bottom-to-top): S, D, G, S, D, G, S, D, G, S, D, G"
'4014',FINGERED FET,mod_fingered_w_sweep_pmos_nf_64_lc_0.28_lch_0.16_lov_0.06_gateasym_0.00_w_1.0,12800,10080.0,2,1000.0,64,160.0,280.0,60.0,0.0,None,None,"3-Terminal Fingered FETs PMOS Pads are ordered (from bottom-to-top): S, D, G, S, D, G, S, D, G, S, D, G"
'4015',FINGERED FET,mod_fingered_w_sweep_pmos_nf_32_lc_0.28_lch_0.16_lov_0.06_gateasym_0.00_w_1.0,12800,12240.0,2,1000.0,32,160.0,280.0,60.0,0.0,None,None,"3-Terminal Fingered FETs PMOS Pads are ordered (from bottom-to-top): S, D, G, S, D, G, S, D, G, S, D, G"
'4016',FINGERED FET,mod_fingered_w_sweep_pmos_nf_16_lc_0.28_lch_0.16_lov_0.06_gateasym_0.00_w_1.0,12800,14400.0,2,1000.0,16,160.0,280.0,60.0,0.0,None,None,"3-Terminal Fingered FETs PMOS Pads are ordered (from bottom-to-top): S, D, G, S, D, G, S, D, G, S, D, G"
'4017',FINGERED FET,mod_fingered_w_sweep_pmos_nf_8_lc_0.28_lch_0.16_lov_0.06_gateasym_0.00_w_1.0,12800,16560.0,2,1000.0,8,160.0,280.0,60.0,0.0,None,None,"3-Terminal Fingered FETs PMOS Pads are ordered (from bottom-to-top): S, D, G, S, D, G, S, D, G, S, D, G"
'4018',FINGERED FET,mod_fingered_w_sweep_pmos_nf_4_lc_0.28_lch_0.16_lov_0.06_gateasym_0.00_w_1.0,12800,18720.0,2,1000.0,4,160.0,280.0,60.0,0.0,None,None,"3-Terminal Fingered FETs PMOS Pads are ordered (from bottom-to-top): S, D, G, S, D, G, S, D, G, S, D, G"
'4019',FINGERED FET,mod_fingered_w_sweep_pmos_nf_2_lc_0.28_lch_0.16_lov_0.06_gateasym_0.00_w_1.0,12800,20880.0,2,1000.0,2,160.0,280.0,60.0,0.0,None,None,"3-Terminal Fingered FETs PMOS Pads are ordered (from bottom-to-top): S, D, G, S, D, G, S, D, G, S, D, G"
'4020',FINGERED FET,mod_fingered_w_sweep_nmos_nf_64_lc_0.28_lch_0.16_lov_0.06_gateasym_0.00_w_8.0,12850,10080.0,2,8000.0,64,160.0,280.0,60.0,0.0,None,None,"3-Terminal Fingered FETs NMOS Pads are ordered (from bottom-to-top): S, D, G, S, D, G, S, D, G, S, D, G"
'4021',FINGERED FET,mod_fingered_w_sweep_nmos_nf_32_lc_0.28_lch_0.16_lov_0.06_gateasym_0.00_w_8.0,12850,12240.0,2,8000.0,32,160.0,280.0,60.0,0.0,None,None,"3-Terminal Fingered FETs NMOS Pads are ordered (from bottom-to-top): S, D, G, S, D, G, S, D, G, S, D, G"
'4022',FINGERED FET,mod_fingered_w_sweep_nmos_nf_16_lc_0.28_lch_0.16_lov_0.06_gateasym_0.00_w_8.0,12850,14400.0,2,8000.0,16,160.0,280.0,60.0,0.0,None,None,"3-Terminal Fingered FETs NMOS Pads are ordered (from bottom-to-top): S, D, G, S, D, G, S, D, G, S, D, G"
'4023',FINGERED FET,mod_fingered_w_sweep_nmos_nf_8_lc_0.28_lch_0.16_lov_0.06_gateasym_0.00_w_8.0,12850,16560.0,2,8000.0,8,160.0,280.0,60.0,0.0,None,None,"3-Terminal Fingered FETs NMOS Pads are ordered (from bottom-to-top): S, D, G, S, D, G, S, D, G, S, D, G"
'4024',FINGERED FET,mod_fingered_w_sweep_nmos_nf_4_lc_0.28_lch_0.16_lov_0.06_gateasym_0.00_w_8.0,12850,18720.0,2,8000.0,4,160.0,280.0,60.0,0.0,None,None,"3-Terminal Fingered FETs NMOS Pads are ordered (from bottom-to-top): S, D, G, S, D, G, S, D, G, S, D, G"
'4025',FINGERED FET,mod_fingered_w_sweep_nmos_nf_2_lc_0.28_lch_0.16_lov_0.06_gateasym_0.00_w_8.0,12850,20880.0,2,8000.0,2,160.0,280.0,60.0,0.0,None,None,"3-Terminal Fingered FETs NMOS Pads are ordered (from bottom-to-top): S, D, G, S, D, G, S, D, G, S, D, G"
'4026',FINGERED FET,mod_fingered_w_sweep_pmos_nf_64_lc_0.28_lch_0.16_lov_0.06_gateasym_0.00_w_8.0,12900,10080.0,2,8000.0,64,160.0,280.0,60.0,0.0,None,None,"3-Terminal Fingered FETs PMOS Pads are ordered (from bottom-to-top): S, D, G, S, D, G, S, D, G, S, D, G"
'4027',FINGERED FET,mod_fingered_w_sweep_pmos_nf_32_lc_0.28_lch_0.16_lov_0.06_gateasym_0.00_w_8.0,12900,12240.0,2,8000.0,32,160.0,280.0,60.0,0.0,None,None,"3-Terminal Fingered FETs PMOS Pads are ordered (from bottom-to-top): S, D, G, S, D, G, S, D, G, S, D, G"
'4028',FINGERED FET,mod_fingered_w_sweep_pmos_nf_16_lc_0.28_lch_0.16_lov_0.06_gateasym_0.00_w_8.0,12900,14400.0,2,8000.0,16,160.0,280.0,60.0,0.0,None,None,"3-Terminal Fingered FETs PMOS Pads are ordered (from bottom-to-top): S, D, G, S, D, G, S, D, G, S, D, G"
'4029',FINGERED FET,mod_fingered_w_sweep_pmos_nf_8_lc_0.28_lch_0.16_lov_0.06_gateasym_0.00_w_8.0,12900,16560.0,2,8000.0,8,160.0,280.0,60.0,0.0,None,None,"3-Terminal Fingered FETs PMOS Pads are ordered (from bottom-to-top): S, D, G, S, D, G, S, D, G, S, D, G"
'4030',FINGERED FET,mod_fingered_w_sweep_pmos_nf_4_lc_0.28_lch_0.16_lov_0.06_gateasym_0.00_w_8.0,12900,18720.0,2,8000.0,4,160.0,280.0,60.0,0.0,None,None,"3-Terminal Fingered FETs PMOS Pads are ordered (from bottom-to-top): S, D, G, S, D, G, S, D, G, S, D, G"
'4031',FINGERED FET,mod_fingered_w_sweep_pmos_nf_2_lc_0.28_lch_0.16_lov_0.06_gateasym_0.00_w_8.0,12900,20880.0,2,8000.0,2,160.0,280.0,60.0,0.0,None,None,"3-Terminal Fingered FETs PMOS Pads are ordered (from bottom-to-top): S, D, G, S, D, G, S, D, G, S, D, G"
'4032',FINGERED FET,mod_fingered_w_sweep_nmos_nf_64_lc_0.28_lch_0.16_lov_0.06_gateasym_0.00_w_16.0,12950,10080.0,2,16000.0,64,160.0,280.0,60.0,0.0,None,None,"3-Terminal Fingered FETs NMOS Pads are ordered (from bottom-to-top): S, D, G, S, D, G, S, D, G, S, D, G"
'4033',FINGERED FET,mod_fingered_w_sweep_nmos_nf_32_lc_0.28_lch_0.16_lov_0.06_gateasym_0.00_w_16.0,12950,12240.0,2,16000.0,32,160.0,280.0,60.0,0.0,None,None,"3-Terminal Fingered FETs NMOS Pads are ordered (from bottom-to-top): S, D, G, S, D, G, S, D, G, S, D, G"
'4034',FINGERED FET,mod_fingered_w_sweep_nmos_nf_16_lc_0.28_lch_0.16_lov_0.06_gateasym_0.00_w_16.0,12950,14400.0,2,16000.0,16,160.0,280.0,60.0,0.0,None,None,"3-Terminal Fingered FETs NMOS Pads are ordered (from bottom-to-top): S, D, G, S, D, G, S, D, G, S, D, G"
'4035',FINGERED FET,mod_fingered_w_sweep_nmos_nf_8_lc_0.28_lch_0.16_lov_0.06_gateasym_0.00_w_16.0,12950,16560.0,2,16000.0,8,160.0,280.0,60.0,0.0,None,None,"3-Terminal Fingered FETs NMOS Pads are ordered (from bottom-to-top): S, D, G, S, D, G, S, D, G, S, D, G"
'4036',FINGERED FET,mod_fingered_w_sweep_nmos_nf_4_lc_0.28_lch_0.16_lov_0.06_gateasym_0.00_w_16.0,12950,18720.0,2,16000.0,4,160.0,280.0,60.0,0.0,None,None,"3-Terminal Fingered FETs NMOS Pads are ordered (from bottom-to-top): S, D, G, S, D, G, S, D, G, S, D, G"
'4037',FINGERED FET,mod_fingered_w_sweep_nmos_nf_2_lc_0.28_lch_0.16_lov_0.06_gateasym_0.00_w_16.0,12950,20880.0,2,16000.0,2,160.0,280.0,60.0,0.0,None,None,"3-Terminal Fingered FETs NMOS Pads are ordered (from bottom-to-top): S, D, G, S, D, G, S, D, G, S, D, G"
'4038',FINGERED FET,mod_fingered_w_sweep_pmos_nf_64_lc_0.28_lch_0.16_lov_0.06_gateasym_0.00_w_16.0,13000,10080.0,2,16000.0,64,160.0,280.0,60.0,0.0,None,None,"3-Terminal Fingered FETs PMOS Pads are ordered (from bottom-to-top): S, D, G, S, D, G, S, D, G, S, D, G"
'4039',FINGERED FET,mod_fingered_w_sweep_pmos_nf_32_lc_0.28_lch_0.16_lov_0.06_gateasym_0.00_w_16.0,13000,12240.0,2,16000.0,32,160.0,280.0,60.0,0.0,None,None,"3-Terminal Fingered FETs PMOS Pads are ordered (from bottom-to-top): S, D, G, S, D, G, S, D, G, S, D, G"
'4040',FINGERED FET,mod_fingered_w_sweep_pmos_nf_16_lc_0.28_lch_0.16_lov_0.06_gateasym_0.00_w_16.0,13000,14400.0,2,16000.0,16,160.0,280.0,60.0,0.0,None,None,"3-Terminal Fingered FETs PMOS Pads are ordered (from bottom-to-top): S, D, G, S, D, G, S, D, G, S, D, G"
'4041',FINGERED FET,mod_fingered_w_sweep_pmos_nf_8_lc_0.28_lch_0.16_lov_0.06_gateasym_0.00_w_16.0,13000,16560.0,2,16000.0,8,160.0,280.0,60.0,0.0,None,None,"3-Terminal Fingered FETs PMOS Pads are ordered (from bottom-to-top): S, D, G, S, D, G, S, D, G, S, D, G"
'4042',FINGERED FET,mod_fingered_w_sweep_pmos_nf_4_lc_0.28_lch_0.16_lov_0.06_gateasym_0.00_w_16.0,13000,18720.0,2,16000.0,4,160.0,280.0,60.0,0.0,None,None,"3-Terminal Fingered FETs PMOS Pads are ordered (from bottom-to-top): S, D, G, S, D, G, S, D, G, S, D, G"
'4043',FINGERED FET,mod_fingered_w_sweep_pmos_nf_2_lc_0.28_lch_0.16_lov_0.06_gateasym_0.00_w_16.0,13000,20880.0,2,16000.0,2,160.0,280.0,60.0,0.0,None,None,"3-Terminal Fingered FETs PMOS Pads are ordered (from bottom-to-top): S, D, G, S, D, G, S, D, G, S, D, G"
'4044',FINGERED FET,mod_fingered_w_sweep_nmos_nf_64_lc_0.28_lch_0.12_lov_0.06_gateasym_0.00_w_1.0,13100,10080.0,2,1000.0,64,120.0,280.0,60.0,0.0,None,None,"3-Terminal Fingered FETs NMOS Pads are ordered (from bottom-to-top): S, D, G, S, D, G, S, D, G, S, D, G"
'4045',FINGERED FET,mod_fingered_w_sweep_nmos_nf_32_lc_0.28_lch_0.12_lov_0.06_gateasym_0.00_w_1.0,13100,12240.0,2,1000.0,32,120.0,280.0,60.0,0.0,None,None,"3-Terminal Fingered FETs NMOS Pads are ordered (from bottom-to-top): S, D, G, S, D, G, S, D, G, S, D, G"
'4046',FINGERED FET,mod_fingered_w_sweep_nmos_nf_16_lc_0.28_lch_0.12_lov_0.06_gateasym_0.00_w_1.0,13100,14400.0,2,1000.0,16,120.0,280.0,60.0,0.0,None,None,"3-Terminal Fingered FETs NMOS Pads are ordered (from bottom-to-top): S, D, G, S, D, G, S, D, G, S, D, G"
'4047',FINGERED FET,mod_fingered_w_sweep_nmos_nf_8_lc_0.28_lch_0.12_lov_0.06_gateasym_0.00_w_1.0,13100,16560.0,2,1000.0,8,120.0,280.0,60.0,0.0,None,None,"3-Terminal Fingered FETs NMOS Pads are ordered (from bottom-to-top): S, D, G, S, D, G, S, D, G, S, D, G"
'4048',FINGERED FET,mod_fingered_w_sweep_nmos_nf_4_lc_0.28_lch_0.12_lov_0.06_gateasym_0.00_w_1.0,13100,18720.0,2,1000.0,4,120.0,280.0,60.0,0.0,None,None,"3-Terminal Fingered FETs NMOS Pads are ordered (from bottom-to-top): S, D, G, S, D, G, S, D, G, S, D, G"
'4049',FINGERED FET,mod_fingered_w_sweep_nmos_nf_2_lc_0.28_lch_0.12_lov_0.06_gateasym_0.00_w_1.0,13100,20880.0,2,1000.0,2,120.0,280.0,60.0,0.0,None,None,"3-Terminal Fingered FETs NMOS Pads are ordered (from bottom-to-top): S, D, G, S, D, G, S, D, G, S, D, G"
'4050',FINGERED FET,mod_fingered_w_sweep_pmos_nf_64_lc_0.28_lch_0.12_lov_0.06_gateasym_0.00_w_1.0,13150,10080.0,2,1000.0,64,120.0,280.0,60.0,0.0,None,None,"3-Terminal Fingered FETs PMOS Pads are ordered (from bottom-to-top): S, D, G, S, D, G, S, D, G, S, D, G"
'4051',FINGERED FET,mod_fingered_w_sweep_pmos_nf_32_lc_0.28_lch_0.12_lov_0.06_gateasym_0.00_w_1.0,13150,12240.0,2,1000.0,32,120.0,280.0,60.0,0.0,None,None,"3-Terminal Fingered FETs PMOS Pads are ordered (from bottom-to-top): S, D, G, S, D, G, S, D, G, S, D, G"
'4052',FINGERED FET,mod_fingered_w_sweep_pmos_nf_16_lc_0.28_lch_0.12_lov_0.06_gateasym_0.00_w_1.0,13150,14400.0,2,1000.0,16,120.0,280.0,60.0,0.0,None,None,"3-Terminal Fingered FETs PMOS Pads are ordered (from bottom-to-top): S, D, G, S, D, G, S, D, G, S, D, G"
'4053',FINGERED FET,mod_fingered_w_sweep_pmos_nf_8_lc_0.28_lch_0.12_lov_0.06_gateasym_0.00_w_1.0,13150,16560.0,2,1000.0,8,120.0,280.0,60.0,0.0,None,None,"3-Terminal Fingered FETs PMOS Pads are ordered (from bottom-to-top): S, D, G, S, D, G, S, D, G, S, D, G"
'4054',FINGERED FET,mod_fingered_w_sweep_pmos_nf_4_lc_0.28_lch_0.12_lov_0.06_gateasym_0.00_w_1.0,13150,18720.0,2,1000.0,4,120.0,280.0,60.0,0.0,None,None,"3-Terminal Fingered FETs PMOS Pads are ordered (from bottom-to-top): S, D, G, S, D, G, S, D, G, S, D, G"
'4055',FINGERED FET,mod_fingered_w_sweep_pmos_nf_2_lc_0.28_lch_0.12_lov_0.06_gateasym_0.00_w_1.0,13150,20880.0,2,1000.0,2,120.0,280.0,60.0,0.0,None,None,"3-Terminal Fingered FETs PMOS Pads are ordered (from bottom-to-top): S, D, G, S, D, G, S, D, G, S, D, G"
'4056',FINGERED FET,mod_fingered_w_sweep_nmos_nf_64_lc_0.28_lch_0.12_lov_0.06_gateasym_0.00_w_8.0,13200,10080.0,2,8000.0,64,120.0,280.0,60.0,0.0,None,None,"3-Terminal Fingered FETs NMOS Pads are ordered (from bottom-to-top): S, D, G, S, D, G, S, D, G, S, D, G"
'4057',FINGERED FET,mod_fingered_w_sweep_nmos_nf_32_lc_0.28_lch_0.12_lov_0.06_gateasym_0.00_w_8.0,13200,12240.0,2,8000.0,32,120.0,280.0,60.0,0.0,None,None,"3-Terminal Fingered FETs NMOS Pads are ordered (from bottom-to-top): S, D, G, S, D, G, S, D, G, S, D, G"
'4058',FINGERED FET,mod_fingered_w_sweep_nmos_nf_16_lc_0.28_lch_0.12_lov_0.06_gateasym_0.00_w_8.0,13200,14400.0,2,8000.0,16,120.0,280.0,60.0,0.0,None,None,"3-Terminal Fingered FETs NMOS Pads are ordered (from bottom-to-top): S, D, G, S, D, G, S, D, G, S, D, G"
'4059',FINGERED FET,mod_fingered_w_sweep_nmos_nf_8_lc_0.28_lch_0.12_lov_0.06_gateasym_0.00_w_8.0,13200,16560.0,2,8000.0,8,120.0,280.0,60.0,0.0,None,None,"3-Terminal Fingered FETs NMOS Pads are ordered (from bottom-to-top): S, D, G, S, D, G, S, D, G, S, D, G"
'4060',FINGERED FET,mod_fingered_w_sweep_nmos_nf_4_lc_0.28_lch_0.12_lov_0.06_gateasym_0.00_w_8.0,13200,18720.0,2,8000.0,4,120.0,280.0,60.0,0.0,None,None,"3-Terminal Fingered FETs NMOS Pads are ordered (from bottom-to-top): S, D, G, S, D, G, S, D, G, S, D, G"
'4061',FINGERED FET,mod_fingered_w_sweep_nmos_nf_2_lc_0.28_lch_0.12_lov_0.06_gateasym_0.00_w_8.0,13200,20880.0,2,8000.0,2,120.0,280.0,60.0,0.0,None,None,"3-Terminal Fingered FETs NMOS Pads are ordered (from bottom-to-top): S, D, G, S, D, G, S, D, G, S, D, G"
'4062',FINGERED FET,mod_fingered_w_sweep_pmos_nf_64_lc_0.28_lch_0.12_lov_0.06_gateasym_0.00_w_8.0,13250,10080.0,2,8000.0,64,120.0,280.0,60.0,0.0,None,None,"3-Terminal Fingered FETs PMOS Pads are ordered (from bottom-to-top): S, D, G, S, D, G, S, D, G, S, D, G"
'4063',FINGERED FET,mod_fingered_w_sweep_pmos_nf_32_lc_0.28_lch_0.12_lov_0.06_gateasym_0.00_w_8.0,13250,12240.0,2,8000.0,32,120.0,280.0,60.0,0.0,None,None,"3-Terminal Fingered FETs PMOS Pads are ordered (from bottom-to-top): S, D, G, S, D, G, S, D, G, S, D, G"
'4064',FINGERED FET,mod_fingered_w_sweep_pmos_nf_16_lc_0.28_lch_0.12_lov_0.06_gateasym_0.00_w_8.0,13250,14400.0,2,8000.0,16,120.0,280.0,60.0,0.0,None,None,"3-Terminal Fingered FETs PMOS Pads are ordered (from bottom-to-top): S, D, G, S, D, G, S, D, G, S, D, G"
'4065',FINGERED FET,mod_fingered_w_sweep_pmos_nf_8_lc_0.28_lch_0.12_lov_0.06_gateasym_0.00_w_8.0,13250,16560.0,2,8000.0,8,120.0,280.0,60.0,0.0,None,None,"3-Terminal Fingered FETs PMOS Pads are ordered (from bottom-to-top): S, D, G, S, D, G, S, D, G, S, D, G"
'4066',FINGERED FET,mod_fingered_w_sweep_pmos_nf_4_lc_0.28_lch_0.12_lov_0.06_gateasym_0.00_w_8.0,13250,18720.0,2,8000.0,4,120.0,280.0,60.0,0.0,None,None,"3-Terminal Fingered FETs PMOS Pads are ordered (from bottom-to-top): S, D, G, S, D, G, S, D, G, S, D, G"
'4067',FINGERED FET,mod_fingered_w_sweep_pmos_nf_2_lc_0.28_lch_0.12_lov_0.06_gateasym_0.00_w_8.0,13250,20880.0,2,8000.0,2,120.0,280.0,60.0,0.0,None,None,"3-Terminal Fingered FETs PMOS Pads are ordered (from bottom-to-top): S, D, G, S, D, G, S, D, G, S, D, G"
'4068',FINGERED FET,mod_fingered_w_sweep_nmos_nf_64_lc_0.28_lch_0.12_lov_0.06_gateasym_0.00_w_16.0,13300,10080.0,2,16000.0,64,120.0,280.0,60.0,0.0,None,None,"3-Terminal Fingered FETs NMOS Pads are ordered (from bottom-to-top): S, D, G, S, D, G, S, D, G, S, D, G"
'4069',FINGERED FET,mod_fingered_w_sweep_nmos_nf_32_lc_0.28_lch_0.12_lov_0.06_gateasym_0.00_w_16.0,13300,12240.0,2,16000.0,32,120.0,280.0,60.0,0.0,None,None,"3-Terminal Fingered FETs NMOS Pads are ordered (from bottom-to-top): S, D, G, S, D, G, S, D, G, S, D, G"
'4070',FINGERED FET,mod_fingered_w_sweep_nmos_nf_16_lc_0.28_lch_0.12_lov_0.06_gateasym_0.00_w_16.0,13300,14400.0,2,16000.0,16,120.0,280.0,60.0,0.0,None,None,"3-Terminal Fingered FETs NMOS Pads are ordered (from bottom-to-top): S, D, G, S, D, G, S, D, G, S, D, G"
'4071',FINGERED FET,mod_fingered_w_sweep_nmos_nf_8_lc_0.28_lch_0.12_lov_0.06_gateasym_0.00_w_16.0,13300,16560.0,2,16000.0,8,120.0,280.0,60.0,0.0,None,None,"3-Terminal Fingered FETs NMOS Pads are ordered (from bottom-to-top): S, D, G, S, D, G, S, D, G, S, D, G"
'4072',FINGERED FET,mod_fingered_w_sweep_nmos_nf_4_lc_0.28_lch_0.12_lov_0.06_gateasym_0.00_w_16.0,13300,18720.0,2,16000.0,4,120.0,280.0,60.0,0.0,None,None,"3-Terminal Fingered FETs NMOS Pads are ordered (from bottom-to-top): S, D, G, S, D, G, S, D, G, S, D, G"
'4073',FINGERED FET,mod_fingered_w_sweep_nmos_nf_2_lc_0.28_lch_0.12_lov_0.06_gateasym_0.00_w_16.0,13300,20880.0,2,16000.0,2,120.0,280.0,60.0,0.0,None,None,"3-Terminal Fingered FETs NMOS Pads are ordered (from bottom-to-top): S, D, G, S, D, G, S, D, G, S, D, G"
'4074',FINGERED FET,mod_fingered_w_sweep_pmos_nf_64_lc_0.28_lch_0.12_lov_0.06_gateasym_0.00_w_16.0,13350,10080.0,2,16000.0,64,120.0,280.0,60.0,0.0,None,None,"3-Terminal Fingered FETs PMOS Pads are ordered (from bottom-to-top): S, D, G, S, D, G, S, D, G, S, D, G"
'4075',FINGERED FET,mod_fingered_w_sweep_pmos_nf_32_lc_0.28_lch_0.12_lov_0.06_gateasym_0.00_w_16.0,13350,12240.0,2,16000.0,32,120.0,280.0,60.0,0.0,None,None,"3-Terminal Fingered FETs PMOS Pads are ordered (from bottom-to-top): S, D, G, S, D, G, S, D, G, S, D, G"
'4076',FINGERED FET,mod_fingered_w_sweep_pmos_nf_16_lc_0.28_lch_0.12_lov_0.06_gateasym_0.00_w_16.0,13350,14400.0,2,16000.0,16,120.0,280.0,60.0,0.0,None,None,"3-Terminal Fingered FETs PMOS Pads are ordered (from bottom-to-top): S, D, G, S, D, G, S, D, G, S, D, G"
'4077',FINGERED FET,mod_fingered_w_sweep_pmos_nf_8_lc_0.28_lch_0.12_lov_0.06_gateasym_0.00_w_16.0,13350,16560.0,2,16000.0,8,120.0,280.0,60.0,0.0,None,None,"3-Terminal Fingered FETs PMOS Pads are ordered (from bottom-to-top): S, D, G, S, D, G, S, D, G, S, D, G"
'4078',FINGERED FET,mod_fingered_w_sweep_pmos_nf_4_lc_0.28_lch_0.12_lov_0.06_gateasym_0.00_w_16.0,13350,18720.0,2,16000.0,4,120.0,280.0,60.0,0.0,None,None,"3-Terminal Fingered FETs PMOS Pads are ordered (from bottom-to-top): S, D, G, S, D, G, S, D, G, S, D, G"
'4079',FINGERED FET,mod_fingered_w_sweep_pmos_nf_2_lc_0.28_lch_0.12_lov_0.06_gateasym_0.00_w_16.0,13350,20880.0,2,16000.0,2,120.0,280.0,60.0,0.0,None,None,"3-Terminal Fingered FETs PMOS Pads are ordered (from bottom-to-top): S, D, G, S, D, G, S, D, G, S, D, G"
'4080',FINGERED FET,mod_fingered_w_sweep_nmos_nf_64_lc_0.28_lch_0.08_lov_0.06_gateasym_0.00_w_1.0,13450,10080.0,2,1000.0,64,80.0,280.0,60.0,0.0,None,None,"3-Terminal Fingered FETs NMOS Pads are ordered (from bottom-to-top): S, D, G, S, D, G, S, D, G, S, D, G"
'4081',FINGERED FET,mod_fingered_w_sweep_nmos_nf_32_lc_0.28_lch_0.08_lov_0.06_gateasym_0.00_w_1.0,13450,12240.0,2,1000.0,32,80.0,280.0,60.0,0.0,None,None,"3-Terminal Fingered FETs NMOS Pads are ordered (from bottom-to-top): S, D, G, S, D, G, S, D, G, S, D, G"
'4082',FINGERED FET,mod_fingered_w_sweep_nmos_nf_16_lc_0.28_lch_0.08_lov_0.06_gateasym_0.00_w_1.0,13450,14400.0,2,1000.0,16,80.0,280.0,60.0,0.0,None,None,"3-Terminal Fingered FETs NMOS Pads are ordered (from bottom-to-top): S, D, G, S, D, G, S, D, G, S, D, G"
'4083',FINGERED FET,mod_fingered_w_sweep_nmos_nf_8_lc_0.28_lch_0.08_lov_0.06_gateasym_0.00_w_1.0,13450,16560.0,2,1000.0,8,80.0,280.0,60.0,0.0,None,None,"3-Terminal Fingered FETs NMOS Pads are ordered (from bottom-to-top): S, D, G, S, D, G, S, D, G, S, D, G"
'4084',FINGERED FET,mod_fingered_w_sweep_nmos_nf_4_lc_0.28_lch_0.08_lov_0.06_gateasym_0.00_w_1.0,13450,18720.0,2,1000.0,4,80.0,280.0,60.0,0.0,None,None,"3-Terminal Fingered FETs NMOS Pads are ordered (from bottom-to-top): S, D, G, S, D, G, S, D, G, S, D, G"
'4085',FINGERED FET,mod_fingered_w_sweep_nmos_nf_2_lc_0.28_lch_0.08_lov_0.06_gateasym_0.00_w_1.0,13450,20880.0,2,1000.0,2,80.0,280.0,60.0,0.0,None,None,"3-Terminal Fingered FETs NMOS Pads are ordered (from bottom-to-top): S, D, G, S, D, G, S, D, G, S, D, G"
'4086',FINGERED FET,mod_fingered_w_sweep_pmos_nf_64_lc_0.28_lch_0.08_lov_0.06_gateasym_0.00_w_1.0,13500,10080.0,2,1000.0,64,80.0,280.0,60.0,0.0,None,None,"3-Terminal Fingered FETs PMOS Pads are ordered (from bottom-to-top): S, D, G, S, D, G, S, D, G, S, D, G"
'4087',FINGERED FET,mod_fingered_w_sweep_pmos_nf_32_lc_0.28_lch_0.08_lov_0.06_gateasym_0.00_w_1.0,13500,12240.0,2,1000.0,32,80.0,280.0,60.0,0.0,None,None,"3-Terminal Fingered FETs PMOS Pads are ordered (from bottom-to-top): S, D, G, S, D, G, S, D, G, S, D, G"
'4088',FINGERED FET,mod_fingered_w_sweep_pmos_nf_16_lc_0.28_lch_0.08_lov_0.06_gateasym_0.00_w_1.0,13500,14400.0,2,1000.0,16,80.0,280.0,60.0,0.0,None,None,"3-Terminal Fingered FETs PMOS Pads are ordered (from bottom-to-top): S, D, G, S, D, G, S, D, G, S, D, G"
'4089',FINGERED FET,mod_fingered_w_sweep_pmos_nf_8_lc_0.28_lch_0.08_lov_0.06_gateasym_0.00_w_1.0,13500,16560.0,2,1000.0,8,80.0,280.0,60.0,0.0,None,None,"3-Terminal Fingered FETs PMOS Pads are ordered (from bottom-to-top): S, D, G, S, D, G, S, D, G, S, D, G"
'4090',FINGERED FET,mod_fingered_w_sweep_pmos_nf_4_lc_0.28_lch_0.08_lov_0.06_gateasym_0.00_w_1.0,13500,18720.0,2,1000.0,4,80.0,280.0,60.0,0.0,None,None,"3-Terminal Fingered FETs PMOS Pads are ordered (from bottom-to-top): S, D, G, S, D, G, S, D, G, S, D, G"
'4091',FINGERED FET,mod_fingered_w_sweep_pmos_nf_2_lc_0.28_lch_0.08_lov_0.06_gateasym_0.00_w_1.0,13500,20880.0,2,1000.0,2,80.0,280.0,60.0,0.0,None,None,"3-Terminal Fingered FETs PMOS Pads are ordered (from bottom-to-top): S, D, G, S, D, G, S, D, G, S, D, G"
'4092',FINGERED FET,mod_fingered_w_sweep_nmos_nf_64_lc_0.28_lch_0.08_lov_0.06_gateasym_0.00_w_8.0,13550,10080.0,2,8000.0,64,80.0,280.0,60.0,0.0,None,None,"3-Terminal Fingered FETs NMOS Pads are ordered (from bottom-to-top): S, D, G, S, D, G, S, D, G, S, D, G"
'4093',FINGERED FET,mod_fingered_w_sweep_nmos_nf_32_lc_0.28_lch_0.08_lov_0.06_gateasym_0.00_w_8.0,13550,12240.0,2,8000.0,32,80.0,280.0,60.0,0.0,None,None,"3-Terminal Fingered FETs NMOS Pads are ordered (from bottom-to-top): S, D, G, S, D, G, S, D, G, S, D, G"
'4094',FINGERED FET,mod_fingered_w_sweep_nmos_nf_16_lc_0.28_lch_0.08_lov_0.06_gateasym_0.00_w_8.0,13550,14400.0,2,8000.0,16,80.0,280.0,60.0,0.0,None,None,"3-Terminal Fingered FETs NMOS Pads are ordered (from bottom-to-top): S, D, G, S, D, G, S, D, G, S, D, G"
'4095',FINGERED FET,mod_fingered_w_sweep_nmos_nf_8_lc_0.28_lch_0.08_lov_0.06_gateasym_0.00_w_8.0,13550,16560.0,2,8000.0,8,80.0,280.0,60.0,0.0,None,None,"3-Terminal Fingered FETs NMOS Pads are ordered (from bottom-to-top): S, D, G, S, D, G, S, D, G, S, D, G"
'4096',FINGERED FET,mod_fingered_w_sweep_nmos_nf_4_lc_0.28_lch_0.08_lov_0.06_gateasym_0.00_w_8.0,13550,18720.0,2,8000.0,4,80.0,280.0,60.0,0.0,None,None,"3-Terminal Fingered FETs NMOS Pads are ordered (from bottom-to-top): S, D, G, S, D, G, S, D, G, S, D, G"
'4097',FINGERED FET,mod_fingered_w_sweep_nmos_nf_2_lc_0.28_lch_0.08_lov_0.06_gateasym_0.00_w_8.0,13550,20880.0,2,8000.0,2,80.0,280.0,60.0,0.0,None,None,"3-Terminal Fingered FETs NMOS Pads are ordered (from bottom-to-top): S, D, G, S, D, G, S, D, G, S, D, G"
'4098',FINGERED FET,mod_fingered_w_sweep_pmos_nf_64_lc_0.28_lch_0.08_lov_0.06_gateasym_0.00_w_8.0,13600,10080.0,2,8000.0,64,80.0,280.0,60.0,0.0,None,None,"3-Terminal Fingered FETs PMOS Pads are ordered (from bottom-to-top): S, D, G, S, D, G, S, D, G, S, D, G"
'4099',FINGERED FET,mod_fingered_w_sweep_pmos_nf_32_lc_0.28_lch_0.08_lov_0.06_gateasym_0.00_w_8.0,13600,12240.0,2,8000.0,32,80.0,280.0,60.0,0.0,None,None,"3-Terminal Fingered FETs PMOS Pads are ordered (from bottom-to-top): S, D, G, S, D, G, S, D, G, S, D, G"
'4100',FINGERED FET,mod_fingered_w_sweep_pmos_nf_16_lc_0.28_lch_0.08_lov_0.06_gateasym_0.00_w_8.0,13600,14400.0,2,8000.0,16,80.0,280.0,60.0,0.0,None,None,"3-Terminal Fingered FETs PMOS Pads are ordered (from bottom-to-top): S, D, G, S, D, G, S, D, G, S, D, G"
'4101',FINGERED FET,mod_fingered_w_sweep_pmos_nf_8_lc_0.28_lch_0.08_lov_0.06_gateasym_0.00_w_8.0,13600,16560.0,2,8000.0,8,80.0,280.0,60.0,0.0,None,None,"3-Terminal Fingered FETs PMOS Pads are ordered (from bottom-to-top): S, D, G, S, D, G, S, D, G, S, D, G"
'4102',FINGERED FET,mod_fingered_w_sweep_pmos_nf_4_lc_0.28_lch_0.08_lov_0.06_gateasym_0.00_w_8.0,13600,18720.0,2,8000.0,4,80.0,280.0,60.0,0.0,None,None,"3-Terminal Fingered FETs PMOS Pads are ordered (from bottom-to-top): S, D, G, S, D, G, S, D, G, S, D, G"
'4103',FINGERED FET,mod_fingered_w_sweep_pmos_nf_2_lc_0.28_lch_0.08_lov_0.06_gateasym_0.00_w_8.0,13600,20880.0,2,8000.0,2,80.0,280.0,60.0,0.0,None,None,"3-Terminal Fingered FETs PMOS Pads are ordered (from bottom-to-top): S, D, G, S, D, G, S, D, G, S, D, G"
'4104',FINGERED FET,mod_fingered_w_sweep_nmos_nf_64_lc_0.28_lch_0.08_lov_0.06_gateasym_0.00_w_16.0,13650,10080.0,2,16000.0,64,80.0,280.0,60.0,0.0,None,None,"3-Terminal Fingered FETs NMOS Pads are ordered (from bottom-to-top): S, D, G, S, D, G, S, D, G, S, D, G"
'4105',FINGERED FET,mod_fingered_w_sweep_nmos_nf_32_lc_0.28_lch_0.08_lov_0.06_gateasym_0.00_w_16.0,13650,12240.0,2,16000.0,32,80.0,280.0,60.0,0.0,None,None,"3-Terminal Fingered FETs NMOS Pads are ordered (from bottom-to-top): S, D, G, S, D, G, S, D, G, S, D, G"
'4106',FINGERED FET,mod_fingered_w_sweep_nmos_nf_16_lc_0.28_lch_0.08_lov_0.06_gateasym_0.00_w_16.0,13650,14400.0,2,16000.0,16,80.0,280.0,60.0,0.0,None,None,"3-Terminal Fingered FETs NMOS Pads are ordered (from bottom-to-top): S, D, G, S, D, G, S, D, G, S, D, G"
'4107',FINGERED FET,mod_fingered_w_sweep_nmos_nf_8_lc_0.28_lch_0.08_lov_0.06_gateasym_0.00_w_16.0,13650,16560.0,2,16000.0,8,80.0,280.0,60.0,0.0,None,None,"3-Terminal Fingered FETs NMOS Pads are ordered (from bottom-to-top): S, D, G, S, D, G, S, D, G, S, D, G"
'4108',FINGERED FET,mod_fingered_w_sweep_nmos_nf_4_lc_0.28_lch_0.08_lov_0.06_gateasym_0.00_w_16.0,13650,18720.0,2,16000.0,4,80.0,280.0,60.0,0.0,None,None,"3-Terminal Fingered FETs NMOS Pads are ordered (from bottom-to-top): S, D, G, S, D, G, S, D, G, S, D, G"
'4109',FINGERED FET,mod_fingered_w_sweep_nmos_nf_2_lc_0.28_lch_0.08_lov_0.06_gateasym_0.00_w_16.0,13650,20880.0,2,16000.0,2,80.0,280.0,60.0,0.0,None,None,"3-Terminal Fingered FETs NMOS Pads are ordered (from bottom-to-top): S, D, G, S, D, G, S, D, G, S, D, G"
'4110',FINGERED FET,mod_fingered_w_sweep_pmos_nf_64_lc_0.28_lch_0.08_lov_0.06_gateasym_0.00_w_16.0,13700,10080.0,2,16000.0,64,80.0,280.0,60.0,0.0,None,None,"3-Terminal Fingered FETs PMOS Pads are ordered (from bottom-to-top): S, D, G, S, D, G, S, D, G, S, D, G"
'4111',FINGERED FET,mod_fingered_w_sweep_pmos_nf_32_lc_0.28_lch_0.08_lov_0.06_gateasym_0.00_w_16.0,13700,12240.0,2,16000.0,32,80.0,280.0,60.0,0.0,None,None,"3-Terminal Fingered FETs PMOS Pads are ordered (from bottom-to-top): S, D, G, S, D, G, S, D, G, S, D, G"
'4112',FINGERED FET,mod_fingered_w_sweep_pmos_nf_16_lc_0.28_lch_0.08_lov_0.06_gateasym_0.00_w_16.0,13700,14400.0,2,16000.0,16,80.0,280.0,60.0,0.0,None,None,"3-Terminal Fingered FETs PMOS Pads are ordered (from bottom-to-top): S, D, G, S, D, G, S, D, G, S, D, G"
'4113',FINGERED FET,mod_fingered_w_sweep_pmos_nf_8_lc_0.28_lch_0.08_lov_0.06_gateasym_0.00_w_16.0,13700,16560.0,2,16000.0,8,80.0,280.0,60.0,0.0,None,None,"3-Terminal Fingered FETs PMOS Pads are ordered (from bottom-to-top): S, D, G, S, D, G, S, D, G, S, D, G"
'4114',FINGERED FET,mod_fingered_w_sweep_pmos_nf_4_lc_0.28_lch_0.08_lov_0.06_gateasym_0.00_w_16.0,13700,18720.0,2,16000.0,4,80.0,280.0,60.0,0.0,None,None,"3-Terminal Fingered FETs PMOS Pads are ordered (from bottom-to-top): S, D, G, S, D, G, S, D, G, S, D, G"
'4115',FINGERED FET,mod_fingered_w_sweep_pmos_nf_2_lc_0.28_lch_0.08_lov_0.06_gateasym_0.00_w_16.0,13700,20880.0,2,16000.0,2,80.0,280.0,60.0,0.0,None,None,"3-Terminal Fingered FETs PMOS Pads are ordered (from bottom-to-top): S, D, G, S, D, G, S, D, G, S, D, G"
'4116',FINGERED FET,mod_fingered_w_sweep_nmos_nf_64_lc_0.26_lch_0.14_lov_0.06_gateasym_0.00_w_1.0,13800,10080.0,2,1000.0,64,140.0,260.0,60.0,0.0,None,None,"3-Terminal Fingered FETs NMOS Pads are ordered (from bottom-to-top): S, D, G, S, D, G, S, D, G, S, D, G"
'4117',FINGERED FET,mod_fingered_w_sweep_nmos_nf_32_lc_0.26_lch_0.14_lov_0.06_gateasym_0.00_w_1.0,13800,12240.0,2,1000.0,32,140.0,260.0,60.0,0.0,None,None,"3-Terminal Fingered FETs NMOS Pads are ordered (from bottom-to-top): S, D, G, S, D, G, S, D, G, S, D, G"
'4118',FINGERED FET,mod_fingered_w_sweep_nmos_nf_16_lc_0.26_lch_0.14_lov_0.06_gateasym_0.00_w_1.0,13800,14400.0,2,1000.0,16,140.0,260.0,60.0,0.0,None,None,"3-Terminal Fingered FETs NMOS Pads are ordered (from bottom-to-top): S, D, G, S, D, G, S, D, G, S, D, G"
'4119',FINGERED FET,mod_fingered_w_sweep_nmos_nf_8_lc_0.26_lch_0.14_lov_0.06_gateasym_0.00_w_1.0,13800,16560.0,2,1000.0,8,140.0,260.0,60.0,0.0,None,None,"3-Terminal Fingered FETs NMOS Pads are ordered (from bottom-to-top): S, D, G, S, D, G, S, D, G, S, D, G"
'4120',FINGERED FET,mod_fingered_w_sweep_nmos_nf_4_lc_0.26_lch_0.14_lov_0.06_gateasym_0.00_w_1.0,13800,18720.0,2,1000.0,4,140.0,260.0,60.0,0.0,None,None,"3-Terminal Fingered FETs NMOS Pads are ordered (from bottom-to-top): S, D, G, S, D, G, S, D, G, S, D, G"
'4121',FINGERED FET,mod_fingered_w_sweep_nmos_nf_2_lc_0.26_lch_0.14_lov_0.06_gateasym_0.00_w_1.0,13800,20880.0,2,1000.0,2,140.0,260.0,60.0,0.0,None,None,"3-Terminal Fingered FETs NMOS Pads are ordered (from bottom-to-top): S, D, G, S, D, G, S, D, G, S, D, G"
'4122',FINGERED FET,mod_fingered_w_sweep_pmos_nf_64_lc_0.26_lch_0.14_lov_0.06_gateasym_0.00_w_1.0,13850,10080.0,2,1000.0,64,140.0,260.0,60.0,0.0,None,None,"3-Terminal Fingered FETs PMOS Pads are ordered (from bottom-to-top): S, D, G, S, D, G, S, D, G, S, D, G"
'4123',FINGERED FET,mod_fingered_w_sweep_pmos_nf_32_lc_0.26_lch_0.14_lov_0.06_gateasym_0.00_w_1.0,13850,12240.0,2,1000.0,32,140.0,260.0,60.0,0.0,None,None,"3-Terminal Fingered FETs PMOS Pads are ordered (from bottom-to-top): S, D, G, S, D, G, S, D, G, S, D, G"
'4124',FINGERED FET,mod_fingered_w_sweep_pmos_nf_16_lc_0.26_lch_0.14_lov_0.06_gateasym_0.00_w_1.0,13850,14400.0,2,1000.0,16,140.0,260.0,60.0,0.0,None,None,"3-Terminal Fingered FETs PMOS Pads are ordered (from bottom-to-top): S, D, G, S, D, G, S, D, G, S, D, G"
'4125',FINGERED FET,mod_fingered_w_sweep_pmos_nf_8_lc_0.26_lch_0.14_lov_0.06_gateasym_0.00_w_1.0,13850,16560.0,2,1000.0,8,140.0,260.0,60.0,0.0,None,None,"3-Terminal Fingered FETs PMOS Pads are ordered (from bottom-to-top): S, D, G, S, D, G, S, D, G, S, D, G"
'4126',FINGERED FET,mod_fingered_w_sweep_pmos_nf_4_lc_0.26_lch_0.14_lov_0.06_gateasym_0.00_w_1.0,13850,18720.0,2,1000.0,4,140.0,260.0,60.0,0.0,None,None,"3-Terminal Fingered FETs PMOS Pads are ordered (from bottom-to-top): S, D, G, S, D, G, S, D, G, S, D, G"
'4127',FINGERED FET,mod_fingered_w_sweep_pmos_nf_2_lc_0.26_lch_0.14_lov_0.06_gateasym_0.00_w_1.0,13850,20880.0,2,1000.0,2,140.0,260.0,60.0,0.0,None,None,"3-Terminal Fingered FETs PMOS Pads are ordered (from bottom-to-top): S, D, G, S, D, G, S, D, G, S, D, G"
'4128',FINGERED FET,mod_fingered_w_sweep_nmos_nf_64_lc_0.26_lch_0.14_lov_0.06_gateasym_0.00_w_8.0,13900,10080.0,2,8000.0,64,140.0,260.0,60.0,0.0,None,None,"3-Terminal Fingered FETs NMOS Pads are ordered (from bottom-to-top): S, D, G, S, D, G, S, D, G, S, D, G"
'4129',FINGERED FET,mod_fingered_w_sweep_nmos_nf_32_lc_0.26_lch_0.14_lov_0.06_gateasym_0.00_w_8.0,13900,12240.0,2,8000.0,32,140.0,260.0,60.0,0.0,None,None,"3-Terminal Fingered FETs NMOS Pads are ordered (from bottom-to-top): S, D, G, S, D, G, S, D, G, S, D, G"
'4130',FINGERED FET,mod_fingered_w_sweep_nmos_nf_16_lc_0.26_lch_0.14_lov_0.06_gateasym_0.00_w_8.0,13900,14400.0,2,8000.0,16,140.0,260.0,60.0,0.0,None,None,"3-Terminal Fingered FETs NMOS Pads are ordered (from bottom-to-top): S, D, G, S, D, G, S, D, G, S, D, G"
'4131',FINGERED FET,mod_fingered_w_sweep_nmos_nf_8_lc_0.26_lch_0.14_lov_0.06_gateasym_0.00_w_8.0,13900,16560.0,2,8000.0,8,140.0,260.0,60.0,0.0,None,None,"3-Terminal Fingered FETs NMOS Pads are ordered (from bottom-to-top): S, D, G, S, D, G, S, D, G, S, D, G"
'4132',FINGERED FET,mod_fingered_w_sweep_nmos_nf_4_lc_0.26_lch_0.14_lov_0.06_gateasym_0.00_w_8.0,13900,18720.0,2,8000.0,4,140.0,260.0,60.0,0.0,None,None,"3-Terminal Fingered FETs NMOS Pads are ordered (from bottom-to-top): S, D, G, S, D, G, S, D, G, S, D, G"
'4133',FINGERED FET,mod_fingered_w_sweep_nmos_nf_2_lc_0.26_lch_0.14_lov_0.06_gateasym_0.00_w_8.0,13900,20880.0,2,8000.0,2,140.0,260.0,60.0,0.0,None,None,"3-Terminal Fingered FETs NMOS Pads are ordered (from bottom-to-top): S, D, G, S, D, G, S, D, G, S, D, G"
'4134',FINGERED FET,mod_fingered_w_sweep_pmos_nf_64_lc_0.26_lch_0.14_lov_0.06_gateasym_0.00_w_8.0,13950,10080.0,2,8000.0,64,140.0,260.0,60.0,0.0,None,None,"3-Terminal Fingered FETs PMOS Pads are ordered (from bottom-to-top): S, D, G, S, D, G, S, D, G, S, D, G"
'4135',FINGERED FET,mod_fingered_w_sweep_pmos_nf_32_lc_0.26_lch_0.14_lov_0.06_gateasym_0.00_w_8.0,13950,12240.0,2,8000.0,32,140.0,260.0,60.0,0.0,None,None,"3-Terminal Fingered FETs PMOS Pads are ordered (from bottom-to-top): S, D, G, S, D, G, S, D, G, S, D, G"
'4136',FINGERED FET,mod_fingered_w_sweep_pmos_nf_16_lc_0.26_lch_0.14_lov_0.06_gateasym_0.00_w_8.0,13950,14400.0,2,8000.0,16,140.0,260.0,60.0,0.0,None,None,"3-Terminal Fingered FETs PMOS Pads are ordered (from bottom-to-top): S, D, G, S, D, G, S, D, G, S, D, G"
'4137',FINGERED FET,mod_fingered_w_sweep_pmos_nf_8_lc_0.26_lch_0.14_lov_0.06_gateasym_0.00_w_8.0,13950,16560.0,2,8000.0,8,140.0,260.0,60.0,0.0,None,None,"3-Terminal Fingered FETs PMOS Pads are ordered (from bottom-to-top): S, D, G, S, D, G, S, D, G, S, D, G"
'4138',FINGERED FET,mod_fingered_w_sweep_pmos_nf_4_lc_0.26_lch_0.14_lov_0.06_gateasym_0.00_w_8.0,13950,18720.0,2,8000.0,4,140.0,260.0,60.0,0.0,None,None,"3-Terminal Fingered FETs PMOS Pads are ordered (from bottom-to-top): S, D, G, S, D, G, S, D, G, S, D, G"
'4139',FINGERED FET,mod_fingered_w_sweep_pmos_nf_2_lc_0.26_lch_0.14_lov_0.06_gateasym_0.00_w_8.0,13950,20880.0,2,8000.0,2,140.0,260.0,60.0,0.0,None,None,"3-Terminal Fingered FETs PMOS Pads are ordered (from bottom-to-top): S, D, G, S, D, G, S, D, G, S, D, G"
'4140',FINGERED FET,mod_fingered_w_sweep_nmos_nf_64_lc_0.26_lch_0.14_lov_0.06_gateasym_0.00_w_16.0,14000,10080.0,2,16000.0,64,140.0,260.0,60.0,0.0,None,None,"3-Terminal Fingered FETs NMOS Pads are ordered (from bottom-to-top): S, D, G, S, D, G, S, D, G, S, D, G"
'4141',FINGERED FET,mod_fingered_w_sweep_nmos_nf_32_lc_0.26_lch_0.14_lov_0.06_gateasym_0.00_w_16.0,14000,12240.0,2,16000.0,32,140.0,260.0,60.0,0.0,None,None,"3-Terminal Fingered FETs NMOS Pads are ordered (from bottom-to-top): S, D, G, S, D, G, S, D, G, S, D, G"
'4142',FINGERED FET,mod_fingered_w_sweep_nmos_nf_16_lc_0.26_lch_0.14_lov_0.06_gateasym_0.00_w_16.0,14000,14400.0,2,16000.0,16,140.0,260.0,60.0,0.0,None,None,"3-Terminal Fingered FETs NMOS Pads are ordered (from bottom-to-top): S, D, G, S, D, G, S, D, G, S, D, G"
'4143',FINGERED FET,mod_fingered_w_sweep_nmos_nf_8_lc_0.26_lch_0.14_lov_0.06_gateasym_0.00_w_16.0,14000,16560.0,2,16000.0,8,140.0,260.0,60.0,0.0,None,None,"3-Terminal Fingered FETs NMOS Pads are ordered (from bottom-to-top): S, D, G, S, D, G, S, D, G, S, D, G"
'4144',FINGERED FET,mod_fingered_w_sweep_nmos_nf_4_lc_0.26_lch_0.14_lov_0.06_gateasym_0.00_w_16.0,14000,18720.0,2,16000.0,4,140.0,260.0,60.0,0.0,None,None,"3-Terminal Fingered FETs NMOS Pads are ordered (from bottom-to-top): S, D, G, S, D, G, S, D, G, S, D, G"
'4145',FINGERED FET,mod_fingered_w_sweep_nmos_nf_2_lc_0.26_lch_0.14_lov_0.06_gateasym_0.00_w_16.0,14000,20880.0,2,16000.0,2,140.0,260.0,60.0,0.0,None,None,"3-Terminal Fingered FETs NMOS Pads are ordered (from bottom-to-top): S, D, G, S, D, G, S, D, G, S, D, G"
'4146',FINGERED FET,mod_fingered_w_sweep_pmos_nf_64_lc_0.26_lch_0.14_lov_0.06_gateasym_0.00_w_16.0,14050,10080.0,2,16000.0,64,140.0,260.0,60.0,0.0,None,None,"3-Terminal Fingered FETs PMOS Pads are ordered (from bottom-to-top): S, D, G, S, D, G, S, D, G, S, D, G"
'4147',FINGERED FET,mod_fingered_w_sweep_pmos_nf_32_lc_0.26_lch_0.14_lov_0.06_gateasym_0.00_w_16.0,14050,12240.0,2,16000.0,32,140.0,260.0,60.0,0.0,None,None,"3-Terminal Fingered FETs PMOS Pads are ordered (from bottom-to-top): S, D, G, S, D, G, S, D, G, S, D, G"
'4148',FINGERED FET,mod_fingered_w_sweep_pmos_nf_16_lc_0.26_lch_0.14_lov_0.06_gateasym_0.00_w_16.0,14050,14400.0,2,16000.0,16,140.0,260.0,60.0,0.0,None,None,"3-Terminal Fingered FETs PMOS Pads are ordered (from bottom-to-top): S, D, G, S, D, G, S, D, G, S, D, G"
'4149',FINGERED FET,mod_fingered_w_sweep_pmos_nf_8_lc_0.26_lch_0.14_lov_0.06_gateasym_0.00_w_16.0,14050,16560.0,2,16000.0,8,140.0,260.0,60.0,0.0,None,None,"3-Terminal Fingered FETs PMOS Pads are ordered (from bottom-to-top): S, D, G, S, D, G, S, D, G, S, D, G"
'4150',FINGERED FET,mod_fingered_w_sweep_pmos_nf_4_lc_0.26_lch_0.14_lov_0.06_gateasym_0.00_w_16.0,14050,18720.0,2,16000.0,4,140.0,260.0,60.0,0.0,None,None,"3-Terminal Fingered FETs PMOS Pads are ordered (from bottom-to-top): S, D, G, S, D, G, S, D, G, S, D, G"
'4151',FINGERED FET,mod_fingered_w_sweep_pmos_nf_2_lc_0.26_lch_0.14_lov_0.06_gateasym_0.00_w_16.0,14050,20880.0,2,16000.0,2,140.0,260.0,60.0,0.0,None,None,"3-Terminal Fingered FETs PMOS Pads are ordered (from bottom-to-top): S, D, G, S, D, G, S, D, G, S, D, G"
'4152',FINGERED FET,mod_fingered_w_sweep_nmos_nf_64_lc_0.26_lch_0.10_lov_0.06_gateasym_0.00_w_1.0,14150,10080.0,2,1000.0,64,100.0,260.0,60.0,0.0,None,None,"3-Terminal Fingered FETs NMOS Pads are ordered (from bottom-to-top): S, D, G, S, D, G, S, D, G, S, D, G"
'4153',FINGERED FET,mod_fingered_w_sweep_nmos_nf_32_lc_0.26_lch_0.10_lov_0.06_gateasym_0.00_w_1.0,14150,12240.0,2,1000.0,32,100.0,260.0,60.0,0.0,None,None,"3-Terminal Fingered FETs NMOS Pads are ordered (from bottom-to-top): S, D, G, S, D, G, S, D, G, S, D, G"
'4154',FINGERED FET,mod_fingered_w_sweep_nmos_nf_16_lc_0.26_lch_0.10_lov_0.06_gateasym_0.00_w_1.0,14150,14400.0,2,1000.0,16,100.0,260.0,60.0,0.0,None,None,"3-Terminal Fingered FETs NMOS Pads are ordered (from bottom-to-top): S, D, G, S, D, G, S, D, G, S, D, G"
'4155',FINGERED FET,mod_fingered_w_sweep_nmos_nf_8_lc_0.26_lch_0.10_lov_0.06_gateasym_0.00_w_1.0,14150,16560.0,2,1000.0,8,100.0,260.0,60.0,0.0,None,None,"3-Terminal Fingered FETs NMOS Pads are ordered (from bottom-to-top): S, D, G, S, D, G, S, D, G, S, D, G"
'4156',FINGERED FET,mod_fingered_w_sweep_nmos_nf_4_lc_0.26_lch_0.10_lov_0.06_gateasym_0.00_w_1.0,14150,18720.0,2,1000.0,4,100.0,260.0,60.0,0.0,None,None,"3-Terminal Fingered FETs NMOS Pads are ordered (from bottom-to-top): S, D, G, S, D, G, S, D, G, S, D, G"
'4157',FINGERED FET,mod_fingered_w_sweep_nmos_nf_2_lc_0.26_lch_0.10_lov_0.06_gateasym_0.00_w_1.0,14150,20880.0,2,1000.0,2,100.0,260.0,60.0,0.0,None,None,"3-Terminal Fingered FETs NMOS Pads are ordered (from bottom-to-top): S, D, G, S, D, G, S, D, G, S, D, G"
'4158',FINGERED FET,mod_fingered_w_sweep_pmos_nf_64_lc_0.26_lch_0.10_lov_0.06_gateasym_0.00_w_1.0,14200,10080.0,2,1000.0,64,100.0,260.0,60.0,0.0,None,None,"3-Terminal Fingered FETs PMOS Pads are ordered (from bottom-to-top): S, D, G, S, D, G, S, D, G, S, D, G"
'4159',FINGERED FET,mod_fingered_w_sweep_pmos_nf_32_lc_0.26_lch_0.10_lov_0.06_gateasym_0.00_w_1.0,14200,12240.0,2,1000.0,32,100.0,260.0,60.0,0.0,None,None,"3-Terminal Fingered FETs PMOS Pads are ordered (from bottom-to-top): S, D, G, S, D, G, S, D, G, S, D, G"
'4160',FINGERED FET,mod_fingered_w_sweep_pmos_nf_16_lc_0.26_lch_0.10_lov_0.06_gateasym_0.00_w_1.0,14200,14400.0,2,1000.0,16,100.0,260.0,60.0,0.0,None,None,"3-Terminal Fingered FETs PMOS Pads are ordered (from bottom-to-top): S, D, G, S, D, G, S, D, G, S, D, G"
'4161',FINGERED FET,mod_fingered_w_sweep_pmos_nf_8_lc_0.26_lch_0.10_lov_0.06_gateasym_0.00_w_1.0,14200,16560.0,2,1000.0,8,100.0,260.0,60.0,0.0,None,None,"3-Terminal Fingered FETs PMOS Pads are ordered (from bottom-to-top): S, D, G, S, D, G, S, D, G, S, D, G"
'4162',FINGERED FET,mod_fingered_w_sweep_pmos_nf_4_lc_0.26_lch_0.10_lov_0.06_gateasym_0.00_w_1.0,14200,18720.0,2,1000.0,4,100.0,260.0,60.0,0.0,None,None,"3-Terminal Fingered FETs PMOS Pads are ordered (from bottom-to-top): S, D, G, S, D, G, S, D, G, S, D, G"
'4163',FINGERED FET,mod_fingered_w_sweep_pmos_nf_2_lc_0.26_lch_0.10_lov_0.06_gateasym_0.00_w_1.0,14200,20880.0,2,1000.0,2,100.0,260.0,60.0,0.0,None,None,"3-Terminal Fingered FETs PMOS Pads are ordered (from bottom-to-top): S, D, G, S, D, G, S, D, G, S, D, G"
'4164',FINGERED FET,mod_fingered_w_sweep_nmos_nf_64_lc_0.26_lch_0.10_lov_0.06_gateasym_0.00_w_8.0,14250,10080.0,2,8000.0,64,100.0,260.0,60.0,0.0,None,None,"3-Terminal Fingered FETs NMOS Pads are ordered (from bottom-to-top): S, D, G, S, D, G, S, D, G, S, D, G"
'4165',FINGERED FET,mod_fingered_w_sweep_nmos_nf_32_lc_0.26_lch_0.10_lov_0.06_gateasym_0.00_w_8.0,14250,12240.0,2,8000.0,32,100.0,260.0,60.0,0.0,None,None,"3-Terminal Fingered FETs NMOS Pads are ordered (from bottom-to-top): S, D, G, S, D, G, S, D, G, S, D, G"
'4166',FINGERED FET,mod_fingered_w_sweep_nmos_nf_16_lc_0.26_lch_0.10_lov_0.06_gateasym_0.00_w_8.0,14250,14400.0,2,8000.0,16,100.0,260.0,60.0,0.0,None,None,"3-Terminal Fingered FETs NMOS Pads are ordered (from bottom-to-top): S, D, G, S, D, G, S, D, G, S, D, G"
'4167',FINGERED FET,mod_fingered_w_sweep_nmos_nf_8_lc_0.26_lch_0.10_lov_0.06_gateasym_0.00_w_8.0,14250,16560.0,2,8000.0,8,100.0,260.0,60.0,0.0,None,None,"3-Terminal Fingered FETs NMOS Pads are ordered (from bottom-to-top): S, D, G, S, D, G, S, D, G, S, D, G"
'4168',FINGERED FET,mod_fingered_w_sweep_nmos_nf_4_lc_0.26_lch_0.10_lov_0.06_gateasym_0.00_w_8.0,14250,18720.0,2,8000.0,4,100.0,260.0,60.0,0.0,None,None,"3-Terminal Fingered FETs NMOS Pads are ordered (from bottom-to-top): S, D, G, S, D, G, S, D, G, S, D, G"
'4169',FINGERED FET,mod_fingered_w_sweep_nmos_nf_2_lc_0.26_lch_0.10_lov_0.06_gateasym_0.00_w_8.0,14250,20880.0,2,8000.0,2,100.0,260.0,60.0,0.0,None,None,"3-Terminal Fingered FETs NMOS Pads are ordered (from bottom-to-top): S, D, G, S, D, G, S, D, G, S, D, G"
'4170',FINGERED FET,mod_fingered_w_sweep_pmos_nf_64_lc_0.26_lch_0.10_lov_0.06_gateasym_0.00_w_8.0,14300,10080.0,2,8000.0,64,100.0,260.0,60.0,0.0,None,None,"3-Terminal Fingered FETs PMOS Pads are ordered (from bottom-to-top): S, D, G, S, D, G, S, D, G, S, D, G"
'4171',FINGERED FET,mod_fingered_w_sweep_pmos_nf_32_lc_0.26_lch_0.10_lov_0.06_gateasym_0.00_w_8.0,14300,12240.0,2,8000.0,32,100.0,260.0,60.0,0.0,None,None,"3-Terminal Fingered FETs PMOS Pads are ordered (from bottom-to-top): S, D, G, S, D, G, S, D, G, S, D, G"
'4172',FINGERED FET,mod_fingered_w_sweep_pmos_nf_16_lc_0.26_lch_0.10_lov_0.06_gateasym_0.00_w_8.0,14300,14400.0,2,8000.0,16,100.0,260.0,60.0,0.0,None,None,"3-Terminal Fingered FETs PMOS Pads are ordered (from bottom-to-top): S, D, G, S, D, G, S, D, G, S, D, G"
'4173',FINGERED FET,mod_fingered_w_sweep_pmos_nf_8_lc_0.26_lch_0.10_lov_0.06_gateasym_0.00_w_8.0,14300,16560.0,2,8000.0,8,100.0,260.0,60.0,0.0,None,None,"3-Terminal Fingered FETs PMOS Pads are ordered (from bottom-to-top): S, D, G, S, D, G, S, D, G, S, D, G"
'4174',FINGERED FET,mod_fingered_w_sweep_pmos_nf_4_lc_0.26_lch_0.10_lov_0.06_gateasym_0.00_w_8.0,14300,18720.0,2,8000.0,4,100.0,260.0,60.0,0.0,None,None,"3-Terminal Fingered FETs PMOS Pads are ordered (from bottom-to-top): S, D, G, S, D, G, S, D, G, S, D, G"
'4175',FINGERED FET,mod_fingered_w_sweep_pmos_nf_2_lc_0.26_lch_0.10_lov_0.06_gateasym_0.00_w_8.0,14300,20880.0,2,8000.0,2,100.0,260.0,60.0,0.0,None,None,"3-Terminal Fingered FETs PMOS Pads are ordered (from bottom-to-top): S, D, G, S, D, G, S, D, G, S, D, G"
'4176',FINGERED FET,mod_fingered_w_sweep_nmos_nf_64_lc_0.26_lch_0.10_lov_0.06_gateasym_0.00_w_16.0,14350,10080.0,2,16000.0,64,100.0,260.0,60.0,0.0,None,None,"3-Terminal Fingered FETs NMOS Pads are ordered (from bottom-to-top): S, D, G, S, D, G, S, D, G, S, D, G"
'4177',FINGERED FET,mod_fingered_w_sweep_nmos_nf_32_lc_0.26_lch_0.10_lov_0.06_gateasym_0.00_w_16.0,14350,12240.0,2,16000.0,32,100.0,260.0,60.0,0.0,None,None,"3-Terminal Fingered FETs NMOS Pads are ordered (from bottom-to-top): S, D, G, S, D, G, S, D, G, S, D, G"
'4178',FINGERED FET,mod_fingered_w_sweep_nmos_nf_16_lc_0.26_lch_0.10_lov_0.06_gateasym_0.00_w_16.0,14350,14400.0,2,16000.0,16,100.0,260.0,60.0,0.0,None,None,"3-Terminal Fingered FETs NMOS Pads are ordered (from bottom-to-top): S, D, G, S, D, G, S, D, G, S, D, G"
'4179',FINGERED FET,mod_fingered_w_sweep_nmos_nf_8_lc_0.26_lch_0.10_lov_0.06_gateasym_0.00_w_16.0,14350,16560.0,2,16000.0,8,100.0,260.0,60.0,0.0,None,None,"3-Terminal Fingered FETs NMOS Pads are ordered (from bottom-to-top): S, D, G, S, D, G, S, D, G, S, D, G"
'4180',FINGERED FET,mod_fingered_w_sweep_nmos_nf_4_lc_0.26_lch_0.10_lov_0.06_gateasym_0.00_w_16.0,14350,18720.0,2,16000.0,4,100.0,260.0,60.0,0.0,None,None,"3-Terminal Fingered FETs NMOS Pads are ordered (from bottom-to-top): S, D, G, S, D, G, S, D, G, S, D, G"
'4181',FINGERED FET,mod_fingered_w_sweep_nmos_nf_2_lc_0.26_lch_0.10_lov_0.06_gateasym_0.00_w_16.0,14350,20880.0,2,16000.0,2,100.0,260.0,60.0,0.0,None,None,"3-Terminal Fingered FETs NMOS Pads are ordered (from bottom-to-top): S, D, G, S, D, G, S, D, G, S, D, G"
'4182',FINGERED FET,mod_fingered_w_sweep_pmos_nf_64_lc_0.26_lch_0.10_lov_0.06_gateasym_0.00_w_16.0,14400,10080.0,2,16000.0,64,100.0,260.0,60.0,0.0,None,None,"3-Terminal Fingered FETs PMOS Pads are ordered (from bottom-to-top): S, D, G, S, D, G, S, D, G, S, D, G"
'4183',FINGERED FET,mod_fingered_w_sweep_pmos_nf_32_lc_0.26_lch_0.10_lov_0.06_gateasym_0.00_w_16.0,14400,12240.0,2,16000.0,32,100.0,260.0,60.0,0.0,None,None,"3-Terminal Fingered FETs PMOS Pads are ordered (from bottom-to-top): S, D, G, S, D, G, S, D, G, S, D, G"
'4184',FINGERED FET,mod_fingered_w_sweep_pmos_nf_16_lc_0.26_lch_0.10_lov_0.06_gateasym_0.00_w_16.0,14400,14400.0,2,16000.0,16,100.0,260.0,60.0,0.0,None,None,"3-Terminal Fingered FETs PMOS Pads are ordered (from bottom-to-top): S, D, G, S, D, G, S, D, G, S, D, G"
'4185',FINGERED FET,mod_fingered_w_sweep_pmos_nf_8_lc_0.26_lch_0.10_lov_0.06_gateasym_0.00_w_16.0,14400,16560.0,2,16000.0,8,100.0,260.0,60.0,0.0,None,None,"3-Terminal Fingered FETs PMOS Pads are ordered (from bottom-to-top): S, D, G, S, D, G, S, D, G, S, D, G"
'4186',FINGERED FET,mod_fingered_w_sweep_pmos_nf_4_lc_0.26_lch_0.10_lov_0.06_gateasym_0.00_w_16.0,14400,18720.0,2,16000.0,4,100.0,260.0,60.0,0.0,None,None,"3-Terminal Fingered FETs PMOS Pads are ordered (from bottom-to-top): S, D, G, S, D, G, S, D, G, S, D, G"
'4187',FINGERED FET,mod_fingered_w_sweep_pmos_nf_2_lc_0.26_lch_0.10_lov_0.06_gateasym_0.00_w_16.0,14400,20880.0,2,16000.0,2,100.0,260.0,60.0,0.0,None,None,"3-Terminal Fingered FETs PMOS Pads are ordered (from bottom-to-top): S, D, G, S, D, G, S, D, G, S, D, G"
'4188',FINGERED FET,mod_fingered_w_sweep_nmos_nf_64_lc_0.26_lch_0.08_lov_0.06_gateasym_0.00_w_1.0,14500,10080.0,2,1000.0,64,80.0,260.0,60.0,0.0,None,None,"3-Terminal Fingered FETs NMOS Pads are ordered (from bottom-to-top): S, D, G, S, D, G, S, D, G, S, D, G"
'4189',FINGERED FET,mod_fingered_w_sweep_nmos_nf_32_lc_0.26_lch_0.08_lov_0.06_gateasym_0.00_w_1.0,14500,12240.0,2,1000.0,32,80.0,260.0,60.0,0.0,None,None,"3-Terminal Fingered FETs NMOS Pads are ordered (from bottom-to-top): S, D, G, S, D, G, S, D, G, S, D, G"
'4190',FINGERED FET,mod_fingered_w_sweep_nmos_nf_16_lc_0.26_lch_0.08_lov_0.06_gateasym_0.00_w_1.0,14500,14400.0,2,1000.0,16,80.0,260.0,60.0,0.0,None,None,"3-Terminal Fingered FETs NMOS Pads are ordered (from bottom-to-top): S, D, G, S, D, G, S, D, G, S, D, G"
'4191',FINGERED FET,mod_fingered_w_sweep_nmos_nf_8_lc_0.26_lch_0.08_lov_0.06_gateasym_0.00_w_1.0,14500,16560.0,2,1000.0,8,80.0,260.0,60.0,0.0,None,None,"3-Terminal Fingered FETs NMOS Pads are ordered (from bottom-to-top): S, D, G, S, D, G, S, D, G, S, D, G"
'4192',FINGERED FET,mod_fingered_w_sweep_nmos_nf_4_lc_0.26_lch_0.08_lov_0.06_gateasym_0.00_w_1.0,14500,18720.0,2,1000.0,4,80.0,260.0,60.0,0.0,None,None,"3-Terminal Fingered FETs NMOS Pads are ordered (from bottom-to-top): S, D, G, S, D, G, S, D, G, S, D, G"
'4193',FINGERED FET,mod_fingered_w_sweep_nmos_nf_2_lc_0.26_lch_0.08_lov_0.06_gateasym_0.00_w_1.0,14500,20880.0,2,1000.0,2,80.0,260.0,60.0,0.0,None,None,"3-Terminal Fingered FETs NMOS Pads are ordered (from bottom-to-top): S, D, G, S, D, G, S, D, G, S, D, G"
'4194',FINGERED FET,mod_fingered_w_sweep_pmos_nf_64_lc_0.26_lch_0.08_lov_0.06_gateasym_0.00_w_1.0,14550,10080.0,2,1000.0,64,80.0,260.0,60.0,0.0,None,None,"3-Terminal Fingered FETs PMOS Pads are ordered (from bottom-to-top): S, D, G, S, D, G, S, D, G, S, D, G"
'4195',FINGERED FET,mod_fingered_w_sweep_pmos_nf_32_lc_0.26_lch_0.08_lov_0.06_gateasym_0.00_w_1.0,14550,12240.0,2,1000.0,32,80.0,260.0,60.0,0.0,None,None,"3-Terminal Fingered FETs PMOS Pads are ordered (from bottom-to-top): S, D, G, S, D, G, S, D, G, S, D, G"
'4196',FINGERED FET,mod_fingered_w_sweep_pmos_nf_16_lc_0.26_lch_0.08_lov_0.06_gateasym_0.00_w_1.0,14550,14400.0,2,1000.0,16,80.0,260.0,60.0,0.0,None,None,"3-Terminal Fingered FETs PMOS Pads are ordered (from bottom-to-top): S, D, G, S, D, G, S, D, G, S, D, G"
'4197',FINGERED FET,mod_fingered_w_sweep_pmos_nf_8_lc_0.26_lch_0.08_lov_0.06_gateasym_0.00_w_1.0,14550,16560.0,2,1000.0,8,80.0,260.0,60.0,0.0,None,None,"3-Terminal Fingered FETs PMOS Pads are ordered (from bottom-to-top): S, D, G, S, D, G, S, D, G, S, D, G"
'4198',FINGERED FET,mod_fingered_w_sweep_pmos_nf_4_lc_0.26_lch_0.08_lov_0.06_gateasym_0.00_w_1.0,14550,18720.0,2,1000.0,4,80.0,260.0,60.0,0.0,None,None,"3-Terminal Fingered FETs PMOS Pads are ordered (from bottom-to-top): S, D, G, S, D, G, S, D, G, S, D, G"
'4199',FINGERED FET,mod_fingered_w_sweep_pmos_nf_2_lc_0.26_lch_0.08_lov_0.06_gateasym_0.00_w_1.0,14550,20880.0,2,1000.0,2,80.0,260.0,60.0,0.0,None,None,"3-Terminal Fingered FETs PMOS Pads are ordered (from bottom-to-top): S, D, G, S, D, G, S, D, G, S, D, G"
'4200',FINGERED FET,mod_fingered_w_sweep_nmos_nf_64_lc_0.26_lch_0.08_lov_0.06_gateasym_0.00_w_8.0,14600,10080.0,2,8000.0,64,80.0,260.0,60.0,0.0,None,None,"3-Terminal Fingered FETs NMOS Pads are ordered (from bottom-to-top): S, D, G, S, D, G, S, D, G, S, D, G"
'4201',FINGERED FET,mod_fingered_w_sweep_nmos_nf_32_lc_0.26_lch_0.08_lov_0.06_gateasym_0.00_w_8.0,14600,12240.0,2,8000.0,32,80.0,260.0,60.0,0.0,None,None,"3-Terminal Fingered FETs NMOS Pads are ordered (from bottom-to-top): S, D, G, S, D, G, S, D, G, S, D, G"
'4202',FINGERED FET,mod_fingered_w_sweep_nmos_nf_16_lc_0.26_lch_0.08_lov_0.06_gateasym_0.00_w_8.0,14600,14400.0,2,8000.0,16,80.0,260.0,60.0,0.0,None,None,"3-Terminal Fingered FETs NMOS Pads are ordered (from bottom-to-top): S, D, G, S, D, G, S, D, G, S, D, G"
'4203',FINGERED FET,mod_fingered_w_sweep_nmos_nf_8_lc_0.26_lch_0.08_lov_0.06_gateasym_0.00_w_8.0,14600,16560.0,2,8000.0,8,80.0,260.0,60.0,0.0,None,None,"3-Terminal Fingered FETs NMOS Pads are ordered (from bottom-to-top): S, D, G, S, D, G, S, D, G, S, D, G"
'4204',FINGERED FET,mod_fingered_w_sweep_nmos_nf_4_lc_0.26_lch_0.08_lov_0.06_gateasym_0.00_w_8.0,14600,18720.0,2,8000.0,4,80.0,260.0,60.0,0.0,None,None,"3-Terminal Fingered FETs NMOS Pads are ordered (from bottom-to-top): S, D, G, S, D, G, S, D, G, S, D, G"
'4205',FINGERED FET,mod_fingered_w_sweep_nmos_nf_2_lc_0.26_lch_0.08_lov_0.06_gateasym_0.00_w_8.0,14600,20880.0,2,8000.0,2,80.0,260.0,60.0,0.0,None,None,"3-Terminal Fingered FETs NMOS Pads are ordered (from bottom-to-top): S, D, G, S, D, G, S, D, G, S, D, G"
'4206',FINGERED FET,mod_fingered_w_sweep_pmos_nf_64_lc_0.26_lch_0.08_lov_0.06_gateasym_0.00_w_8.0,14650,10080.0,2,8000.0,64,80.0,260.0,60.0,0.0,None,None,"3-Terminal Fingered FETs PMOS Pads are ordered (from bottom-to-top): S, D, G, S, D, G, S, D, G, S, D, G"
'4207',FINGERED FET,mod_fingered_w_sweep_pmos_nf_32_lc_0.26_lch_0.08_lov_0.06_gateasym_0.00_w_8.0,14650,12240.0,2,8000.0,32,80.0,260.0,60.0,0.0,None,None,"3-Terminal Fingered FETs PMOS Pads are ordered (from bottom-to-top): S, D, G, S, D, G, S, D, G, S, D, G"
'4208',FINGERED FET,mod_fingered_w_sweep_pmos_nf_16_lc_0.26_lch_0.08_lov_0.06_gateasym_0.00_w_8.0,14650,14400.0,2,8000.0,16,80.0,260.0,60.0,0.0,None,None,"3-Terminal Fingered FETs PMOS Pads are ordered (from bottom-to-top): S, D, G, S, D, G, S, D, G, S, D, G"
'4209',FINGERED FET,mod_fingered_w_sweep_pmos_nf_8_lc_0.26_lch_0.08_lov_0.06_gateasym_0.00_w_8.0,14650,16560.0,2,8000.0,8,80.0,260.0,60.0,0.0,None,None,"3-Terminal Fingered FETs PMOS Pads are ordered (from bottom-to-top): S, D, G, S, D, G, S, D, G, S, D, G"
'4210',FINGERED FET,mod_fingered_w_sweep_pmos_nf_4_lc_0.26_lch_0.08_lov_0.06_gateasym_0.00_w_8.0,14650,18720.0,2,8000.0,4,80.0,260.0,60.0,0.0,None,None,"3-Terminal Fingered FETs PMOS Pads are ordered (from bottom-to-top): S, D, G, S, D, G, S, D, G, S, D, G"
'4211',FINGERED FET,mod_fingered_w_sweep_pmos_nf_2_lc_0.26_lch_0.08_lov_0.06_gateasym_0.00_w_8.0,14650,20880.0,2,8000.0,2,80.0,260.0,60.0,0.0,None,None,"3-Terminal Fingered FETs PMOS Pads are ordered (from bottom-to-top): S, D, G, S, D, G, S, D, G, S, D, G"
'4212',FINGERED FET,mod_fingered_w_sweep_nmos_nf_64_lc_0.26_lch_0.08_lov_0.06_gateasym_0.00_w_16.0,14700,10080.0,2,16000.0,64,80.0,260.0,60.0,0.0,None,None,"3-Terminal Fingered FETs NMOS Pads are ordered (from bottom-to-top): S, D, G, S, D, G, S, D, G, S, D, G"
'4213',FINGERED FET,mod_fingered_w_sweep_nmos_nf_32_lc_0.26_lch_0.08_lov_0.06_gateasym_0.00_w_16.0,14700,12240.0,2,16000.0,32,80.0,260.0,60.0,0.0,None,None,"3-Terminal Fingered FETs NMOS Pads are ordered (from bottom-to-top): S, D, G, S, D, G, S, D, G, S, D, G"
'4214',FINGERED FET,mod_fingered_w_sweep_nmos_nf_16_lc_0.26_lch_0.08_lov_0.06_gateasym_0.00_w_16.0,14700,14400.0,2,16000.0,16,80.0,260.0,60.0,0.0,None,None,"3-Terminal Fingered FETs NMOS Pads are ordered (from bottom-to-top): S, D, G, S, D, G, S, D, G, S, D, G"
'4215',FINGERED FET,mod_fingered_w_sweep_nmos_nf_8_lc_0.26_lch_0.08_lov_0.06_gateasym_0.00_w_16.0,14700,16560.0,2,16000.0,8,80.0,260.0,60.0,0.0,None,None,"3-Terminal Fingered FETs NMOS Pads are ordered (from bottom-to-top): S, D, G, S, D, G, S, D, G, S, D, G"
'4216',FINGERED FET,mod_fingered_w_sweep_nmos_nf_4_lc_0.26_lch_0.08_lov_0.06_gateasym_0.00_w_16.0,14700,18720.0,2,16000.0,4,80.0,260.0,60.0,0.0,None,None,"3-Terminal Fingered FETs NMOS Pads are ordered (from bottom-to-top): S, D, G, S, D, G, S, D, G, S, D, G"
'4217',FINGERED FET,mod_fingered_w_sweep_nmos_nf_2_lc_0.26_lch_0.08_lov_0.06_gateasym_0.00_w_16.0,14700,20880.0,2,16000.0,2,80.0,260.0,60.0,0.0,None,None,"3-Terminal Fingered FETs NMOS Pads are ordered (from bottom-to-top): S, D, G, S, D, G, S, D, G, S, D, G"
'4218',FINGERED FET,mod_fingered_w_sweep_pmos_nf_64_lc_0.26_lch_0.08_lov_0.06_gateasym_0.00_w_16.0,14750,10080.0,2,16000.0,64,80.0,260.0,60.0,0.0,None,None,"3-Terminal Fingered FETs PMOS Pads are ordered (from bottom-to-top): S, D, G, S, D, G, S, D, G, S, D, G"
'4219',FINGERED FET,mod_fingered_w_sweep_pmos_nf_32_lc_0.26_lch_0.08_lov_0.06_gateasym_0.00_w_16.0,14750,12240.0,2,16000.0,32,80.0,260.0,60.0,0.0,None,None,"3-Terminal Fingered FETs PMOS Pads are ordered (from bottom-to-top): S, D, G, S, D, G, S, D, G, S, D, G"
'4220',FINGERED FET,mod_fingered_w_sweep_pmos_nf_16_lc_0.26_lch_0.08_lov_0.06_gateasym_0.00_w_16.0,14750,14400.0,2,16000.0,16,80.0,260.0,60.0,0.0,None,None,"3-Terminal Fingered FETs PMOS Pads are ordered (from bottom-to-top): S, D, G, S, D, G, S, D, G, S, D, G"
'4221',FINGERED FET,mod_fingered_w_sweep_pmos_nf_8_lc_0.26_lch_0.08_lov_0.06_gateasym_0.00_w_16.0,14750,16560.0,2,16000.0,8,80.0,260.0,60.0,0.0,None,None,"3-Terminal Fingered FETs PMOS Pads are ordered (from bottom-to-top): S, D, G, S, D, G, S, D, G, S, D, G"
'4222',FINGERED FET,mod_fingered_w_sweep_pmos_nf_4_lc_0.26_lch_0.08_lov_0.06_gateasym_0.00_w_16.0,14750,18720.0,2,16000.0,4,80.0,260.0,60.0,0.0,None,None,"3-Terminal Fingered FETs PMOS Pads are ordered (from bottom-to-top): S, D, G, S, D, G, S, D, G, S, D, G"
'4223',FINGERED FET,mod_fingered_w_sweep_pmos_nf_2_lc_0.26_lch_0.08_lov_0.06_gateasym_0.00_w_16.0,14750,20880.0,2,16000.0,2,80.0,260.0,60.0,0.0,None,None,"3-Terminal Fingered FETs PMOS Pads are ordered (from bottom-to-top): S, D, G, S, D, G, S, D, G, S, D, G"
'4224',FINGERED FET,mod_fingered_w_sweep_nmos_nf_64_lc_0.24_lch_0.12_lov_0.06_gateasym_0.00_w_1.0,14850,10080.0,2,1000.0,64,120.0,240.0,60.0,0.0,None,None,"3-Terminal Fingered FETs NMOS Pads are ordered (from bottom-to-top): S, D, G, S, D, G, S, D, G, S, D, G"
'4225',FINGERED FET,mod_fingered_w_sweep_nmos_nf_32_lc_0.24_lch_0.12_lov_0.06_gateasym_0.00_w_1.0,14850,12240.0,2,1000.0,32,120.0,240.0,60.0,0.0,None,None,"3-Terminal Fingered FETs NMOS Pads are ordered (from bottom-to-top): S, D, G, S, D, G, S, D, G, S, D, G"
'4226',FINGERED FET,mod_fingered_w_sweep_nmos_nf_16_lc_0.24_lch_0.12_lov_0.06_gateasym_0.00_w_1.0,14850,14400.0,2,1000.0,16,120.0,240.0,60.0,0.0,None,None,"3-Terminal Fingered FETs NMOS Pads are ordered (from bottom-to-top): S, D, G, S, D, G, S, D, G, S, D, G"
'4227',FINGERED FET,mod_fingered_w_sweep_nmos_nf_8_lc_0.24_lch_0.12_lov_0.06_gateasym_0.00_w_1.0,14850,16560.0,2,1000.0,8,120.0,240.0,60.0,0.0,None,None,"3-Terminal Fingered FETs NMOS Pads are ordered (from bottom-to-top): S, D, G, S, D, G, S, D, G, S, D, G"
'4228',FINGERED FET,mod_fingered_w_sweep_nmos_nf_4_lc_0.24_lch_0.12_lov_0.06_gateasym_0.00_w_1.0,14850,18720.0,2,1000.0,4,120.0,240.0,60.0,0.0,None,None,"3-Terminal Fingered FETs NMOS Pads are ordered (from bottom-to-top): S, D, G, S, D, G, S, D, G, S, D, G"
'4229',FINGERED FET,mod_fingered_w_sweep_nmos_nf_2_lc_0.24_lch_0.12_lov_0.06_gateasym_0.00_w_1.0,14850,20880.0,2,1000.0,2,120.0,240.0,60.0,0.0,None,None,"3-Terminal Fingered FETs NMOS Pads are ordered (from bottom-to-top): S, D, G, S, D, G, S, D, G, S, D, G"
'4230',FINGERED FET,mod_fingered_w_sweep_pmos_nf_64_lc_0.24_lch_0.12_lov_0.06_gateasym_0.00_w_1.0,14900,10080.0,2,1000.0,64,120.0,240.0,60.0,0.0,None,None,"3-Terminal Fingered FETs PMOS Pads are ordered (from bottom-to-top): S, D, G, S, D, G, S, D, G, S, D, G"
'4231',FINGERED FET,mod_fingered_w_sweep_pmos_nf_32_lc_0.24_lch_0.12_lov_0.06_gateasym_0.00_w_1.0,14900,12240.0,2,1000.0,32,120.0,240.0,60.0,0.0,None,None,"3-Terminal Fingered FETs PMOS Pads are ordered (from bottom-to-top): S, D, G, S, D, G, S, D, G, S, D, G"
'4232',FINGERED FET,mod_fingered_w_sweep_pmos_nf_16_lc_0.24_lch_0.12_lov_0.06_gateasym_0.00_w_1.0,14900,14400.0,2,1000.0,16,120.0,240.0,60.0,0.0,None,None,"3-Terminal Fingered FETs PMOS Pads are ordered (from bottom-to-top): S, D, G, S, D, G, S, D, G, S, D, G"
'4233',FINGERED FET,mod_fingered_w_sweep_pmos_nf_8_lc_0.24_lch_0.12_lov_0.06_gateasym_0.00_w_1.0,14900,16560.0,2,1000.0,8,120.0,240.0,60.0,0.0,None,None,"3-Terminal Fingered FETs PMOS Pads are ordered (from bottom-to-top): S, D, G, S, D, G, S, D, G, S, D, G"
'4234',FINGERED FET,mod_fingered_w_sweep_pmos_nf_4_lc_0.24_lch_0.12_lov_0.06_gateasym_0.00_w_1.0,14900,18720.0,2,1000.0,4,120.0,240.0,60.0,0.0,None,None,"3-Terminal Fingered FETs PMOS Pads are ordered (from bottom-to-top): S, D, G, S, D, G, S, D, G, S, D, G"
'4235',FINGERED FET,mod_fingered_w_sweep_pmos_nf_2_lc_0.24_lch_0.12_lov_0.06_gateasym_0.00_w_1.0,14900,20880.0,2,1000.0,2,120.0,240.0,60.0,0.0,None,None,"3-Terminal Fingered FETs PMOS Pads are ordered (from bottom-to-top): S, D, G, S, D, G, S, D, G, S, D, G"
'4236',FINGERED FET,mod_fingered_w_sweep_nmos_nf_64_lc_0.24_lch_0.12_lov_0.06_gateasym_0.00_w_8.0,14950,10080.0,2,8000.0,64,120.0,240.0,60.0,0.0,None,None,"3-Terminal Fingered FETs NMOS Pads are ordered (from bottom-to-top): S, D, G, S, D, G, S, D, G, S, D, G"
'4237',FINGERED FET,mod_fingered_w_sweep_nmos_nf_32_lc_0.24_lch_0.12_lov_0.06_gateasym_0.00_w_8.0,14950,12240.0,2,8000.0,32,120.0,240.0,60.0,0.0,None,None,"3-Terminal Fingered FETs NMOS Pads are ordered (from bottom-to-top): S, D, G, S, D, G, S, D, G, S, D, G"
'4238',FINGERED FET,mod_fingered_w_sweep_nmos_nf_16_lc_0.24_lch_0.12_lov_0.06_gateasym_0.00_w_8.0,14950,14400.0,2,8000.0,16,120.0,240.0,60.0,0.0,None,None,"3-Terminal Fingered FETs NMOS Pads are ordered (from bottom-to-top): S, D, G, S, D, G, S, D, G, S, D, G"
'4239',FINGERED FET,mod_fingered_w_sweep_nmos_nf_8_lc_0.24_lch_0.12_lov_0.06_gateasym_0.00_w_8.0,14950,16560.0,2,8000.0,8,120.0,240.0,60.0,0.0,None,None,"3-Terminal Fingered FETs NMOS Pads are ordered (from bottom-to-top): S, D, G, S, D, G, S, D, G, S, D, G"
'4240',FINGERED FET,mod_fingered_w_sweep_nmos_nf_4_lc_0.24_lch_0.12_lov_0.06_gateasym_0.00_w_8.0,14950,18720.0,2,8000.0,4,120.0,240.0,60.0,0.0,None,None,"3-Terminal Fingered FETs NMOS Pads are ordered (from bottom-to-top): S, D, G, S, D, G, S, D, G, S, D, G"
'4241',FINGERED FET,mod_fingered_w_sweep_nmos_nf_2_lc_0.24_lch_0.12_lov_0.06_gateasym_0.00_w_8.0,14950,20880.0,2,8000.0,2,120.0,240.0,60.0,0.0,None,None,"3-Terminal Fingered FETs NMOS Pads are ordered (from bottom-to-top): S, D, G, S, D, G, S, D, G, S, D, G"
'4242',FINGERED FET,mod_fingered_w_sweep_pmos_nf_64_lc_0.24_lch_0.12_lov_0.06_gateasym_0.00_w_8.0,15000,10080.0,2,8000.0,64,120.0,240.0,60.0,0.0,None,None,"3-Terminal Fingered FETs PMOS Pads are ordered (from bottom-to-top): S, D, G, S, D, G, S, D, G, S, D, G"
'4243',FINGERED FET,mod_fingered_w_sweep_pmos_nf_32_lc_0.24_lch_0.12_lov_0.06_gateasym_0.00_w_8.0,15000,12240.0,2,8000.0,32,120.0,240.0,60.0,0.0,None,None,"3-Terminal Fingered FETs PMOS Pads are ordered (from bottom-to-top): S, D, G, S, D, G, S, D, G, S, D, G"
'4244',FINGERED FET,mod_fingered_w_sweep_pmos_nf_16_lc_0.24_lch_0.12_lov_0.06_gateasym_0.00_w_8.0,15000,14400.0,2,8000.0,16,120.0,240.0,60.0,0.0,None,None,"3-Terminal Fingered FETs PMOS Pads are ordered (from bottom-to-top): S, D, G, S, D, G, S, D, G, S, D, G"
'4245',FINGERED FET,mod_fingered_w_sweep_pmos_nf_8_lc_0.24_lch_0.12_lov_0.06_gateasym_0.00_w_8.0,15000,16560.0,2,8000.0,8,120.0,240.0,60.0,0.0,None,None,"3-Terminal Fingered FETs PMOS Pads are ordered (from bottom-to-top): S, D, G, S, D, G, S, D, G, S, D, G"
'4246',FINGERED FET,mod_fingered_w_sweep_pmos_nf_4_lc_0.24_lch_0.12_lov_0.06_gateasym_0.00_w_8.0,15000,18720.0,2,8000.0,4,120.0,240.0,60.0,0.0,None,None,"3-Terminal Fingered FETs PMOS Pads are ordered (from bottom-to-top): S, D, G, S, D, G, S, D, G, S, D, G"
'4247',FINGERED FET,mod_fingered_w_sweep_pmos_nf_2_lc_0.24_lch_0.12_lov_0.06_gateasym_0.00_w_8.0,15000,20880.0,2,8000.0,2,120.0,240.0,60.0,0.0,None,None,"3-Terminal Fingered FETs PMOS Pads are ordered (from bottom-to-top): S, D, G, S, D, G, S, D, G, S, D, G"
'4248',FINGERED FET,mod_fingered_w_sweep_nmos_nf_64_lc_0.24_lch_0.12_lov_0.06_gateasym_0.00_w_16.0,15050,10080.0,2,16000.0,64,120.0,240.0,60.0,0.0,None,None,"3-Terminal Fingered FETs NMOS Pads are ordered (from bottom-to-top): S, D, G, S, D, G, S, D, G, S, D, G"
'4249',FINGERED FET,mod_fingered_w_sweep_nmos_nf_32_lc_0.24_lch_0.12_lov_0.06_gateasym_0.00_w_16.0,15050,12240.0,2,16000.0,32,120.0,240.0,60.0,0.0,None,None,"3-Terminal Fingered FETs NMOS Pads are ordered (from bottom-to-top): S, D, G, S, D, G, S, D, G, S, D, G"
'4250',FINGERED FET,mod_fingered_w_sweep_nmos_nf_16_lc_0.24_lch_0.12_lov_0.06_gateasym_0.00_w_16.0,15050,14400.0,2,16000.0,16,120.0,240.0,60.0,0.0,None,None,"3-Terminal Fingered FETs NMOS Pads are ordered (from bottom-to-top): S, D, G, S, D, G, S, D, G, S, D, G"
'4251',FINGERED FET,mod_fingered_w_sweep_nmos_nf_8_lc_0.24_lch_0.12_lov_0.06_gateasym_0.00_w_16.0,15050,16560.0,2,16000.0,8,120.0,240.0,60.0,0.0,None,None,"3-Terminal Fingered FETs NMOS Pads are ordered (from bottom-to-top): S, D, G, S, D, G, S, D, G, S, D, G"
'4252',FINGERED FET,mod_fingered_w_sweep_nmos_nf_4_lc_0.24_lch_0.12_lov_0.06_gateasym_0.00_w_16.0,15050,18720.0,2,16000.0,4,120.0,240.0,60.0,0.0,None,None,"3-Terminal Fingered FETs NMOS Pads are ordered (from bottom-to-top): S, D, G, S, D, G, S, D, G, S, D, G"
'4253',FINGERED FET,mod_fingered_w_sweep_nmos_nf_2_lc_0.24_lch_0.12_lov_0.06_gateasym_0.00_w_16.0,15050,20880.0,2,16000.0,2,120.0,240.0,60.0,0.0,None,None,"3-Terminal Fingered FETs NMOS Pads are ordered (from bottom-to-top): S, D, G, S, D, G, S, D, G, S, D, G"
'4254',FINGERED FET,mod_fingered_w_sweep_pmos_nf_64_lc_0.24_lch_0.12_lov_0.06_gateasym_0.00_w_16.0,15100,10080.0,2,16000.0,64,120.0,240.0,60.0,0.0,None,None,"3-Terminal Fingered FETs PMOS Pads are ordered (from bottom-to-top): S, D, G, S, D, G, S, D, G, S, D, G"
'4255',FINGERED FET,mod_fingered_w_sweep_pmos_nf_32_lc_0.24_lch_0.12_lov_0.06_gateasym_0.00_w_16.0,15100,12240.0,2,16000.0,32,120.0,240.0,60.0,0.0,None,None,"3-Terminal Fingered FETs PMOS Pads are ordered (from bottom-to-top): S, D, G, S, D, G, S, D, G, S, D, G"
'4256',FINGERED FET,mod_fingered_w_sweep_pmos_nf_16_lc_0.24_lch_0.12_lov_0.06_gateasym_0.00_w_16.0,15100,14400.0,2,16000.0,16,120.0,240.0,60.0,0.0,None,None,"3-Terminal Fingered FETs PMOS Pads are ordered (from bottom-to-top): S, D, G, S, D, G, S, D, G, S, D, G"
'4257',FINGERED FET,mod_fingered_w_sweep_pmos_nf_8_lc_0.24_lch_0.12_lov_0.06_gateasym_0.00_w_16.0,15100,16560.0,2,16000.0,8,120.0,240.0,60.0,0.0,None,None,"3-Terminal Fingered FETs PMOS Pads are ordered (from bottom-to-top): S, D, G, S, D, G, S, D, G, S, D, G"
'4258',FINGERED FET,mod_fingered_w_sweep_pmos_nf_4_lc_0.24_lch_0.12_lov_0.06_gateasym_0.00_w_16.0,15100,18720.0,2,16000.0,4,120.0,240.0,60.0,0.0,None,None,"3-Terminal Fingered FETs PMOS Pads are ordered (from bottom-to-top): S, D, G, S, D, G, S, D, G, S, D, G"
'4259',FINGERED FET,mod_fingered_w_sweep_pmos_nf_2_lc_0.24_lch_0.12_lov_0.06_gateasym_0.00_w_16.0,15100,20880.0,2,16000.0,2,120.0,240.0,60.0,0.0,None,None,"3-Terminal Fingered FETs PMOS Pads are ordered (from bottom-to-top): S, D, G, S, D, G, S, D, G, S, D, G"
'4260',FINGERED FET,mod_fingered_w_sweep_nmos_nf_64_lc_0.24_lch_0.10_lov_0.06_gateasym_0.00_w_1.0,15200,10080.0,2,1000.0,64,100.0,240.0,60.0,0.0,None,None,"3-Terminal Fingered FETs NMOS Pads are ordered (from bottom-to-top): S, D, G, S, D, G, S, D, G, S, D, G"
'4261',FINGERED FET,mod_fingered_w_sweep_nmos_nf_32_lc_0.24_lch_0.10_lov_0.06_gateasym_0.00_w_1.0,15200,12240.0,2,1000.0,32,100.0,240.0,60.0,0.0,None,None,"3-Terminal Fingered FETs NMOS Pads are ordered (from bottom-to-top): S, D, G, S, D, G, S, D, G, S, D, G"
'4262',FINGERED FET,mod_fingered_w_sweep_nmos_nf_16_lc_0.24_lch_0.10_lov_0.06_gateasym_0.00_w_1.0,15200,14400.0,2,1000.0,16,100.0,240.0,60.0,0.0,None,None,"3-Terminal Fingered FETs NMOS Pads are ordered (from bottom-to-top): S, D, G, S, D, G, S, D, G, S, D, G"
'4263',FINGERED FET,mod_fingered_w_sweep_nmos_nf_8_lc_0.24_lch_0.10_lov_0.06_gateasym_0.00_w_1.0,15200,16560.0,2,1000.0,8,100.0,240.0,60.0,0.0,None,None,"3-Terminal Fingered FETs NMOS Pads are ordered (from bottom-to-top): S, D, G, S, D, G, S, D, G, S, D, G"
'4264',FINGERED FET,mod_fingered_w_sweep_nmos_nf_4_lc_0.24_lch_0.10_lov_0.06_gateasym_0.00_w_1.0,15200,18720.0,2,1000.0,4,100.0,240.0,60.0,0.0,None,None,"3-Terminal Fingered FETs NMOS Pads are ordered (from bottom-to-top): S, D, G, S, D, G, S, D, G, S, D, G"
'4265',FINGERED FET,mod_fingered_w_sweep_nmos_nf_2_lc_0.24_lch_0.10_lov_0.06_gateasym_0.00_w_1.0,15200,20880.0,2,1000.0,2,100.0,240.0,60.0,0.0,None,None,"3-Terminal Fingered FETs NMOS Pads are ordered (from bottom-to-top): S, D, G, S, D, G, S, D, G, S, D, G"
'4266',FINGERED FET,mod_fingered_w_sweep_pmos_nf_64_lc_0.24_lch_0.10_lov_0.06_gateasym_0.00_w_1.0,15250,10080.0,2,1000.0,64,100.0,240.0,60.0,0.0,None,None,"3-Terminal Fingered FETs PMOS Pads are ordered (from bottom-to-top): S, D, G, S, D, G, S, D, G, S, D, G"
'4267',FINGERED FET,mod_fingered_w_sweep_pmos_nf_32_lc_0.24_lch_0.10_lov_0.06_gateasym_0.00_w_1.0,15250,12240.0,2,1000.0,32,100.0,240.0,60.0,0.0,None,None,"3-Terminal Fingered FETs PMOS Pads are ordered (from bottom-to-top): S, D, G, S, D, G, S, D, G, S, D, G"
'4268',FINGERED FET,mod_fingered_w_sweep_pmos_nf_16_lc_0.24_lch_0.10_lov_0.06_gateasym_0.00_w_1.0,15250,14400.0,2,1000.0,16,100.0,240.0,60.0,0.0,None,None,"3-Terminal Fingered FETs PMOS Pads are ordered (from bottom-to-top): S, D, G, S, D, G, S, D, G, S, D, G"
'4269',FINGERED FET,mod_fingered_w_sweep_pmos_nf_8_lc_0.24_lch_0.10_lov_0.06_gateasym_0.00_w_1.0,15250,16560.0,2,1000.0,8,100.0,240.0,60.0,0.0,None,None,"3-Terminal Fingered FETs PMOS Pads are ordered (from bottom-to-top): S, D, G, S, D, G, S, D, G, S, D, G"
'4270',FINGERED FET,mod_fingered_w_sweep_pmos_nf_4_lc_0.24_lch_0.10_lov_0.06_gateasym_0.00_w_1.0,15250,18720.0,2,1000.0,4,100.0,240.0,60.0,0.0,None,None,"3-Terminal Fingered FETs PMOS Pads are ordered (from bottom-to-top): S, D, G, S, D, G, S, D, G, S, D, G"
'4271',FINGERED FET,mod_fingered_w_sweep_pmos_nf_2_lc_0.24_lch_0.10_lov_0.06_gateasym_0.00_w_1.0,15250,20880.0,2,1000.0,2,100.0,240.0,60.0,0.0,None,None,"3-Terminal Fingered FETs PMOS Pads are ordered (from bottom-to-top): S, D, G, S, D, G, S, D, G, S, D, G"
'4272',FINGERED FET,mod_fingered_w_sweep_nmos_nf_64_lc_0.24_lch_0.10_lov_0.06_gateasym_0.00_w_8.0,15300,10080.0,2,8000.0,64,100.0,240.0,60.0,0.0,None,None,"3-Terminal Fingered FETs NMOS Pads are ordered (from bottom-to-top): S, D, G, S, D, G, S, D, G, S, D, G"
'4273',FINGERED FET,mod_fingered_w_sweep_nmos_nf_32_lc_0.24_lch_0.10_lov_0.06_gateasym_0.00_w_8.0,15300,12240.0,2,8000.0,32,100.0,240.0,60.0,0.0,None,None,"3-Terminal Fingered FETs NMOS Pads are ordered (from bottom-to-top): S, D, G, S, D, G, S, D, G, S, D, G"
'4274',FINGERED FET,mod_fingered_w_sweep_nmos_nf_16_lc_0.24_lch_0.10_lov_0.06_gateasym_0.00_w_8.0,15300,14400.0,2,8000.0,16,100.0,240.0,60.0,0.0,None,None,"3-Terminal Fingered FETs NMOS Pads are ordered (from bottom-to-top): S, D, G, S, D, G, S, D, G, S, D, G"
'4275',FINGERED FET,mod_fingered_w_sweep_nmos_nf_8_lc_0.24_lch_0.10_lov_0.06_gateasym_0.00_w_8.0,15300,16560.0,2,8000.0,8,100.0,240.0,60.0,0.0,None,None,"3-Terminal Fingered FETs NMOS Pads are ordered (from bottom-to-top): S, D, G, S, D, G, S, D, G, S, D, G"
'4276',FINGERED FET,mod_fingered_w_sweep_nmos_nf_4_lc_0.24_lch_0.10_lov_0.06_gateasym_0.00_w_8.0,15300,18720.0,2,8000.0,4,100.0,240.0,60.0,0.0,None,None,"3-Terminal Fingered FETs NMOS Pads are ordered (from bottom-to-top): S, D, G, S, D, G, S, D, G, S, D, G"
'4277',FINGERED FET,mod_fingered_w_sweep_nmos_nf_2_lc_0.24_lch_0.10_lov_0.06_gateasym_0.00_w_8.0,15300,20880.0,2,8000.0,2,100.0,240.0,60.0,0.0,None,None,"3-Terminal Fingered FETs NMOS Pads are ordered (from bottom-to-top): S, D, G, S, D, G, S, D, G, S, D, G"
'4278',FINGERED FET,mod_fingered_w_sweep_pmos_nf_64_lc_0.24_lch_0.10_lov_0.06_gateasym_0.00_w_8.0,15350,10080.0,2,8000.0,64,100.0,240.0,60.0,0.0,None,None,"3-Terminal Fingered FETs PMOS Pads are ordered (from bottom-to-top): S, D, G, S, D, G, S, D, G, S, D, G"
'4279',FINGERED FET,mod_fingered_w_sweep_pmos_nf_32_lc_0.24_lch_0.10_lov_0.06_gateasym_0.00_w_8.0,15350,12240.0,2,8000.0,32,100.0,240.0,60.0,0.0,None,None,"3-Terminal Fingered FETs PMOS Pads are ordered (from bottom-to-top): S, D, G, S, D, G, S, D, G, S, D, G"
'4280',FINGERED FET,mod_fingered_w_sweep_pmos_nf_16_lc_0.24_lch_0.10_lov_0.06_gateasym_0.00_w_8.0,15350,14400.0,2,8000.0,16,100.0,240.0,60.0,0.0,None,None,"3-Terminal Fingered FETs PMOS Pads are ordered (from bottom-to-top): S, D, G, S, D, G, S, D, G, S, D, G"
'4281',FINGERED FET,mod_fingered_w_sweep_pmos_nf_8_lc_0.24_lch_0.10_lov_0.06_gateasym_0.00_w_8.0,15350,16560.0,2,8000.0,8,100.0,240.0,60.0,0.0,None,None,"3-Terminal Fingered FETs PMOS Pads are ordered (from bottom-to-top): S, D, G, S, D, G, S, D, G, S, D, G"
'4282',FINGERED FET,mod_fingered_w_sweep_pmos_nf_4_lc_0.24_lch_0.10_lov_0.06_gateasym_0.00_w_8.0,15350,18720.0,2,8000.0,4,100.0,240.0,60.0,0.0,None,None,"3-Terminal Fingered FETs PMOS Pads are ordered (from bottom-to-top): S, D, G, S, D, G, S, D, G, S, D, G"
'4283',FINGERED FET,mod_fingered_w_sweep_pmos_nf_2_lc_0.24_lch_0.10_lov_0.06_gateasym_0.00_w_8.0,15350,20880.0,2,8000.0,2,100.0,240.0,60.0,0.0,None,None,"3-Terminal Fingered FETs PMOS Pads are ordered (from bottom-to-top): S, D, G, S, D, G, S, D, G, S, D, G"
'4284',FINGERED FET,mod_fingered_w_sweep_nmos_nf_64_lc_0.24_lch_0.10_lov_0.06_gateasym_0.00_w_16.0,15400,10080.0,2,16000.0,64,100.0,240.0,60.0,0.0,None,None,"3-Terminal Fingered FETs NMOS Pads are ordered (from bottom-to-top): S, D, G, S, D, G, S, D, G, S, D, G"
'4285',FINGERED FET,mod_fingered_w_sweep_nmos_nf_32_lc_0.24_lch_0.10_lov_0.06_gateasym_0.00_w_16.0,15400,12240.0,2,16000.0,32,100.0,240.0,60.0,0.0,None,None,"3-Terminal Fingered FETs NMOS Pads are ordered (from bottom-to-top): S, D, G, S, D, G, S, D, G, S, D, G"
'4286',FINGERED FET,mod_fingered_w_sweep_nmos_nf_16_lc_0.24_lch_0.10_lov_0.06_gateasym_0.00_w_16.0,15400,14400.0,2,16000.0,16,100.0,240.0,60.0,0.0,None,None,"3-Terminal Fingered FETs NMOS Pads are ordered (from bottom-to-top): S, D, G, S, D, G, S, D, G, S, D, G"
'4287',FINGERED FET,mod_fingered_w_sweep_nmos_nf_8_lc_0.24_lch_0.10_lov_0.06_gateasym_0.00_w_16.0,15400,16560.0,2,16000.0,8,100.0,240.0,60.0,0.0,None,None,"3-Terminal Fingered FETs NMOS Pads are ordered (from bottom-to-top): S, D, G, S, D, G, S, D, G, S, D, G"
'4288',FINGERED FET,mod_fingered_w_sweep_nmos_nf_4_lc_0.24_lch_0.10_lov_0.06_gateasym_0.00_w_16.0,15400,18720.0,2,16000.0,4,100.0,240.0,60.0,0.0,None,None,"3-Terminal Fingered FETs NMOS Pads are ordered (from bottom-to-top): S, D, G, S, D, G, S, D, G, S, D, G"
'4289',FINGERED FET,mod_fingered_w_sweep_nmos_nf_2_lc_0.24_lch_0.10_lov_0.06_gateasym_0.00_w_16.0,15400,20880.0,2,16000.0,2,100.0,240.0,60.0,0.0,None,None,"3-Terminal Fingered FETs NMOS Pads are ordered (from bottom-to-top): S, D, G, S, D, G, S, D, G, S, D, G"
'4290',FINGERED FET,mod_fingered_w_sweep_pmos_nf_64_lc_0.24_lch_0.10_lov_0.06_gateasym_0.00_w_16.0,15450,10080.0,2,16000.0,64,100.0,240.0,60.0,0.0,None,None,"3-Terminal Fingered FETs PMOS Pads are ordered (from bottom-to-top): S, D, G, S, D, G, S, D, G, S, D, G"
'4291',FINGERED FET,mod_fingered_w_sweep_pmos_nf_32_lc_0.24_lch_0.10_lov_0.06_gateasym_0.00_w_16.0,15450,12240.0,2,16000.0,32,100.0,240.0,60.0,0.0,None,None,"3-Terminal Fingered FETs PMOS Pads are ordered (from bottom-to-top): S, D, G, S, D, G, S, D, G, S, D, G"
'4292',FINGERED FET,mod_fingered_w_sweep_pmos_nf_16_lc_0.24_lch_0.10_lov_0.06_gateasym_0.00_w_16.0,15450,14400.0,2,16000.0,16,100.0,240.0,60.0,0.0,None,None,"3-Terminal Fingered FETs PMOS Pads are ordered (from bottom-to-top): S, D, G, S, D, G, S, D, G, S, D, G"
'4293',FINGERED FET,mod_fingered_w_sweep_pmos_nf_8_lc_0.24_lch_0.10_lov_0.06_gateasym_0.00_w_16.0,15450,16560.0,2,16000.0,8,100.0,240.0,60.0,0.0,None,None,"3-Terminal Fingered FETs PMOS Pads are ordered (from bottom-to-top): S, D, G, S, D, G, S, D, G, S, D, G"
'4294',FINGERED FET,mod_fingered_w_sweep_pmos_nf_4_lc_0.24_lch_0.10_lov_0.06_gateasym_0.00_w_16.0,15450,18720.0,2,16000.0,4,100.0,240.0,60.0,0.0,None,None,"3-Terminal Fingered FETs PMOS Pads are ordered (from bottom-to-top): S, D, G, S, D, G, S, D, G, S, D, G"
'4295',FINGERED FET,mod_fingered_w_sweep_pmos_nf_2_lc_0.24_lch_0.10_lov_0.06_gateasym_0.00_w_16.0,15450,20880.0,2,16000.0,2,100.0,240.0,60.0,0.0,None,None,"3-Terminal Fingered FETs PMOS Pads are ordered (from bottom-to-top): S, D, G, S, D, G, S, D, G, S, D, G"
'4296',FINGERED FET,mod_fingered_w_sweep_nmos_nf_64_lc_0.24_lch_0.08_lov_0.06_gateasym_0.00_w_1.0,15550,10080.0,2,1000.0,64,80.0,240.0,60.0,0.0,None,None,"3-Terminal Fingered FETs NMOS Pads are ordered (from bottom-to-top): S, D, G, S, D, G, S, D, G, S, D, G"
'4297',FINGERED FET,mod_fingered_w_sweep_nmos_nf_32_lc_0.24_lch_0.08_lov_0.06_gateasym_0.00_w_1.0,15550,12240.0,2,1000.0,32,80.0,240.0,60.0,0.0,None,None,"3-Terminal Fingered FETs NMOS Pads are ordered (from bottom-to-top): S, D, G, S, D, G, S, D, G, S, D, G"
'4298',FINGERED FET,mod_fingered_w_sweep_nmos_nf_16_lc_0.24_lch_0.08_lov_0.06_gateasym_0.00_w_1.0,15550,14400.0,2,1000.0,16,80.0,240.0,60.0,0.0,None,None,"3-Terminal Fingered FETs NMOS Pads are ordered (from bottom-to-top): S, D, G, S, D, G, S, D, G, S, D, G"
'4299',FINGERED FET,mod_fingered_w_sweep_nmos_nf_8_lc_0.24_lch_0.08_lov_0.06_gateasym_0.00_w_1.0,15550,16560.0,2,1000.0,8,80.0,240.0,60.0,0.0,None,None,"3-Terminal Fingered FETs NMOS Pads are ordered (from bottom-to-top): S, D, G, S, D, G, S, D, G, S, D, G"
'4300',FINGERED FET,mod_fingered_w_sweep_nmos_nf_4_lc_0.24_lch_0.08_lov_0.06_gateasym_0.00_w_1.0,15550,18720.0,2,1000.0,4,80.0,240.0,60.0,0.0,None,None,"3-Terminal Fingered FETs NMOS Pads are ordered (from bottom-to-top): S, D, G, S, D, G, S, D, G, S, D, G"
'4301',FINGERED FET,mod_fingered_w_sweep_nmos_nf_2_lc_0.24_lch_0.08_lov_0.06_gateasym_0.00_w_1.0,15550,20880.0,2,1000.0,2,80.0,240.0,60.0,0.0,None,None,"3-Terminal Fingered FETs NMOS Pads are ordered (from bottom-to-top): S, D, G, S, D, G, S, D, G, S, D, G"
'4302',FINGERED FET,mod_fingered_w_sweep_pmos_nf_64_lc_0.24_lch_0.08_lov_0.06_gateasym_0.00_w_1.0,15600,10080.0,2,1000.0,64,80.0,240.0,60.0,0.0,None,None,"3-Terminal Fingered FETs PMOS Pads are ordered (from bottom-to-top): S, D, G, S, D, G, S, D, G, S, D, G"
'4303',FINGERED FET,mod_fingered_w_sweep_pmos_nf_32_lc_0.24_lch_0.08_lov_0.06_gateasym_0.00_w_1.0,15600,12240.0,2,1000.0,32,80.0,240.0,60.0,0.0,None,None,"3-Terminal Fingered FETs PMOS Pads are ordered (from bottom-to-top): S, D, G, S, D, G, S, D, G, S, D, G"
'4304',FINGERED FET,mod_fingered_w_sweep_pmos_nf_16_lc_0.24_lch_0.08_lov_0.06_gateasym_0.00_w_1.0,15600,14400.0,2,1000.0,16,80.0,240.0,60.0,0.0,None,None,"3-Terminal Fingered FETs PMOS Pads are ordered (from bottom-to-top): S, D, G, S, D, G, S, D, G, S, D, G"
'4305',FINGERED FET,mod_fingered_w_sweep_pmos_nf_8_lc_0.24_lch_0.08_lov_0.06_gateasym_0.00_w_1.0,15600,16560.0,2,1000.0,8,80.0,240.0,60.0,0.0,None,None,"3-Terminal Fingered FETs PMOS Pads are ordered (from bottom-to-top): S, D, G, S, D, G, S, D, G, S, D, G"
'4306',FINGERED FET,mod_fingered_w_sweep_pmos_nf_4_lc_0.24_lch_0.08_lov_0.06_gateasym_0.00_w_1.0,15600,18720.0,2,1000.0,4,80.0,240.0,60.0,0.0,None,None,"3-Terminal Fingered FETs PMOS Pads are ordered (from bottom-to-top): S, D, G, S, D, G, S, D, G, S, D, G"
'4307',FINGERED FET,mod_fingered_w_sweep_pmos_nf_2_lc_0.24_lch_0.08_lov_0.06_gateasym_0.00_w_1.0,15600,20880.0,2,1000.0,2,80.0,240.0,60.0,0.0,None,None,"3-Terminal Fingered FETs PMOS Pads are ordered (from bottom-to-top): S, D, G, S, D, G, S, D, G, S, D, G"
'4308',FINGERED FET,mod_fingered_w_sweep_nmos_nf_64_lc_0.24_lch_0.08_lov_0.06_gateasym_0.00_w_8.0,15650,10080.0,2,8000.0,64,80.0,240.0,60.0,0.0,None,None,"3-Terminal Fingered FETs NMOS Pads are ordered (from bottom-to-top): S, D, G, S, D, G, S, D, G, S, D, G"
'4309',FINGERED FET,mod_fingered_w_sweep_nmos_nf_32_lc_0.24_lch_0.08_lov_0.06_gateasym_0.00_w_8.0,15650,12240.0,2,8000.0,32,80.0,240.0,60.0,0.0,None,None,"3-Terminal Fingered FETs NMOS Pads are ordered (from bottom-to-top): S, D, G, S, D, G, S, D, G, S, D, G"
'4310',FINGERED FET,mod_fingered_w_sweep_nmos_nf_16_lc_0.24_lch_0.08_lov_0.06_gateasym_0.00_w_8.0,15650,14400.0,2,8000.0,16,80.0,240.0,60.0,0.0,None,None,"3-Terminal Fingered FETs NMOS Pads are ordered (from bottom-to-top): S, D, G, S, D, G, S, D, G, S, D, G"
'4311',FINGERED FET,mod_fingered_w_sweep_nmos_nf_8_lc_0.24_lch_0.08_lov_0.06_gateasym_0.00_w_8.0,15650,16560.0,2,8000.0,8,80.0,240.0,60.0,0.0,None,None,"3-Terminal Fingered FETs NMOS Pads are ordered (from bottom-to-top): S, D, G, S, D, G, S, D, G, S, D, G"
'4312',FINGERED FET,mod_fingered_w_sweep_nmos_nf_4_lc_0.24_lch_0.08_lov_0.06_gateasym_0.00_w_8.0,15650,18720.0,2,8000.0,4,80.0,240.0,60.0,0.0,None,None,"3-Terminal Fingered FETs NMOS Pads are ordered (from bottom-to-top): S, D, G, S, D, G, S, D, G, S, D, G"
'4313',FINGERED FET,mod_fingered_w_sweep_nmos_nf_2_lc_0.24_lch_0.08_lov_0.06_gateasym_0.00_w_8.0,15650,20880.0,2,8000.0,2,80.0,240.0,60.0,0.0,None,None,"3-Terminal Fingered FETs NMOS Pads are ordered (from bottom-to-top): S, D, G, S, D, G, S, D, G, S, D, G"
'4314',FINGERED FET,mod_fingered_w_sweep_pmos_nf_64_lc_0.24_lch_0.08_lov_0.06_gateasym_0.00_w_8.0,15700,10080.0,2,8000.0,64,80.0,240.0,60.0,0.0,None,None,"3-Terminal Fingered FETs PMOS Pads are ordered (from bottom-to-top): S, D, G, S, D, G, S, D, G, S, D, G"
'4315',FINGERED FET,mod_fingered_w_sweep_pmos_nf_32_lc_0.24_lch_0.08_lov_0.06_gateasym_0.00_w_8.0,15700,12240.0,2,8000.0,32,80.0,240.0,60.0,0.0,None,None,"3-Terminal Fingered FETs PMOS Pads are ordered (from bottom-to-top): S, D, G, S, D, G, S, D, G, S, D, G"
'4316',FINGERED FET,mod_fingered_w_sweep_pmos_nf_16_lc_0.24_lch_0.08_lov_0.06_gateasym_0.00_w_8.0,15700,14400.0,2,8000.0,16,80.0,240.0,60.0,0.0,None,None,"3-Terminal Fingered FETs PMOS Pads are ordered (from bottom-to-top): S, D, G, S, D, G, S, D, G, S, D, G"
'4317',FINGERED FET,mod_fingered_w_sweep_pmos_nf_8_lc_0.24_lch_0.08_lov_0.06_gateasym_0.00_w_8.0,15700,16560.0,2,8000.0,8,80.0,240.0,60.0,0.0,None,None,"3-Terminal Fingered FETs PMOS Pads are ordered (from bottom-to-top): S, D, G, S, D, G, S, D, G, S, D, G"
'4318',FINGERED FET,mod_fingered_w_sweep_pmos_nf_4_lc_0.24_lch_0.08_lov_0.06_gateasym_0.00_w_8.0,15700,18720.0,2,8000.0,4,80.0,240.0,60.0,0.0,None,None,"3-Terminal Fingered FETs PMOS Pads are ordered (from bottom-to-top): S, D, G, S, D, G, S, D, G, S, D, G"
'4319',FINGERED FET,mod_fingered_w_sweep_pmos_nf_2_lc_0.24_lch_0.08_lov_0.06_gateasym_0.00_w_8.0,15700,20880.0,2,8000.0,2,80.0,240.0,60.0,0.0,None,None,"3-Terminal Fingered FETs PMOS Pads are ordered (from bottom-to-top): S, D, G, S, D, G, S, D, G, S, D, G"
'4320',FINGERED FET,mod_fingered_w_sweep_nmos_nf_64_lc_0.24_lch_0.08_lov_0.06_gateasym_0.00_w_16.0,15750,10080.0,2,16000.0,64,80.0,240.0,60.0,0.0,None,None,"3-Terminal Fingered FETs NMOS Pads are ordered (from bottom-to-top): S, D, G, S, D, G, S, D, G, S, D, G"
'4321',FINGERED FET,mod_fingered_w_sweep_nmos_nf_32_lc_0.24_lch_0.08_lov_0.06_gateasym_0.00_w_16.0,15750,12240.0,2,16000.0,32,80.0,240.0,60.0,0.0,None,None,"3-Terminal Fingered FETs NMOS Pads are ordered (from bottom-to-top): S, D, G, S, D, G, S, D, G, S, D, G"
'4322',FINGERED FET,mod_fingered_w_sweep_nmos_nf_16_lc_0.24_lch_0.08_lov_0.06_gateasym_0.00_w_16.0,15750,14400.0,2,16000.0,16,80.0,240.0,60.0,0.0,None,None,"3-Terminal Fingered FETs NMOS Pads are ordered (from bottom-to-top): S, D, G, S, D, G, S, D, G, S, D, G"
'4323',FINGERED FET,mod_fingered_w_sweep_nmos_nf_8_lc_0.24_lch_0.08_lov_0.06_gateasym_0.00_w_16.0,15750,16560.0,2,16000.0,8,80.0,240.0,60.0,0.0,None,None,"3-Terminal Fingered FETs NMOS Pads are ordered (from bottom-to-top): S, D, G, S, D, G, S, D, G, S, D, G"
'4324',FINGERED FET,mod_fingered_w_sweep_nmos_nf_4_lc_0.24_lch_0.08_lov_0.06_gateasym_0.00_w_16.0,15750,18720.0,2,16000.0,4,80.0,240.0,60.0,0.0,None,None,"3-Terminal Fingered FETs NMOS Pads are ordered (from bottom-to-top): S, D, G, S, D, G, S, D, G, S, D, G"
'4325',FINGERED FET,mod_fingered_w_sweep_nmos_nf_2_lc_0.24_lch_0.08_lov_0.06_gateasym_0.00_w_16.0,15750,20880.0,2,16000.0,2,80.0,240.0,60.0,0.0,None,None,"3-Terminal Fingered FETs NMOS Pads are ordered (from bottom-to-top): S, D, G, S, D, G, S, D, G, S, D, G"
'4326',FINGERED FET,mod_fingered_w_sweep_pmos_nf_64_lc_0.24_lch_0.08_lov_0.06_gateasym_0.00_w_16.0,15800,10080.0,2,16000.0,64,80.0,240.0,60.0,0.0,None,None,"3-Terminal Fingered FETs PMOS Pads are ordered (from bottom-to-top): S, D, G, S, D, G, S, D, G, S, D, G"
'4327',FINGERED FET,mod_fingered_w_sweep_pmos_nf_32_lc_0.24_lch_0.08_lov_0.06_gateasym_0.00_w_16.0,15800,12240.0,2,16000.0,32,80.0,240.0,60.0,0.0,None,None,"3-Terminal Fingered FETs PMOS Pads are ordered (from bottom-to-top): S, D, G, S, D, G, S, D, G, S, D, G"
'4328',FINGERED FET,mod_fingered_w_sweep_pmos_nf_16_lc_0.24_lch_0.08_lov_0.06_gateasym_0.00_w_16.0,15800,14400.0,2,16000.0,16,80.0,240.0,60.0,0.0,None,None,"3-Terminal Fingered FETs PMOS Pads are ordered (from bottom-to-top): S, D, G, S, D, G, S, D, G, S, D, G"
'4329',FINGERED FET,mod_fingered_w_sweep_pmos_nf_8_lc_0.24_lch_0.08_lov_0.06_gateasym_0.00_w_16.0,15800,16560.0,2,16000.0,8,80.0,240.0,60.0,0.0,None,None,"3-Terminal Fingered FETs PMOS Pads are ordered (from bottom-to-top): S, D, G, S, D, G, S, D, G, S, D, G"
'4330',FINGERED FET,mod_fingered_w_sweep_pmos_nf_4_lc_0.24_lch_0.08_lov_0.06_gateasym_0.00_w_16.0,15800,18720.0,2,16000.0,4,80.0,240.0,60.0,0.0,None,None,"3-Terminal Fingered FETs PMOS Pads are ordered (from bottom-to-top): S, D, G, S, D, G, S, D, G, S, D, G"
'4331',FINGERED FET,mod_fingered_w_sweep_pmos_nf_2_lc_0.24_lch_0.08_lov_0.06_gateasym_0.00_w_16.0,15800,20880.0,2,16000.0,2,80.0,240.0,60.0,0.0,None,None,"3-Terminal Fingered FETs PMOS Pads are ordered (from bottom-to-top): S, D, G, S, D, G, S, D, G, S, D, G"
'4332',FINGERED FET,mod_fingered_w_sweep_nmos_nf_64_lc_0.20_lch_0.12_lov_0.05_gateasym_0.00_w_1.0,15900,10080.0,2,1000.0,64,120.0,200.0,50.0,0.0,None,None,"3-Terminal Fingered FETs NMOS Pads are ordered (from bottom-to-top): S, D, G, S, D, G, S, D, G, S, D, G"
'4333',FINGERED FET,mod_fingered_w_sweep_nmos_nf_32_lc_0.20_lch_0.12_lov_0.05_gateasym_0.00_w_1.0,15900,12240.0,2,1000.0,32,120.0,200.0,50.0,0.0,None,None,"3-Terminal Fingered FETs NMOS Pads are ordered (from bottom-to-top): S, D, G, S, D, G, S, D, G, S, D, G"
'4334',FINGERED FET,mod_fingered_w_sweep_nmos_nf_16_lc_0.20_lch_0.12_lov_0.05_gateasym_0.00_w_1.0,15900,14400.0,2,1000.0,16,120.0,200.0,50.0,0.0,None,None,"3-Terminal Fingered FETs NMOS Pads are ordered (from bottom-to-top): S, D, G, S, D, G, S, D, G, S, D, G"
'4335',FINGERED FET,mod_fingered_w_sweep_nmos_nf_8_lc_0.20_lch_0.12_lov_0.05_gateasym_0.00_w_1.0,15900,16560.0,2,1000.0,8,120.0,200.0,50.0,0.0,None,None,"3-Terminal Fingered FETs NMOS Pads are ordered (from bottom-to-top): S, D, G, S, D, G, S, D, G, S, D, G"
'4336',FINGERED FET,mod_fingered_w_sweep_nmos_nf_4_lc_0.20_lch_0.12_lov_0.05_gateasym_0.00_w_1.0,15900,18720.0,2,1000.0,4,120.0,200.0,50.0,0.0,None,None,"3-Terminal Fingered FETs NMOS Pads are ordered (from bottom-to-top): S, D, G, S, D, G, S, D, G, S, D, G"
'4337',FINGERED FET,mod_fingered_w_sweep_nmos_nf_2_lc_0.20_lch_0.12_lov_0.05_gateasym_0.00_w_1.0,15900,20880.0,2,1000.0,2,120.0,200.0,50.0,0.0,None,None,"3-Terminal Fingered FETs NMOS Pads are ordered (from bottom-to-top): S, D, G, S, D, G, S, D, G, S, D, G"
'4338',FINGERED FET,mod_fingered_w_sweep_pmos_nf_64_lc_0.20_lch_0.12_lov_0.05_gateasym_0.00_w_1.0,15950,10080.0,2,1000.0,64,120.0,200.0,50.0,0.0,None,None,"3-Terminal Fingered FETs PMOS Pads are ordered (from bottom-to-top): S, D, G, S, D, G, S, D, G, S, D, G"
'4339',FINGERED FET,mod_fingered_w_sweep_pmos_nf_32_lc_0.20_lch_0.12_lov_0.05_gateasym_0.00_w_1.0,15950,12240.0,2,1000.0,32,120.0,200.0,50.0,0.0,None,None,"3-Terminal Fingered FETs PMOS Pads are ordered (from bottom-to-top): S, D, G, S, D, G, S, D, G, S, D, G"
'4340',FINGERED FET,mod_fingered_w_sweep_pmos_nf_16_lc_0.20_lch_0.12_lov_0.05_gateasym_0.00_w_1.0,15950,14400.0,2,1000.0,16,120.0,200.0,50.0,0.0,None,None,"3-Terminal Fingered FETs PMOS Pads are ordered (from bottom-to-top): S, D, G, S, D, G, S, D, G, S, D, G"
'4341',FINGERED FET,mod_fingered_w_sweep_pmos_nf_8_lc_0.20_lch_0.12_lov_0.05_gateasym_0.00_w_1.0,15950,16560.0,2,1000.0,8,120.0,200.0,50.0,0.0,None,None,"3-Terminal Fingered FETs PMOS Pads are ordered (from bottom-to-top): S, D, G, S, D, G, S, D, G, S, D, G"
'4342',FINGERED FET,mod_fingered_w_sweep_pmos_nf_4_lc_0.20_lch_0.12_lov_0.05_gateasym_0.00_w_1.0,15950,18720.0,2,1000.0,4,120.0,200.0,50.0,0.0,None,None,"3-Terminal Fingered FETs PMOS Pads are ordered (from bottom-to-top): S, D, G, S, D, G, S, D, G, S, D, G"
'4343',FINGERED FET,mod_fingered_w_sweep_pmos_nf_2_lc_0.20_lch_0.12_lov_0.05_gateasym_0.00_w_1.0,15950,20880.0,2,1000.0,2,120.0,200.0,50.0,0.0,None,None,"3-Terminal Fingered FETs PMOS Pads are ordered (from bottom-to-top): S, D, G, S, D, G, S, D, G, S, D, G"
'4344',FINGERED FET,mod_fingered_w_sweep_nmos_nf_64_lc_0.20_lch_0.12_lov_0.05_gateasym_0.00_w_8.0,16000,10080.0,2,8000.0,64,120.0,200.0,50.0,0.0,None,None,"3-Terminal Fingered FETs NMOS Pads are ordered (from bottom-to-top): S, D, G, S, D, G, S, D, G, S, D, G"
'4345',FINGERED FET,mod_fingered_w_sweep_nmos_nf_32_lc_0.20_lch_0.12_lov_0.05_gateasym_0.00_w_8.0,16000,12240.0,2,8000.0,32,120.0,200.0,50.0,0.0,None,None,"3-Terminal Fingered FETs NMOS Pads are ordered (from bottom-to-top): S, D, G, S, D, G, S, D, G, S, D, G"
'4346',FINGERED FET,mod_fingered_w_sweep_nmos_nf_16_lc_0.20_lch_0.12_lov_0.05_gateasym_0.00_w_8.0,16000,14400.0,2,8000.0,16,120.0,200.0,50.0,0.0,None,None,"3-Terminal Fingered FETs NMOS Pads are ordered (from bottom-to-top): S, D, G, S, D, G, S, D, G, S, D, G"
'4347',FINGERED FET,mod_fingered_w_sweep_nmos_nf_8_lc_0.20_lch_0.12_lov_0.05_gateasym_0.00_w_8.0,16000,16560.0,2,8000.0,8,120.0,200.0,50.0,0.0,None,None,"3-Terminal Fingered FETs NMOS Pads are ordered (from bottom-to-top): S, D, G, S, D, G, S, D, G, S, D, G"
'4348',FINGERED FET,mod_fingered_w_sweep_nmos_nf_4_lc_0.20_lch_0.12_lov_0.05_gateasym_0.00_w_8.0,16000,18720.0,2,8000.0,4,120.0,200.0,50.0,0.0,None,None,"3-Terminal Fingered FETs NMOS Pads are ordered (from bottom-to-top): S, D, G, S, D, G, S, D, G, S, D, G"
'4349',FINGERED FET,mod_fingered_w_sweep_nmos_nf_2_lc_0.20_lch_0.12_lov_0.05_gateasym_0.00_w_8.0,16000,20880.0,2,8000.0,2,120.0,200.0,50.0,0.0,None,None,"3-Terminal Fingered FETs NMOS Pads are ordered (from bottom-to-top): S, D, G, S, D, G, S, D, G, S, D, G"
'4350',FINGERED FET,mod_fingered_w_sweep_pmos_nf_64_lc_0.20_lch_0.12_lov_0.05_gateasym_0.00_w_8.0,16050,10080.0,2,8000.0,64,120.0,200.0,50.0,0.0,None,None,"3-Terminal Fingered FETs PMOS Pads are ordered (from bottom-to-top): S, D, G, S, D, G, S, D, G, S, D, G"
'4351',FINGERED FET,mod_fingered_w_sweep_pmos_nf_32_lc_0.20_lch_0.12_lov_0.05_gateasym_0.00_w_8.0,16050,12240.0,2,8000.0,32,120.0,200.0,50.0,0.0,None,None,"3-Terminal Fingered FETs PMOS Pads are ordered (from bottom-to-top): S, D, G, S, D, G, S, D, G, S, D, G"
'4352',FINGERED FET,mod_fingered_w_sweep_pmos_nf_16_lc_0.20_lch_0.12_lov_0.05_gateasym_0.00_w_8.0,16050,14400.0,2,8000.0,16,120.0,200.0,50.0,0.0,None,None,"3-Terminal Fingered FETs PMOS Pads are ordered (from bottom-to-top): S, D, G, S, D, G, S, D, G, S, D, G"
'4353',FINGERED FET,mod_fingered_w_sweep_pmos_nf_8_lc_0.20_lch_0.12_lov_0.05_gateasym_0.00_w_8.0,16050,16560.0,2,8000.0,8,120.0,200.0,50.0,0.0,None,None,"3-Terminal Fingered FETs PMOS Pads are ordered (from bottom-to-top): S, D, G, S, D, G, S, D, G, S, D, G"
'4354',FINGERED FET,mod_fingered_w_sweep_pmos_nf_4_lc_0.20_lch_0.12_lov_0.05_gateasym_0.00_w_8.0,16050,18720.0,2,8000.0,4,120.0,200.0,50.0,0.0,None,None,"3-Terminal Fingered FETs PMOS Pads are ordered (from bottom-to-top): S, D, G, S, D, G, S, D, G, S, D, G"
'4355',FINGERED FET,mod_fingered_w_sweep_pmos_nf_2_lc_0.20_lch_0.12_lov_0.05_gateasym_0.00_w_8.0,16050,20880.0,2,8000.0,2,120.0,200.0,50.0,0.0,None,None,"3-Terminal Fingered FETs PMOS Pads are ordered (from bottom-to-top): S, D, G, S, D, G, S, D, G, S, D, G"
'4356',FINGERED FET,mod_fingered_w_sweep_nmos_nf_64_lc_0.20_lch_0.12_lov_0.05_gateasym_0.00_w_16.0,16100,10080.0,2,16000.0,64,120.0,200.0,50.0,0.0,None,None,"3-Terminal Fingered FETs NMOS Pads are ordered (from bottom-to-top): S, D, G, S, D, G, S, D, G, S, D, G"
'4357',FINGERED FET,mod_fingered_w_sweep_nmos_nf_32_lc_0.20_lch_0.12_lov_0.05_gateasym_0.00_w_16.0,16100,12240.0,2,16000.0,32,120.0,200.0,50.0,0.0,None,None,"3-Terminal Fingered FETs NMOS Pads are ordered (from bottom-to-top): S, D, G, S, D, G, S, D, G, S, D, G"
'4358',FINGERED FET,mod_fingered_w_sweep_nmos_nf_16_lc_0.20_lch_0.12_lov_0.05_gateasym_0.00_w_16.0,16100,14400.0,2,16000.0,16,120.0,200.0,50.0,0.0,None,None,"3-Terminal Fingered FETs NMOS Pads are ordered (from bottom-to-top): S, D, G, S, D, G, S, D, G, S, D, G"
'4359',FINGERED FET,mod_fingered_w_sweep_nmos_nf_8_lc_0.20_lch_0.12_lov_0.05_gateasym_0.00_w_16.0,16100,16560.0,2,16000.0,8,120.0,200.0,50.0,0.0,None,None,"3-Terminal Fingered FETs NMOS Pads are ordered (from bottom-to-top): S, D, G, S, D, G, S, D, G, S, D, G"
'4360',FINGERED FET,mod_fingered_w_sweep_nmos_nf_4_lc_0.20_lch_0.12_lov_0.05_gateasym_0.00_w_16.0,16100,18720.0,2,16000.0,4,120.0,200.0,50.0,0.0,None,None,"3-Terminal Fingered FETs NMOS Pads are ordered (from bottom-to-top): S, D, G, S, D, G, S, D, G, S, D, G"
'4361',FINGERED FET,mod_fingered_w_sweep_nmos_nf_2_lc_0.20_lch_0.12_lov_0.05_gateasym_0.00_w_16.0,16100,20880.0,2,16000.0,2,120.0,200.0,50.0,0.0,None,None,"3-Terminal Fingered FETs NMOS Pads are ordered (from bottom-to-top): S, D, G, S, D, G, S, D, G, S, D, G"
'4362',FINGERED FET,mod_fingered_w_sweep_pmos_nf_64_lc_0.20_lch_0.12_lov_0.05_gateasym_0.00_w_16.0,16150,10080.0,2,16000.0,64,120.0,200.0,50.0,0.0,None,None,"3-Terminal Fingered FETs PMOS Pads are ordered (from bottom-to-top): S, D, G, S, D, G, S, D, G, S, D, G"
'4363',FINGERED FET,mod_fingered_w_sweep_pmos_nf_32_lc_0.20_lch_0.12_lov_0.05_gateasym_0.00_w_16.0,16150,12240.0,2,16000.0,32,120.0,200.0,50.0,0.0,None,None,"3-Terminal Fingered FETs PMOS Pads are ordered (from bottom-to-top): S, D, G, S, D, G, S, D, G, S, D, G"
'4364',FINGERED FET,mod_fingered_w_sweep_pmos_nf_16_lc_0.20_lch_0.12_lov_0.05_gateasym_0.00_w_16.0,16150,14400.0,2,16000.0,16,120.0,200.0,50.0,0.0,None,None,"3-Terminal Fingered FETs PMOS Pads are ordered (from bottom-to-top): S, D, G, S, D, G, S, D, G, S, D, G"
'4365',FINGERED FET,mod_fingered_w_sweep_pmos_nf_8_lc_0.20_lch_0.12_lov_0.05_gateasym_0.00_w_16.0,16150,16560.0,2,16000.0,8,120.0,200.0,50.0,0.0,None,None,"3-Terminal Fingered FETs PMOS Pads are ordered (from bottom-to-top): S, D, G, S, D, G, S, D, G, S, D, G"
'4366',FINGERED FET,mod_fingered_w_sweep_pmos_nf_4_lc_0.20_lch_0.12_lov_0.05_gateasym_0.00_w_16.0,16150,18720.0,2,16000.0,4,120.0,200.0,50.0,0.0,None,None,"3-Terminal Fingered FETs PMOS Pads are ordered (from bottom-to-top): S, D, G, S, D, G, S, D, G, S, D, G"
'4367',FINGERED FET,mod_fingered_w_sweep_pmos_nf_2_lc_0.20_lch_0.12_lov_0.05_gateasym_0.00_w_16.0,16150,20880.0,2,16000.0,2,120.0,200.0,50.0,0.0,None,None,"3-Terminal Fingered FETs PMOS Pads are ordered (from bottom-to-top): S, D, G, S, D, G, S, D, G, S, D, G"
'4368',FINGERED FET,mod_fingered_w_sweep_nmos_nf_64_lc_0.20_lch_0.10_lov_0.05_gateasym_0.00_w_1.0,16250,10080.0,2,1000.0,64,100.0,200.0,50.0,0.0,None,None,"3-Terminal Fingered FETs NMOS Pads are ordered (from bottom-to-top): S, D, G, S, D, G, S, D, G, S, D, G"
'4369',FINGERED FET,mod_fingered_w_sweep_nmos_nf_32_lc_0.20_lch_0.10_lov_0.05_gateasym_0.00_w_1.0,16250,12240.0,2,1000.0,32,100.0,200.0,50.0,0.0,None,None,"3-Terminal Fingered FETs NMOS Pads are ordered (from bottom-to-top): S, D, G, S, D, G, S, D, G, S, D, G"
'4370',FINGERED FET,mod_fingered_w_sweep_nmos_nf_16_lc_0.20_lch_0.10_lov_0.05_gateasym_0.00_w_1.0,16250,14400.0,2,1000.0,16,100.0,200.0,50.0,0.0,None,None,"3-Terminal Fingered FETs NMOS Pads are ordered (from bottom-to-top): S, D, G, S, D, G, S, D, G, S, D, G"
'4371',FINGERED FET,mod_fingered_w_sweep_nmos_nf_8_lc_0.20_lch_0.10_lov_0.05_gateasym_0.00_w_1.0,16250,16560.0,2,1000.0,8,100.0,200.0,50.0,0.0,None,None,"3-Terminal Fingered FETs NMOS Pads are ordered (from bottom-to-top): S, D, G, S, D, G, S, D, G, S, D, G"
'4372',FINGERED FET,mod_fingered_w_sweep_nmos_nf_4_lc_0.20_lch_0.10_lov_0.05_gateasym_0.00_w_1.0,16250,18720.0,2,1000.0,4,100.0,200.0,50.0,0.0,None,None,"3-Terminal Fingered FETs NMOS Pads are ordered (from bottom-to-top): S, D, G, S, D, G, S, D, G, S, D, G"
'4373',FINGERED FET,mod_fingered_w_sweep_nmos_nf_2_lc_0.20_lch_0.10_lov_0.05_gateasym_0.00_w_1.0,16250,20880.0,2,1000.0,2,100.0,200.0,50.0,0.0,None,None,"3-Terminal Fingered FETs NMOS Pads are ordered (from bottom-to-top): S, D, G, S, D, G, S, D, G, S, D, G"
'4374',FINGERED FET,mod_fingered_w_sweep_pmos_nf_64_lc_0.20_lch_0.10_lov_0.05_gateasym_0.00_w_1.0,16300,10080.0,2,1000.0,64,100.0,200.0,50.0,0.0,None,None,"3-Terminal Fingered FETs PMOS Pads are ordered (from bottom-to-top): S, D, G, S, D, G, S, D, G, S, D, G"
'4375',FINGERED FET,mod_fingered_w_sweep_pmos_nf_32_lc_0.20_lch_0.10_lov_0.05_gateasym_0.00_w_1.0,16300,12240.0,2,1000.0,32,100.0,200.0,50.0,0.0,None,None,"3-Terminal Fingered FETs PMOS Pads are ordered (from bottom-to-top): S, D, G, S, D, G, S, D, G, S, D, G"
'4376',FINGERED FET,mod_fingered_w_sweep_pmos_nf_16_lc_0.20_lch_0.10_lov_0.05_gateasym_0.00_w_1.0,16300,14400.0,2,1000.0,16,100.0,200.0,50.0,0.0,None,None,"3-Terminal Fingered FETs PMOS Pads are ordered (from bottom-to-top): S, D, G, S, D, G, S, D, G, S, D, G"
'4377',FINGERED FET,mod_fingered_w_sweep_pmos_nf_8_lc_0.20_lch_0.10_lov_0.05_gateasym_0.00_w_1.0,16300,16560.0,2,1000.0,8,100.0,200.0,50.0,0.0,None,None,"3-Terminal Fingered FETs PMOS Pads are ordered (from bottom-to-top): S, D, G, S, D, G, S, D, G, S, D, G"
'4378',FINGERED FET,mod_fingered_w_sweep_pmos_nf_4_lc_0.20_lch_0.10_lov_0.05_gateasym_0.00_w_1.0,16300,18720.0,2,1000.0,4,100.0,200.0,50.0,0.0,None,None,"3-Terminal Fingered FETs PMOS Pads are ordered (from bottom-to-top): S, D, G, S, D, G, S, D, G, S, D, G"
'4379',FINGERED FET,mod_fingered_w_sweep_pmos_nf_2_lc_0.20_lch_0.10_lov_0.05_gateasym_0.00_w_1.0,16300,20880.0,2,1000.0,2,100.0,200.0,50.0,0.0,None,None,"3-Terminal Fingered FETs PMOS Pads are ordered (from bottom-to-top): S, D, G, S, D, G, S, D, G, S, D, G"
'4380',FINGERED FET,mod_fingered_w_sweep_nmos_nf_64_lc_0.20_lch_0.10_lov_0.05_gateasym_0.00_w_8.0,16350,10080.0,2,8000.0,64,100.0,200.0,50.0,0.0,None,None,"3-Terminal Fingered FETs NMOS Pads are ordered (from bottom-to-top): S, D, G, S, D, G, S, D, G, S, D, G"
'4381',FINGERED FET,mod_fingered_w_sweep_nmos_nf_32_lc_0.20_lch_0.10_lov_0.05_gateasym_0.00_w_8.0,16350,12240.0,2,8000.0,32,100.0,200.0,50.0,0.0,None,None,"3-Terminal Fingered FETs NMOS Pads are ordered (from bottom-to-top): S, D, G, S, D, G, S, D, G, S, D, G"
'4382',FINGERED FET,mod_fingered_w_sweep_nmos_nf_16_lc_0.20_lch_0.10_lov_0.05_gateasym_0.00_w_8.0,16350,14400.0,2,8000.0,16,100.0,200.0,50.0,0.0,None,None,"3-Terminal Fingered FETs NMOS Pads are ordered (from bottom-to-top): S, D, G, S, D, G, S, D, G, S, D, G"
'4383',FINGERED FET,mod_fingered_w_sweep_nmos_nf_8_lc_0.20_lch_0.10_lov_0.05_gateasym_0.00_w_8.0,16350,16560.0,2,8000.0,8,100.0,200.0,50.0,0.0,None,None,"3-Terminal Fingered FETs NMOS Pads are ordered (from bottom-to-top): S, D, G, S, D, G, S, D, G, S, D, G"
'4384',FINGERED FET,mod_fingered_w_sweep_nmos_nf_4_lc_0.20_lch_0.10_lov_0.05_gateasym_0.00_w_8.0,16350,18720.0,2,8000.0,4,100.0,200.0,50.0,0.0,None,None,"3-Terminal Fingered FETs NMOS Pads are ordered (from bottom-to-top): S, D, G, S, D, G, S, D, G, S, D, G"
'4385',FINGERED FET,mod_fingered_w_sweep_nmos_nf_2_lc_0.20_lch_0.10_lov_0.05_gateasym_0.00_w_8.0,16350,20880.0,2,8000.0,2,100.0,200.0,50.0,0.0,None,None,"3-Terminal Fingered FETs NMOS Pads are ordered (from bottom-to-top): S, D, G, S, D, G, S, D, G, S, D, G"
'4386',FINGERED FET,mod_fingered_w_sweep_pmos_nf_64_lc_0.20_lch_0.10_lov_0.05_gateasym_0.00_w_8.0,16400,10080.0,2,8000.0,64,100.0,200.0,50.0,0.0,None,None,"3-Terminal Fingered FETs PMOS Pads are ordered (from bottom-to-top): S, D, G, S, D, G, S, D, G, S, D, G"
'4387',FINGERED FET,mod_fingered_w_sweep_pmos_nf_32_lc_0.20_lch_0.10_lov_0.05_gateasym_0.00_w_8.0,16400,12240.0,2,8000.0,32,100.0,200.0,50.0,0.0,None,None,"3-Terminal Fingered FETs PMOS Pads are ordered (from bottom-to-top): S, D, G, S, D, G, S, D, G, S, D, G"
'4388',FINGERED FET,mod_fingered_w_sweep_pmos_nf_16_lc_0.20_lch_0.10_lov_0.05_gateasym_0.00_w_8.0,16400,14400.0,2,8000.0,16,100.0,200.0,50.0,0.0,None,None,"3-Terminal Fingered FETs PMOS Pads are ordered (from bottom-to-top): S, D, G, S, D, G, S, D, G, S, D, G"
'4389',FINGERED FET,mod_fingered_w_sweep_pmos_nf_8_lc_0.20_lch_0.10_lov_0.05_gateasym_0.00_w_8.0,16400,16560.0,2,8000.0,8,100.0,200.0,50.0,0.0,None,None,"3-Terminal Fingered FETs PMOS Pads are ordered (from bottom-to-top): S, D, G, S, D, G, S, D, G, S, D, G"
'4390',FINGERED FET,mod_fingered_w_sweep_pmos_nf_4_lc_0.20_lch_0.10_lov_0.05_gateasym_0.00_w_8.0,16400,18720.0,2,8000.0,4,100.0,200.0,50.0,0.0,None,None,"3-Terminal Fingered FETs PMOS Pads are ordered (from bottom-to-top): S, D, G, S, D, G, S, D, G, S, D, G"
'4391',FINGERED FET,mod_fingered_w_sweep_pmos_nf_2_lc_0.20_lch_0.10_lov_0.05_gateasym_0.00_w_8.0,16400,20880.0,2,8000.0,2,100.0,200.0,50.0,0.0,None,None,"3-Terminal Fingered FETs PMOS Pads are ordered (from bottom-to-top): S, D, G, S, D, G, S, D, G, S, D, G"
'4392',FINGERED FET,mod_fingered_w_sweep_nmos_nf_64_lc_0.20_lch_0.10_lov_0.05_gateasym_0.00_w_16.0,16450,10080.0,2,16000.0,64,100.0,200.0,50.0,0.0,None,None,"3-Terminal Fingered FETs NMOS Pads are ordered (from bottom-to-top): S, D, G, S, D, G, S, D, G, S, D, G"
'4393',FINGERED FET,mod_fingered_w_sweep_nmos_nf_32_lc_0.20_lch_0.10_lov_0.05_gateasym_0.00_w_16.0,16450,12240.0,2,16000.0,32,100.0,200.0,50.0,0.0,None,None,"3-Terminal Fingered FETs NMOS Pads are ordered (from bottom-to-top): S, D, G, S, D, G, S, D, G, S, D, G"
'4394',FINGERED FET,mod_fingered_w_sweep_nmos_nf_16_lc_0.20_lch_0.10_lov_0.05_gateasym_0.00_w_16.0,16450,14400.0,2,16000.0,16,100.0,200.0,50.0,0.0,None,None,"3-Terminal Fingered FETs NMOS Pads are ordered (from bottom-to-top): S, D, G, S, D, G, S, D, G, S, D, G"
'4395',FINGERED FET,mod_fingered_w_sweep_nmos_nf_8_lc_0.20_lch_0.10_lov_0.05_gateasym_0.00_w_16.0,16450,16560.0,2,16000.0,8,100.0,200.0,50.0,0.0,None,None,"3-Terminal Fingered FETs NMOS Pads are ordered (from bottom-to-top): S, D, G, S, D, G, S, D, G, S, D, G"
'4396',FINGERED FET,mod_fingered_w_sweep_nmos_nf_4_lc_0.20_lch_0.10_lov_0.05_gateasym_0.00_w_16.0,16450,18720.0,2,16000.0,4,100.0,200.0,50.0,0.0,None,None,"3-Terminal Fingered FETs NMOS Pads are ordered (from bottom-to-top): S, D, G, S, D, G, S, D, G, S, D, G"
'4397',FINGERED FET,mod_fingered_w_sweep_nmos_nf_2_lc_0.20_lch_0.10_lov_0.05_gateasym_0.00_w_16.0,16450,20880.0,2,16000.0,2,100.0,200.0,50.0,0.0,None,None,"3-Terminal Fingered FETs NMOS Pads are ordered (from bottom-to-top): S, D, G, S, D, G, S, D, G, S, D, G"
'4398',FINGERED FET,mod_fingered_w_sweep_pmos_nf_64_lc_0.20_lch_0.10_lov_0.05_gateasym_0.00_w_16.0,16500,10080.0,2,16000.0,64,100.0,200.0,50.0,0.0,None,None,"3-Terminal Fingered FETs PMOS Pads are ordered (from bottom-to-top): S, D, G, S, D, G, S, D, G, S, D, G"
'4399',FINGERED FET,mod_fingered_w_sweep_pmos_nf_32_lc_0.20_lch_0.10_lov_0.05_gateasym_0.00_w_16.0,16500,12240.0,2,16000.0,32,100.0,200.0,50.0,0.0,None,None,"3-Terminal Fingered FETs PMOS Pads are ordered (from bottom-to-top): S, D, G, S, D, G, S, D, G, S, D, G"
'4400',FINGERED FET,mod_fingered_w_sweep_pmos_nf_16_lc_0.20_lch_0.10_lov_0.05_gateasym_0.00_w_16.0,16500,14400.0,2,16000.0,16,100.0,200.0,50.0,0.0,None,None,"3-Terminal Fingered FETs PMOS Pads are ordered (from bottom-to-top): S, D, G, S, D, G, S, D, G, S, D, G"
'4401',FINGERED FET,mod_fingered_w_sweep_pmos_nf_8_lc_0.20_lch_0.10_lov_0.05_gateasym_0.00_w_16.0,16500,16560.0,2,16000.0,8,100.0,200.0,50.0,0.0,None,None,"3-Terminal Fingered FETs PMOS Pads are ordered (from bottom-to-top): S, D, G, S, D, G, S, D, G, S, D, G"
'4402',FINGERED FET,mod_fingered_w_sweep_pmos_nf_4_lc_0.20_lch_0.10_lov_0.05_gateasym_0.00_w_16.0,16500,18720.0,2,16000.0,4,100.0,200.0,50.0,0.0,None,None,"3-Terminal Fingered FETs PMOS Pads are ordered (from bottom-to-top): S, D, G, S, D, G, S, D, G, S, D, G"
'4403',FINGERED FET,mod_fingered_w_sweep_pmos_nf_2_lc_0.20_lch_0.10_lov_0.05_gateasym_0.00_w_16.0,16500,20880.0,2,16000.0,2,100.0,200.0,50.0,0.0,None,None,"3-Terminal Fingered FETs PMOS Pads are ordered (from bottom-to-top): S, D, G, S, D, G, S, D, G, S, D, G"
'4404',FINGERED FET,mod_fingered_w_sweep_nmos_nf_64_lc_0.20_lch_0.08_lov_0.05_gateasym_0.00_w_1.0,16600,10080.0,2,1000.0,64,80.0,200.0,50.0,0.0,None,None,"3-Terminal Fingered FETs NMOS Pads are ordered (from bottom-to-top): S, D, G, S, D, G, S, D, G, S, D, G"
'4405',FINGERED FET,mod_fingered_w_sweep_nmos_nf_32_lc_0.20_lch_0.08_lov_0.05_gateasym_0.00_w_1.0,16600,12240.0,2,1000.0,32,80.0,200.0,50.0,0.0,None,None,"3-Terminal Fingered FETs NMOS Pads are ordered (from bottom-to-top): S, D, G, S, D, G, S, D, G, S, D, G"
'4406',FINGERED FET,mod_fingered_w_sweep_nmos_nf_16_lc_0.20_lch_0.08_lov_0.05_gateasym_0.00_w_1.0,16600,14400.0,2,1000.0,16,80.0,200.0,50.0,0.0,None,None,"3-Terminal Fingered FETs NMOS Pads are ordered (from bottom-to-top): S, D, G, S, D, G, S, D, G, S, D, G"
'4407',FINGERED FET,mod_fingered_w_sweep_nmos_nf_8_lc_0.20_lch_0.08_lov_0.05_gateasym_0.00_w_1.0,16600,16560.0,2,1000.0,8,80.0,200.0,50.0,0.0,None,None,"3-Terminal Fingered FETs NMOS Pads are ordered (from bottom-to-top): S, D, G, S, D, G, S, D, G, S, D, G"
'4408',FINGERED FET,mod_fingered_w_sweep_nmos_nf_4_lc_0.20_lch_0.08_lov_0.05_gateasym_0.00_w_1.0,16600,18720.0,2,1000.0,4,80.0,200.0,50.0,0.0,None,None,"3-Terminal Fingered FETs NMOS Pads are ordered (from bottom-to-top): S, D, G, S, D, G, S, D, G, S, D, G"
'4409',FINGERED FET,mod_fingered_w_sweep_nmos_nf_2_lc_0.20_lch_0.08_lov_0.05_gateasym_0.00_w_1.0,16600,20880.0,2,1000.0,2,80.0,200.0,50.0,0.0,None,None,"3-Terminal Fingered FETs NMOS Pads are ordered (from bottom-to-top): S, D, G, S, D, G, S, D, G, S, D, G"
'4410',FINGERED FET,mod_fingered_w_sweep_pmos_nf_64_lc_0.20_lch_0.08_lov_0.05_gateasym_0.00_w_1.0,16650,10080.0,2,1000.0,64,80.0,200.0,50.0,0.0,None,None,"3-Terminal Fingered FETs PMOS Pads are ordered (from bottom-to-top): S, D, G, S, D, G, S, D, G, S, D, G"
'4411',FINGERED FET,mod_fingered_w_sweep_pmos_nf_32_lc_0.20_lch_0.08_lov_0.05_gateasym_0.00_w_1.0,16650,12240.0,2,1000.0,32,80.0,200.0,50.0,0.0,None,None,"3-Terminal Fingered FETs PMOS Pads are ordered (from bottom-to-top): S, D, G, S, D, G, S, D, G, S, D, G"
'4412',FINGERED FET,mod_fingered_w_sweep_pmos_nf_16_lc_0.20_lch_0.08_lov_0.05_gateasym_0.00_w_1.0,16650,14400.0,2,1000.0,16,80.0,200.0,50.0,0.0,None,None,"3-Terminal Fingered FETs PMOS Pads are ordered (from bottom-to-top): S, D, G, S, D, G, S, D, G, S, D, G"
'4413',FINGERED FET,mod_fingered_w_sweep_pmos_nf_8_lc_0.20_lch_0.08_lov_0.05_gateasym_0.00_w_1.0,16650,16560.0,2,1000.0,8,80.0,200.0,50.0,0.0,None,None,"3-Terminal Fingered FETs PMOS Pads are ordered (from bottom-to-top): S, D, G, S, D, G, S, D, G, S, D, G"
'4414',FINGERED FET,mod_fingered_w_sweep_pmos_nf_4_lc_0.20_lch_0.08_lov_0.05_gateasym_0.00_w_1.0,16650,18720.0,2,1000.0,4,80.0,200.0,50.0,0.0,None,None,"3-Terminal Fingered FETs PMOS Pads are ordered (from bottom-to-top): S, D, G, S, D, G, S, D, G, S, D, G"
'4415',FINGERED FET,mod_fingered_w_sweep_pmos_nf_2_lc_0.20_lch_0.08_lov_0.05_gateasym_0.00_w_1.0,16650,20880.0,2,1000.0,2,80.0,200.0,50.0,0.0,None,None,"3-Terminal Fingered FETs PMOS Pads are ordered (from bottom-to-top): S, D, G, S, D, G, S, D, G, S, D, G"
'4416',FINGERED FET,mod_fingered_w_sweep_nmos_nf_64_lc_0.20_lch_0.08_lov_0.05_gateasym_0.00_w_8.0,16700,10080.0,2,8000.0,64,80.0,200.0,50.0,0.0,None,None,"3-Terminal Fingered FETs NMOS Pads are ordered (from bottom-to-top): S, D, G, S, D, G, S, D, G, S, D, G"
'4417',FINGERED FET,mod_fingered_w_sweep_nmos_nf_32_lc_0.20_lch_0.08_lov_0.05_gateasym_0.00_w_8.0,16700,12240.0,2,8000.0,32,80.0,200.0,50.0,0.0,None,None,"3-Terminal Fingered FETs NMOS Pads are ordered (from bottom-to-top): S, D, G, S, D, G, S, D, G, S, D, G"
'4418',FINGERED FET,mod_fingered_w_sweep_nmos_nf_16_lc_0.20_lch_0.08_lov_0.05_gateasym_0.00_w_8.0,16700,14400.0,2,8000.0,16,80.0,200.0,50.0,0.0,None,None,"3-Terminal Fingered FETs NMOS Pads are ordered (from bottom-to-top): S, D, G, S, D, G, S, D, G, S, D, G"
'4419',FINGERED FET,mod_fingered_w_sweep_nmos_nf_8_lc_0.20_lch_0.08_lov_0.05_gateasym_0.00_w_8.0,16700,16560.0,2,8000.0,8,80.0,200.0,50.0,0.0,None,None,"3-Terminal Fingered FETs NMOS Pads are ordered (from bottom-to-top): S, D, G, S, D, G, S, D, G, S, D, G"
'4420',FINGERED FET,mod_fingered_w_sweep_nmos_nf_4_lc_0.20_lch_0.08_lov_0.05_gateasym_0.00_w_8.0,16700,18720.0,2,8000.0,4,80.0,200.0,50.0,0.0,None,None,"3-Terminal Fingered FETs NMOS Pads are ordered (from bottom-to-top): S, D, G, S, D, G, S, D, G, S, D, G"
'4421',FINGERED FET,mod_fingered_w_sweep_nmos_nf_2_lc_0.20_lch_0.08_lov_0.05_gateasym_0.00_w_8.0,16700,20880.0,2,8000.0,2,80.0,200.0,50.0,0.0,None,None,"3-Terminal Fingered FETs NMOS Pads are ordered (from bottom-to-top): S, D, G, S, D, G, S, D, G, S, D, G"
'4422',FINGERED FET,mod_fingered_w_sweep_pmos_nf_64_lc_0.20_lch_0.08_lov_0.05_gateasym_0.00_w_8.0,16750,10080.0,2,8000.0,64,80.0,200.0,50.0,0.0,None,None,"3-Terminal Fingered FETs PMOS Pads are ordered (from bottom-to-top): S, D, G, S, D, G, S, D, G, S, D, G"
'4423',FINGERED FET,mod_fingered_w_sweep_pmos_nf_32_lc_0.20_lch_0.08_lov_0.05_gateasym_0.00_w_8.0,16750,12240.0,2,8000.0,32,80.0,200.0,50.0,0.0,None,None,"3-Terminal Fingered FETs PMOS Pads are ordered (from bottom-to-top): S, D, G, S, D, G, S, D, G, S, D, G"
'4424',FINGERED FET,mod_fingered_w_sweep_pmos_nf_16_lc_0.20_lch_0.08_lov_0.05_gateasym_0.00_w_8.0,16750,14400.0,2,8000.0,16,80.0,200.0,50.0,0.0,None,None,"3-Terminal Fingered FETs PMOS Pads are ordered (from bottom-to-top): S, D, G, S, D, G, S, D, G, S, D, G"
'4425',FINGERED FET,mod_fingered_w_sweep_pmos_nf_8_lc_0.20_lch_0.08_lov_0.05_gateasym_0.00_w_8.0,16750,16560.0,2,8000.0,8,80.0,200.0,50.0,0.0,None,None,"3-Terminal Fingered FETs PMOS Pads are ordered (from bottom-to-top): S, D, G, S, D, G, S, D, G, S, D, G"
'4426',FINGERED FET,mod_fingered_w_sweep_pmos_nf_4_lc_0.20_lch_0.08_lov_0.05_gateasym_0.00_w_8.0,16750,18720.0,2,8000.0,4,80.0,200.0,50.0,0.0,None,None,"3-Terminal Fingered FETs PMOS Pads are ordered (from bottom-to-top): S, D, G, S, D, G, S, D, G, S, D, G"
'4427',FINGERED FET,mod_fingered_w_sweep_pmos_nf_2_lc_0.20_lch_0.08_lov_0.05_gateasym_0.00_w_8.0,16750,20880.0,2,8000.0,2,80.0,200.0,50.0,0.0,None,None,"3-Terminal Fingered FETs PMOS Pads are ordered (from bottom-to-top): S, D, G, S, D, G, S, D, G, S, D, G"
'4428',FINGERED FET,mod_fingered_w_sweep_nmos_nf_64_lc_0.20_lch_0.08_lov_0.05_gateasym_0.00_w_16.0,16800,10080.0,2,16000.0,64,80.0,200.0,50.0,0.0,None,None,"3-Terminal Fingered FETs NMOS Pads are ordered (from bottom-to-top): S, D, G, S, D, G, S, D, G, S, D, G"
'4429',FINGERED FET,mod_fingered_w_sweep_nmos_nf_32_lc_0.20_lch_0.08_lov_0.05_gateasym_0.00_w_16.0,16800,12240.0,2,16000.0,32,80.0,200.0,50.0,0.0,None,None,"3-Terminal Fingered FETs NMOS Pads are ordered (from bottom-to-top): S, D, G, S, D, G, S, D, G, S, D, G"
'4430',FINGERED FET,mod_fingered_w_sweep_nmos_nf_16_lc_0.20_lch_0.08_lov_0.05_gateasym_0.00_w_16.0,16800,14400.0,2,16000.0,16,80.0,200.0,50.0,0.0,None,None,"3-Terminal Fingered FETs NMOS Pads are ordered (from bottom-to-top): S, D, G, S, D, G, S, D, G, S, D, G"
'4431',FINGERED FET,mod_fingered_w_sweep_nmos_nf_8_lc_0.20_lch_0.08_lov_0.05_gateasym_0.00_w_16.0,16800,16560.0,2,16000.0,8,80.0,200.0,50.0,0.0,None,None,"3-Terminal Fingered FETs NMOS Pads are ordered (from bottom-to-top): S, D, G, S, D, G, S, D, G, S, D, G"
'4432',FINGERED FET,mod_fingered_w_sweep_nmos_nf_4_lc_0.20_lch_0.08_lov_0.05_gateasym_0.00_w_16.0,16800,18720.0,2,16000.0,4,80.0,200.0,50.0,0.0,None,None,"3-Terminal Fingered FETs NMOS Pads are ordered (from bottom-to-top): S, D, G, S, D, G, S, D, G, S, D, G"
'4433',FINGERED FET,mod_fingered_w_sweep_nmos_nf_2_lc_0.20_lch_0.08_lov_0.05_gateasym_0.00_w_16.0,16800,20880.0,2,16000.0,2,80.0,200.0,50.0,0.0,None,None,"3-Terminal Fingered FETs NMOS Pads are ordered (from bottom-to-top): S, D, G, S, D, G, S, D, G, S, D, G"
'4434',FINGERED FET,mod_fingered_w_sweep_pmos_nf_64_lc_0.20_lch_0.08_lov_0.05_gateasym_0.00_w_16.0,16850,10080.0,2,16000.0,64,80.0,200.0,50.0,0.0,None,None,"3-Terminal Fingered FETs PMOS Pads are ordered (from bottom-to-top): S, D, G, S, D, G, S, D, G, S, D, G"
'4435',FINGERED FET,mod_fingered_w_sweep_pmos_nf_32_lc_0.20_lch_0.08_lov_0.05_gateasym_0.00_w_16.0,16850,12240.0,2,16000.0,32,80.0,200.0,50.0,0.0,None,None,"3-Terminal Fingered FETs PMOS Pads are ordered (from bottom-to-top): S, D, G, S, D, G, S, D, G, S, D, G"
'4436',FINGERED FET,mod_fingered_w_sweep_pmos_nf_16_lc_0.20_lch_0.08_lov_0.05_gateasym_0.00_w_16.0,16850,14400.0,2,16000.0,16,80.0,200.0,50.0,0.0,None,None,"3-Terminal Fingered FETs PMOS Pads are ordered (from bottom-to-top): S, D, G, S, D, G, S, D, G, S, D, G"
'4437',FINGERED FET,mod_fingered_w_sweep_pmos_nf_8_lc_0.20_lch_0.08_lov_0.05_gateasym_0.00_w_16.0,16850,16560.0,2,16000.0,8,80.0,200.0,50.0,0.0,None,None,"3-Terminal Fingered FETs PMOS Pads are ordered (from bottom-to-top): S, D, G, S, D, G, S, D, G, S, D, G"
'4438',FINGERED FET,mod_fingered_w_sweep_pmos_nf_4_lc_0.20_lch_0.08_lov_0.05_gateasym_0.00_w_16.0,16850,18720.0,2,16000.0,4,80.0,200.0,50.0,0.0,None,None,"3-Terminal Fingered FETs PMOS Pads are ordered (from bottom-to-top): S, D, G, S, D, G, S, D, G, S, D, G"
'4439',FINGERED FET,mod_fingered_w_sweep_pmos_nf_2_lc_0.20_lch_0.08_lov_0.05_gateasym_0.00_w_16.0,16850,20880.0,2,16000.0,2,80.0,200.0,50.0,0.0,None,None,"3-Terminal Fingered FETs PMOS Pads are ordered (from bottom-to-top): S, D, G, S, D, G, S, D, G, S, D, G"
'4440',FINGERED FET,mod_fingered_w_sweep_nmos_nf_64_lc_0.16_lch_0.10_lov_0.04_gateasym_0.00_w_1.0,16950,10080.0,2,1000.0,64,100.0,160.0,40.0,0.0,None,None,"3-Terminal Fingered FETs NMOS Pads are ordered (from bottom-to-top): S, D, G, S, D, G, S, D, G, S, D, G"
'4441',FINGERED FET,mod_fingered_w_sweep_nmos_nf_32_lc_0.16_lch_0.10_lov_0.04_gateasym_0.00_w_1.0,16950,12240.0,2,1000.0,32,100.0,160.0,40.0,0.0,None,None,"3-Terminal Fingered FETs NMOS Pads are ordered (from bottom-to-top): S, D, G, S, D, G, S, D, G, S, D, G"
'4442',FINGERED FET,mod_fingered_w_sweep_nmos_nf_16_lc_0.16_lch_0.10_lov_0.04_gateasym_0.00_w_1.0,16950,14400.0,2,1000.0,16,100.0,160.0,40.0,0.0,None,None,"3-Terminal Fingered FETs NMOS Pads are ordered (from bottom-to-top): S, D, G, S, D, G, S, D, G, S, D, G"
'4443',FINGERED FET,mod_fingered_w_sweep_nmos_nf_8_lc_0.16_lch_0.10_lov_0.04_gateasym_0.00_w_1.0,16950,16560.0,2,1000.0,8,100.0,160.0,40.0,0.0,None,None,"3-Terminal Fingered FETs NMOS Pads are ordered (from bottom-to-top): S, D, G, S, D, G, S, D, G, S, D, G"
'4444',FINGERED FET,mod_fingered_w_sweep_nmos_nf_4_lc_0.16_lch_0.10_lov_0.04_gateasym_0.00_w_1.0,16950,18720.0,2,1000.0,4,100.0,160.0,40.0,0.0,None,None,"3-Terminal Fingered FETs NMOS Pads are ordered (from bottom-to-top): S, D, G, S, D, G, S, D, G, S, D, G"
'4445',FINGERED FET,mod_fingered_w_sweep_nmos_nf_2_lc_0.16_lch_0.10_lov_0.04_gateasym_0.00_w_1.0,16950,20880.0,2,1000.0,2,100.0,160.0,40.0,0.0,None,None,"3-Terminal Fingered FETs NMOS Pads are ordered (from bottom-to-top): S, D, G, S, D, G, S, D, G, S, D, G"
'4446',FINGERED FET,mod_fingered_w_sweep_pmos_nf_64_lc_0.16_lch_0.10_lov_0.04_gateasym_0.00_w_1.0,17000,10080.0,2,1000.0,64,100.0,160.0,40.0,0.0,None,None,"3-Terminal Fingered FETs PMOS Pads are ordered (from bottom-to-top): S, D, G, S, D, G, S, D, G, S, D, G"
'4447',FINGERED FET,mod_fingered_w_sweep_pmos_nf_32_lc_0.16_lch_0.10_lov_0.04_gateasym_0.00_w_1.0,17000,12240.0,2,1000.0,32,100.0,160.0,40.0,0.0,None,None,"3-Terminal Fingered FETs PMOS Pads are ordered (from bottom-to-top): S, D, G, S, D, G, S, D, G, S, D, G"
'4448',FINGERED FET,mod_fingered_w_sweep_pmos_nf_16_lc_0.16_lch_0.10_lov_0.04_gateasym_0.00_w_1.0,17000,14400.0,2,1000.0,16,100.0,160.0,40.0,0.0,None,None,"3-Terminal Fingered FETs PMOS Pads are ordered (from bottom-to-top): S, D, G, S, D, G, S, D, G, S, D, G"
'4449',FINGERED FET,mod_fingered_w_sweep_pmos_nf_8_lc_0.16_lch_0.10_lov_0.04_gateasym_0.00_w_1.0,17000,16560.0,2,1000.0,8,100.0,160.0,40.0,0.0,None,None,"3-Terminal Fingered FETs PMOS Pads are ordered (from bottom-to-top): S, D, G, S, D, G, S, D, G, S, D, G"
'4450',FINGERED FET,mod_fingered_w_sweep_pmos_nf_4_lc_0.16_lch_0.10_lov_0.04_gateasym_0.00_w_1.0,17000,18720.0,2,1000.0,4,100.0,160.0,40.0,0.0,None,None,"3-Terminal Fingered FETs PMOS Pads are ordered (from bottom-to-top): S, D, G, S, D, G, S, D, G, S, D, G"
'4451',FINGERED FET,mod_fingered_w_sweep_pmos_nf_2_lc_0.16_lch_0.10_lov_0.04_gateasym_0.00_w_1.0,17000,20880.0,2,1000.0,2,100.0,160.0,40.0,0.0,None,None,"3-Terminal Fingered FETs PMOS Pads are ordered (from bottom-to-top): S, D, G, S, D, G, S, D, G, S, D, G"
'4452',FINGERED FET,mod_fingered_w_sweep_nmos_nf_64_lc_0.16_lch_0.10_lov_0.04_gateasym_0.00_w_8.0,17050,10080.0,2,8000.0,64,100.0,160.0,40.0,0.0,None,None,"3-Terminal Fingered FETs NMOS Pads are ordered (from bottom-to-top): S, D, G, S, D, G, S, D, G, S, D, G"
'4453',FINGERED FET,mod_fingered_w_sweep_nmos_nf_32_lc_0.16_lch_0.10_lov_0.04_gateasym_0.00_w_8.0,17050,12240.0,2,8000.0,32,100.0,160.0,40.0,0.0,None,None,"3-Terminal Fingered FETs NMOS Pads are ordered (from bottom-to-top): S, D, G, S, D, G, S, D, G, S, D, G"
'4454',FINGERED FET,mod_fingered_w_sweep_nmos_nf_16_lc_0.16_lch_0.10_lov_0.04_gateasym_0.00_w_8.0,17050,14400.0,2,8000.0,16,100.0,160.0,40.0,0.0,None,None,"3-Terminal Fingered FETs NMOS Pads are ordered (from bottom-to-top): S, D, G, S, D, G, S, D, G, S, D, G"
'4455',FINGERED FET,mod_fingered_w_sweep_nmos_nf_8_lc_0.16_lch_0.10_lov_0.04_gateasym_0.00_w_8.0,17050,16560.0,2,8000.0,8,100.0,160.0,40.0,0.0,None,None,"3-Terminal Fingered FETs NMOS Pads are ordered (from bottom-to-top): S, D, G, S, D, G, S, D, G, S, D, G"
'4456',FINGERED FET,mod_fingered_w_sweep_nmos_nf_4_lc_0.16_lch_0.10_lov_0.04_gateasym_0.00_w_8.0,17050,18720.0,2,8000.0,4,100.0,160.0,40.0,0.0,None,None,"3-Terminal Fingered FETs NMOS Pads are ordered (from bottom-to-top): S, D, G, S, D, G, S, D, G, S, D, G"
'4457',FINGERED FET,mod_fingered_w_sweep_nmos_nf_2_lc_0.16_lch_0.10_lov_0.04_gateasym_0.00_w_8.0,17050,20880.0,2,8000.0,2,100.0,160.0,40.0,0.0,None,None,"3-Terminal Fingered FETs NMOS Pads are ordered (from bottom-to-top): S, D, G, S, D, G, S, D, G, S, D, G"
'4458',FINGERED FET,mod_fingered_w_sweep_pmos_nf_64_lc_0.16_lch_0.10_lov_0.04_gateasym_0.00_w_8.0,17100,10080.0,2,8000.0,64,100.0,160.0,40.0,0.0,None,None,"3-Terminal Fingered FETs PMOS Pads are ordered (from bottom-to-top): S, D, G, S, D, G, S, D, G, S, D, G"
'4459',FINGERED FET,mod_fingered_w_sweep_pmos_nf_32_lc_0.16_lch_0.10_lov_0.04_gateasym_0.00_w_8.0,17100,12240.0,2,8000.0,32,100.0,160.0,40.0,0.0,None,None,"3-Terminal Fingered FETs PMOS Pads are ordered (from bottom-to-top): S, D, G, S, D, G, S, D, G, S, D, G"
'4460',FINGERED FET,mod_fingered_w_sweep_pmos_nf_16_lc_0.16_lch_0.10_lov_0.04_gateasym_0.00_w_8.0,17100,14400.0,2,8000.0,16,100.0,160.0,40.0,0.0,None,None,"3-Terminal Fingered FETs PMOS Pads are ordered (from bottom-to-top): S, D, G, S, D, G, S, D, G, S, D, G"
'4461',FINGERED FET,mod_fingered_w_sweep_pmos_nf_8_lc_0.16_lch_0.10_lov_0.04_gateasym_0.00_w_8.0,17100,16560.0,2,8000.0,8,100.0,160.0,40.0,0.0,None,None,"3-Terminal Fingered FETs PMOS Pads are ordered (from bottom-to-top): S, D, G, S, D, G, S, D, G, S, D, G"
'4462',FINGERED FET,mod_fingered_w_sweep_pmos_nf_4_lc_0.16_lch_0.10_lov_0.04_gateasym_0.00_w_8.0,17100,18720.0,2,8000.0,4,100.0,160.0,40.0,0.0,None,None,"3-Terminal Fingered FETs PMOS Pads are ordered (from bottom-to-top): S, D, G, S, D, G, S, D, G, S, D, G"
'4463',FINGERED FET,mod_fingered_w_sweep_pmos_nf_2_lc_0.16_lch_0.10_lov_0.04_gateasym_0.00_w_8.0,17100,20880.0,2,8000.0,2,100.0,160.0,40.0,0.0,None,None,"3-Terminal Fingered FETs PMOS Pads are ordered (from bottom-to-top): S, D, G, S, D, G, S, D, G, S, D, G"
'4464',FINGERED FET,mod_fingered_w_sweep_nmos_nf_64_lc_0.16_lch_0.10_lov_0.04_gateasym_0.00_w_16.0,17150,10080.0,2,16000.0,64,100.0,160.0,40.0,0.0,None,None,"3-Terminal Fingered FETs NMOS Pads are ordered (from bottom-to-top): S, D, G, S, D, G, S, D, G, S, D, G"
'4465',FINGERED FET,mod_fingered_w_sweep_nmos_nf_32_lc_0.16_lch_0.10_lov_0.04_gateasym_0.00_w_16.0,17150,12240.0,2,16000.0,32,100.0,160.0,40.0,0.0,None,None,"3-Terminal Fingered FETs NMOS Pads are ordered (from bottom-to-top): S, D, G, S, D, G, S, D, G, S, D, G"
'4466',FINGERED FET,mod_fingered_w_sweep_nmos_nf_16_lc_0.16_lch_0.10_lov_0.04_gateasym_0.00_w_16.0,17150,14400.0,2,16000.0,16,100.0,160.0,40.0,0.0,None,None,"3-Terminal Fingered FETs NMOS Pads are ordered (from bottom-to-top): S, D, G, S, D, G, S, D, G, S, D, G"
'4467',FINGERED FET,mod_fingered_w_sweep_nmos_nf_8_lc_0.16_lch_0.10_lov_0.04_gateasym_0.00_w_16.0,17150,16560.0,2,16000.0,8,100.0,160.0,40.0,0.0,None,None,"3-Terminal Fingered FETs NMOS Pads are ordered (from bottom-to-top): S, D, G, S, D, G, S, D, G, S, D, G"
'4468',FINGERED FET,mod_fingered_w_sweep_nmos_nf_4_lc_0.16_lch_0.10_lov_0.04_gateasym_0.00_w_16.0,17150,18720.0,2,16000.0,4,100.0,160.0,40.0,0.0,None,None,"3-Terminal Fingered FETs NMOS Pads are ordered (from bottom-to-top): S, D, G, S, D, G, S, D, G, S, D, G"
'4469',FINGERED FET,mod_fingered_w_sweep_nmos_nf_2_lc_0.16_lch_0.10_lov_0.04_gateasym_0.00_w_16.0,17150,20880.0,2,16000.0,2,100.0,160.0,40.0,0.0,None,None,"3-Terminal Fingered FETs NMOS Pads are ordered (from bottom-to-top): S, D, G, S, D, G, S, D, G, S, D, G"
'4470',FINGERED FET,mod_fingered_w_sweep_pmos_nf_64_lc_0.16_lch_0.10_lov_0.04_gateasym_0.00_w_16.0,17200,10080.0,2,16000.0,64,100.0,160.0,40.0,0.0,None,None,"3-Terminal Fingered FETs PMOS Pads are ordered (from bottom-to-top): S, D, G, S, D, G, S, D, G, S, D, G"
'4471',FINGERED FET,mod_fingered_w_sweep_pmos_nf_32_lc_0.16_lch_0.10_lov_0.04_gateasym_0.00_w_16.0,17200,12240.0,2,16000.0,32,100.0,160.0,40.0,0.0,None,None,"3-Terminal Fingered FETs PMOS Pads are ordered (from bottom-to-top): S, D, G, S, D, G, S, D, G, S, D, G"
'4472',FINGERED FET,mod_fingered_w_sweep_pmos_nf_16_lc_0.16_lch_0.10_lov_0.04_gateasym_0.00_w_16.0,17200,14400.0,2,16000.0,16,100.0,160.0,40.0,0.0,None,None,"3-Terminal Fingered FETs PMOS Pads are ordered (from bottom-to-top): S, D, G, S, D, G, S, D, G, S, D, G"
'4473',FINGERED FET,mod_fingered_w_sweep_pmos_nf_8_lc_0.16_lch_0.10_lov_0.04_gateasym_0.00_w_16.0,17200,16560.0,2,16000.0,8,100.0,160.0,40.0,0.0,None,None,"3-Terminal Fingered FETs PMOS Pads are ordered (from bottom-to-top): S, D, G, S, D, G, S, D, G, S, D, G"
'4474',FINGERED FET,mod_fingered_w_sweep_pmos_nf_4_lc_0.16_lch_0.10_lov_0.04_gateasym_0.00_w_16.0,17200,18720.0,2,16000.0,4,100.0,160.0,40.0,0.0,None,None,"3-Terminal Fingered FETs PMOS Pads are ordered (from bottom-to-top): S, D, G, S, D, G, S, D, G, S, D, G"
'4475',FINGERED FET,mod_fingered_w_sweep_pmos_nf_2_lc_0.16_lch_0.10_lov_0.04_gateasym_0.00_w_16.0,17200,20880.0,2,16000.0,2,100.0,160.0,40.0,0.0,None,None,"3-Terminal Fingered FETs PMOS Pads are ordered (from bottom-to-top): S, D, G, S, D, G, S, D, G, S, D, G"
'4476',FINGERED FET,mod_fingered_w_sweep_nmos_nf_64_lc_0.16_lch_0.08_lov_0.04_gateasym_0.00_w_1.0,17300,10080.0,2,1000.0,64,80.0,160.0,40.0,0.0,None,None,"3-Terminal Fingered FETs NMOS Pads are ordered (from bottom-to-top): S, D, G, S, D, G, S, D, G, S, D, G"
'4477',FINGERED FET,mod_fingered_w_sweep_nmos_nf_32_lc_0.16_lch_0.08_lov_0.04_gateasym_0.00_w_1.0,17300,12240.0,2,1000.0,32,80.0,160.0,40.0,0.0,None,None,"3-Terminal Fingered FETs NMOS Pads are ordered (from bottom-to-top): S, D, G, S, D, G, S, D, G, S, D, G"
'4478',FINGERED FET,mod_fingered_w_sweep_nmos_nf_16_lc_0.16_lch_0.08_lov_0.04_gateasym_0.00_w_1.0,17300,14400.0,2,1000.0,16,80.0,160.0,40.0,0.0,None,None,"3-Terminal Fingered FETs NMOS Pads are ordered (from bottom-to-top): S, D, G, S, D, G, S, D, G, S, D, G"
'4479',FINGERED FET,mod_fingered_w_sweep_nmos_nf_8_lc_0.16_lch_0.08_lov_0.04_gateasym_0.00_w_1.0,17300,16560.0,2,1000.0,8,80.0,160.0,40.0,0.0,None,None,"3-Terminal Fingered FETs NMOS Pads are ordered (from bottom-to-top): S, D, G, S, D, G, S, D, G, S, D, G"
'4480',FINGERED FET,mod_fingered_w_sweep_nmos_nf_4_lc_0.16_lch_0.08_lov_0.04_gateasym_0.00_w_1.0,17300,18720.0,2,1000.0,4,80.0,160.0,40.0,0.0,None,None,"3-Terminal Fingered FETs NMOS Pads are ordered (from bottom-to-top): S, D, G, S, D, G, S, D, G, S, D, G"
'4481',FINGERED FET,mod_fingered_w_sweep_nmos_nf_2_lc_0.16_lch_0.08_lov_0.04_gateasym_0.00_w_1.0,17300,20880.0,2,1000.0,2,80.0,160.0,40.0,0.0,None,None,"3-Terminal Fingered FETs NMOS Pads are ordered (from bottom-to-top): S, D, G, S, D, G, S, D, G, S, D, G"
'4482',FINGERED FET,mod_fingered_w_sweep_pmos_nf_64_lc_0.16_lch_0.08_lov_0.04_gateasym_0.00_w_1.0,17350,10080.0,2,1000.0,64,80.0,160.0,40.0,0.0,None,None,"3-Terminal Fingered FETs PMOS Pads are ordered (from bottom-to-top): S, D, G, S, D, G, S, D, G, S, D, G"
'4483',FINGERED FET,mod_fingered_w_sweep_pmos_nf_32_lc_0.16_lch_0.08_lov_0.04_gateasym_0.00_w_1.0,17350,12240.0,2,1000.0,32,80.0,160.0,40.0,0.0,None,None,"3-Terminal Fingered FETs PMOS Pads are ordered (from bottom-to-top): S, D, G, S, D, G, S, D, G, S, D, G"
'4484',FINGERED FET,mod_fingered_w_sweep_pmos_nf_16_lc_0.16_lch_0.08_lov_0.04_gateasym_0.00_w_1.0,17350,14400.0,2,1000.0,16,80.0,160.0,40.0,0.0,None,None,"3-Terminal Fingered FETs PMOS Pads are ordered (from bottom-to-top): S, D, G, S, D, G, S, D, G, S, D, G"
'4485',FINGERED FET,mod_fingered_w_sweep_pmos_nf_8_lc_0.16_lch_0.08_lov_0.04_gateasym_0.00_w_1.0,17350,16560.0,2,1000.0,8,80.0,160.0,40.0,0.0,None,None,"3-Terminal Fingered FETs PMOS Pads are ordered (from bottom-to-top): S, D, G, S, D, G, S, D, G, S, D, G"
'4486',FINGERED FET,mod_fingered_w_sweep_pmos_nf_4_lc_0.16_lch_0.08_lov_0.04_gateasym_0.00_w_1.0,17350,18720.0,2,1000.0,4,80.0,160.0,40.0,0.0,None,None,"3-Terminal Fingered FETs PMOS Pads are ordered (from bottom-to-top): S, D, G, S, D, G, S, D, G, S, D, G"
'4487',FINGERED FET,mod_fingered_w_sweep_pmos_nf_2_lc_0.16_lch_0.08_lov_0.04_gateasym_0.00_w_1.0,17350,20880.0,2,1000.0,2,80.0,160.0,40.0,0.0,None,None,"3-Terminal Fingered FETs PMOS Pads are ordered (from bottom-to-top): S, D, G, S, D, G, S, D, G, S, D, G"
'4488',FINGERED FET,mod_fingered_w_sweep_nmos_nf_64_lc_0.16_lch_0.08_lov_0.04_gateasym_0.00_w_8.0,17400,10080.0,2,8000.0,64,80.0,160.0,40.0,0.0,None,None,"3-Terminal Fingered FETs NMOS Pads are ordered (from bottom-to-top): S, D, G, S, D, G, S, D, G, S, D, G"
'4489',FINGERED FET,mod_fingered_w_sweep_nmos_nf_32_lc_0.16_lch_0.08_lov_0.04_gateasym_0.00_w_8.0,17400,12240.0,2,8000.0,32,80.0,160.0,40.0,0.0,None,None,"3-Terminal Fingered FETs NMOS Pads are ordered (from bottom-to-top): S, D, G, S, D, G, S, D, G, S, D, G"
'4490',FINGERED FET,mod_fingered_w_sweep_nmos_nf_16_lc_0.16_lch_0.08_lov_0.04_gateasym_0.00_w_8.0,17400,14400.0,2,8000.0,16,80.0,160.0,40.0,0.0,None,None,"3-Terminal Fingered FETs NMOS Pads are ordered (from bottom-to-top): S, D, G, S, D, G, S, D, G, S, D, G"
'4491',FINGERED FET,mod_fingered_w_sweep_nmos_nf_8_lc_0.16_lch_0.08_lov_0.04_gateasym_0.00_w_8.0,17400,16560.0,2,8000.0,8,80.0,160.0,40.0,0.0,None,None,"3-Terminal Fingered FETs NMOS Pads are ordered (from bottom-to-top): S, D, G, S, D, G, S, D, G, S, D, G"
'4492',FINGERED FET,mod_fingered_w_sweep_nmos_nf_4_lc_0.16_lch_0.08_lov_0.04_gateasym_0.00_w_8.0,17400,18720.0,2,8000.0,4,80.0,160.0,40.0,0.0,None,None,"3-Terminal Fingered FETs NMOS Pads are ordered (from bottom-to-top): S, D, G, S, D, G, S, D, G, S, D, G"
'4493',FINGERED FET,mod_fingered_w_sweep_nmos_nf_2_lc_0.16_lch_0.08_lov_0.04_gateasym_0.00_w_8.0,17400,20880.0,2,8000.0,2,80.0,160.0,40.0,0.0,None,None,"3-Terminal Fingered FETs NMOS Pads are ordered (from bottom-to-top): S, D, G, S, D, G, S, D, G, S, D, G"
'4494',FINGERED FET,mod_fingered_w_sweep_pmos_nf_64_lc_0.16_lch_0.08_lov_0.04_gateasym_0.00_w_8.0,17450,10080.0,2,8000.0,64,80.0,160.0,40.0,0.0,None,None,"3-Terminal Fingered FETs PMOS Pads are ordered (from bottom-to-top): S, D, G, S, D, G, S, D, G, S, D, G"
'4495',FINGERED FET,mod_fingered_w_sweep_pmos_nf_32_lc_0.16_lch_0.08_lov_0.04_gateasym_0.00_w_8.0,17450,12240.0,2,8000.0,32,80.0,160.0,40.0,0.0,None,None,"3-Terminal Fingered FETs PMOS Pads are ordered (from bottom-to-top): S, D, G, S, D, G, S, D, G, S, D, G"
'4496',FINGERED FET,mod_fingered_w_sweep_pmos_nf_16_lc_0.16_lch_0.08_lov_0.04_gateasym_0.00_w_8.0,17450,14400.0,2,8000.0,16,80.0,160.0,40.0,0.0,None,None,"3-Terminal Fingered FETs PMOS Pads are ordered (from bottom-to-top): S, D, G, S, D, G, S, D, G, S, D, G"
'4497',FINGERED FET,mod_fingered_w_sweep_pmos_nf_8_lc_0.16_lch_0.08_lov_0.04_gateasym_0.00_w_8.0,17450,16560.0,2,8000.0,8,80.0,160.0,40.0,0.0,None,None,"3-Terminal Fingered FETs PMOS Pads are ordered (from bottom-to-top): S, D, G, S, D, G, S, D, G, S, D, G"
'4498',FINGERED FET,mod_fingered_w_sweep_pmos_nf_4_lc_0.16_lch_0.08_lov_0.04_gateasym_0.00_w_8.0,17450,18720.0,2,8000.0,4,80.0,160.0,40.0,0.0,None,None,"3-Terminal Fingered FETs PMOS Pads are ordered (from bottom-to-top): S, D, G, S, D, G, S, D, G, S, D, G"
'4499',FINGERED FET,mod_fingered_w_sweep_pmos_nf_2_lc_0.16_lch_0.08_lov_0.04_gateasym_0.00_w_8.0,17450,20880.0,2,8000.0,2,80.0,160.0,40.0,0.0,None,None,"3-Terminal Fingered FETs PMOS Pads are ordered (from bottom-to-top): S, D, G, S, D, G, S, D, G, S, D, G"
'4500',FINGERED FET,mod_fingered_w_sweep_nmos_nf_64_lc_0.16_lch_0.08_lov_0.04_gateasym_0.00_w_16.0,17500,10080.0,2,16000.0,64,80.0,160.0,40.0,0.0,None,None,"3-Terminal Fingered FETs NMOS Pads are ordered (from bottom-to-top): S, D, G, S, D, G, S, D, G, S, D, G"
'4501',FINGERED FET,mod_fingered_w_sweep_nmos_nf_32_lc_0.16_lch_0.08_lov_0.04_gateasym_0.00_w_16.0,17500,12240.0,2,16000.0,32,80.0,160.0,40.0,0.0,None,None,"3-Terminal Fingered FETs NMOS Pads are ordered (from bottom-to-top): S, D, G, S, D, G, S, D, G, S, D, G"
'4502',FINGERED FET,mod_fingered_w_sweep_nmos_nf_16_lc_0.16_lch_0.08_lov_0.04_gateasym_0.00_w_16.0,17500,14400.0,2,16000.0,16,80.0,160.0,40.0,0.0,None,None,"3-Terminal Fingered FETs NMOS Pads are ordered (from bottom-to-top): S, D, G, S, D, G, S, D, G, S, D, G"
'4503',FINGERED FET,mod_fingered_w_sweep_nmos_nf_8_lc_0.16_lch_0.08_lov_0.04_gateasym_0.00_w_16.0,17500,16560.0,2,16000.0,8,80.0,160.0,40.0,0.0,None,None,"3-Terminal Fingered FETs NMOS Pads are ordered (from bottom-to-top): S, D, G, S, D, G, S, D, G, S, D, G"
'4504',FINGERED FET,mod_fingered_w_sweep_nmos_nf_4_lc_0.16_lch_0.08_lov_0.04_gateasym_0.00_w_16.0,17500,18720.0,2,16000.0,4,80.0,160.0,40.0,0.0,None,None,"3-Terminal Fingered FETs NMOS Pads are ordered (from bottom-to-top): S, D, G, S, D, G, S, D, G, S, D, G"
'4505',FINGERED FET,mod_fingered_w_sweep_nmos_nf_2_lc_0.16_lch_0.08_lov_0.04_gateasym_0.00_w_16.0,17500,20880.0,2,16000.0,2,80.0,160.0,40.0,0.0,None,None,"3-Terminal Fingered FETs NMOS Pads are ordered (from bottom-to-top): S, D, G, S, D, G, S, D, G, S, D, G"
'4506',FINGERED FET,mod_fingered_w_sweep_pmos_nf_64_lc_0.16_lch_0.08_lov_0.04_gateasym_0.00_w_16.0,17550,10080.0,2,16000.0,64,80.0,160.0,40.0,0.0,None,None,"3-Terminal Fingered FETs PMOS Pads are ordered (from bottom-to-top): S, D, G, S, D, G, S, D, G, S, D, G"
'4507',FINGERED FET,mod_fingered_w_sweep_pmos_nf_32_lc_0.16_lch_0.08_lov_0.04_gateasym_0.00_w_16.0,17550,12240.0,2,16000.0,32,80.0,160.0,40.0,0.0,None,None,"3-Terminal Fingered FETs PMOS Pads are ordered (from bottom-to-top): S, D, G, S, D, G, S, D, G, S, D, G"
'4508',FINGERED FET,mod_fingered_w_sweep_pmos_nf_16_lc_0.16_lch_0.08_lov_0.04_gateasym_0.00_w_16.0,17550,14400.0,2,16000.0,16,80.0,160.0,40.0,0.0,None,None,"3-Terminal Fingered FETs PMOS Pads are ordered (from bottom-to-top): S, D, G, S, D, G, S, D, G, S, D, G"
'4509',FINGERED FET,mod_fingered_w_sweep_pmos_nf_8_lc_0.16_lch_0.08_lov_0.04_gateasym_0.00_w_16.0,17550,16560.0,2,16000.0,8,80.0,160.0,40.0,0.0,None,None,"3-Terminal Fingered FETs PMOS Pads are ordered (from bottom-to-top): S, D, G, S, D, G, S, D, G, S, D, G"
'4510',FINGERED FET,mod_fingered_w_sweep_pmos_nf_4_lc_0.16_lch_0.08_lov_0.04_gateasym_0.00_w_16.0,17550,18720.0,2,16000.0,4,80.0,160.0,40.0,0.0,None,None,"3-Terminal Fingered FETs PMOS Pads are ordered (from bottom-to-top): S, D, G, S, D, G, S, D, G, S, D, G"
'4511',FINGERED FET,mod_fingered_w_sweep_pmos_nf_2_lc_0.16_lch_0.08_lov_0.04_gateasym_0.00_w_16.0,17550,20880.0,2,16000.0,2,80.0,160.0,40.0,0.0,None,None,"3-Terminal Fingered FETs PMOS Pads are ordered (from bottom-to-top): S, D, G, S, D, G, S, D, G, S, D, G"
'4512',FINGERED FET,mod_dummy_fingered_fet_tlm_nmos_w_4_lc_0.40_lch_0.40_lov_0.06_asym_0.0,0,23130.0,1,4000.0,0,400.0,400.0,60.0,0.0,None,None,"3-Terminal Folded FETs NMOS Pads are ordered (from bottom-to-top): S, D, G, S, D, G, S, D, G, S, D, G"
'4513',FINGERED FET,mod_dummy_fingered_fet_tlm_pmos_w_4_lc_0.40_lch_0.40_lov_0.06_asym_0.0,50,23130.0,1,4000.0,0,400.0,400.0,60.0,0.0,None,None,"3-Terminal Folded FETs PMOS Pads are ordered (from bottom-to-top): S, D, G, S, D, G, S, D, G, S, D, G"
'4514',FINGERED FET,mod_dummy_fingered_fet_tlm_nmos_w_4_lc_0.40_lch_0.20_lov_0.06_asym_0.0,100,23130.0,1,4000.0,0,200.0,400.0,60.0,0.0,None,None,"3-Terminal Folded FETs NMOS Pads are ordered (from bottom-to-top): S, D, G, S, D, G, S, D, G, S, D, G"
'4515',FINGERED FET,mod_dummy_fingered_fet_tlm_pmos_w_4_lc_0.40_lch_0.20_lov_0.06_asym_0.0,150,23130.0,1,4000.0,0,200.0,400.0,60.0,0.0,None,None,"3-Terminal Folded FETs PMOS Pads are ordered (from bottom-to-top): S, D, G, S, D, G, S, D, G, S, D, G"
'4516',FINGERED FET,mod_dummy_fingered_fet_tlm_nmos_w_4_lc_0.40_lch_0.16_lov_0.06_asym_0.0,200,23130.0,1,4000.0,0,160.0,400.0,60.0,0.0,None,None,"3-Terminal Folded FETs NMOS Pads are ordered (from bottom-to-top): S, D, G, S, D, G, S, D, G, S, D, G"
'4517',FINGERED FET,mod_dummy_fingered_fet_tlm_pmos_w_4_lc_0.40_lch_0.16_lov_0.06_asym_0.0,250,23130.0,1,4000.0,0,160.0,400.0,60.0,0.0,None,None,"3-Terminal Folded FETs PMOS Pads are ordered (from bottom-to-top): S, D, G, S, D, G, S, D, G, S, D, G"
'4518',FINGERED FET,mod_dummy_fingered_fet_tlm_nmos_w_4_lc_0.40_lch_0.14_lov_0.06_asym_0.0,300,23130.0,1,4000.0,0,140.0,400.0,60.0,0.0,None,None,"3-Terminal Folded FETs NMOS Pads are ordered (from bottom-to-top): S, D, G, S, D, G, S, D, G, S, D, G"
'4519',FINGERED FET,mod_dummy_fingered_fet_tlm_pmos_w_4_lc_0.40_lch_0.14_lov_0.06_asym_0.0,350,23130.0,1,4000.0,0,140.0,400.0,60.0,0.0,None,None,"3-Terminal Folded FETs PMOS Pads are ordered (from bottom-to-top): S, D, G, S, D, G, S, D, G, S, D, G"
'4520',FINGERED FET,mod_dummy_fingered_fet_tlm_nmos_w_4_lc_0.40_lch_0.12_lov_0.06_asym_0.0,400,23130.0,1,4000.0,0,120.0,400.0,60.0,0.0,None,None,"3-Terminal Folded FETs NMOS Pads are ordered (from bottom-to-top): S, D, G, S, D, G, S, D, G, S, D, G"
'4521',FINGERED FET,mod_dummy_fingered_fet_tlm_pmos_w_4_lc_0.40_lch_0.12_lov_0.06_asym_0.0,450,23130.0,1,4000.0,0,120.0,400.0,60.0,0.0,None,None,"3-Terminal Folded FETs PMOS Pads are ordered (from bottom-to-top): S, D, G, S, D, G, S, D, G, S, D, G"
'4522',FINGERED FET,mod_dummy_fingered_fet_tlm_nmos_w_4_lc_0.40_lch_0.10_lov_0.06_asym_0.0,500,23130.0,1,4000.0,0,100.0,400.0,60.0,0.0,None,None,"3-Terminal Folded FETs NMOS Pads are ordered (from bottom-to-top): S, D, G, S, D, G, S, D, G, S, D, G"
'4523',FINGERED FET,mod_dummy_fingered_fet_tlm_pmos_w_4_lc_0.40_lch_0.10_lov_0.06_asym_0.0,550,23130.0,1,4000.0,0,100.0,400.0,60.0,0.0,None,None,"3-Terminal Folded FETs PMOS Pads are ordered (from bottom-to-top): S, D, G, S, D, G, S, D, G, S, D, G"
'4524',FINGERED FET,mod_dummy_fingered_fet_tlm_nmos_w_4_lc_0.40_lch_0.08_lov_0.06_asym_0.0,600,23130.0,1,4000.0,0,80.0,400.0,60.0,0.0,None,None,"3-Terminal Folded FETs NMOS Pads are ordered (from bottom-to-top): S, D, G, S, D, G, S, D, G, S, D, G"
'4525',FINGERED FET,mod_dummy_fingered_fet_tlm_pmos_w_4_lc_0.40_lch_0.08_lov_0.06_asym_0.0,650,23130.0,1,4000.0,0,80.0,400.0,60.0,0.0,None,None,"3-Terminal Folded FETs PMOS Pads are ordered (from bottom-to-top): S, D, G, S, D, G, S, D, G, S, D, G"
'4526',FINGERED FET,mod_dummy_fingered_fet_tlm_nmos_w_4_lc_0.40_lch_0.07_lov_0.06_asym_0.0,700,23130.0,1,4000.0,0,70.0,400.0,60.0,0.0,None,None,"3-Terminal Folded FETs NMOS Pads are ordered (from bottom-to-top): S, D, G, S, D, G, S, D, G, S, D, G"
'4527',FINGERED FET,mod_dummy_fingered_fet_tlm_pmos_w_4_lc_0.40_lch_0.07_lov_0.06_asym_0.0,750,23130.0,1,4000.0,0,70.0,400.0,60.0,0.0,None,None,"3-Terminal Folded FETs PMOS Pads are ordered (from bottom-to-top): S, D, G, S, D, G, S, D, G, S, D, G"
'4528',FINGERED FET,mod_dummy_fingered_fet_tlm_nmos_w_4_lc_0.40_lch_0.06_lov_0.06_asym_0.0,800,23130.0,1,4000.0,0,60.0,400.0,60.0,0.0,None,None,"3-Terminal Folded FETs NMOS Pads are ordered (from bottom-to-top): S, D, G, S, D, G, S, D, G, S, D, G"
'4529',FINGERED FET,mod_dummy_fingered_fet_tlm_pmos_w_4_lc_0.40_lch_0.06_lov_0.06_asym_0.0,850,23130.0,1,4000.0,0,60.0,400.0,60.0,0.0,None,None,"3-Terminal Folded FETs PMOS Pads are ordered (from bottom-to-top): S, D, G, S, D, G, S, D, G, S, D, G"
'4530',FINGERED FET,mod_dummy_fingered_fet_tlm_nmos_w_4_lc_0.28_lch_0.40_lov_0.06_asym_0.0,900,23130.0,1,4000.0,0,400.0,280.0,60.0,0.0,None,None,"3-Terminal Folded FETs NMOS Pads are ordered (from bottom-to-top): S, D, G, S, D, G, S, D, G, S, D, G"
'4531',FINGERED FET,mod_dummy_fingered_fet_tlm_pmos_w_4_lc_0.28_lch_0.40_lov_0.06_asym_0.0,950,23130.0,1,4000.0,0,400.0,280.0,60.0,0.0,None,None,"3-Terminal Folded FETs PMOS Pads are ordered (from bottom-to-top): S, D, G, S, D, G, S, D, G, S, D, G"
'4532',FINGERED FET,mod_dummy_fingered_fet_tlm_nmos_w_4_lc_0.28_lch_0.20_lov_0.06_asym_0.0,1000,23130.0,1,4000.0,0,200.0,280.0,60.0,0.0,None,None,"3-Terminal Folded FETs NMOS Pads are ordered (from bottom-to-top): S, D, G, S, D, G, S, D, G, S, D, G"
'4533',FINGERED FET,mod_dummy_fingered_fet_tlm_pmos_w_4_lc_0.28_lch_0.20_lov_0.06_asym_0.0,1050,23130.0,1,4000.0,0,200.0,280.0,60.0,0.0,None,None,"3-Terminal Folded FETs PMOS Pads are ordered (from bottom-to-top): S, D, G, S, D, G, S, D, G, S, D, G"
'4534',FINGERED FET,mod_dummy_fingered_fet_tlm_nmos_w_4_lc_0.28_lch_0.16_lov_0.06_asym_0.0,1100,23130.0,1,4000.0,0,160.0,280.0,60.0,0.0,None,None,"3-Terminal Folded FETs NMOS Pads are ordered (from bottom-to-top): S, D, G, S, D, G, S, D, G, S, D, G"
'4535',FINGERED FET,mod_dummy_fingered_fet_tlm_pmos_w_4_lc_0.28_lch_0.16_lov_0.06_asym_0.0,1150,23130.0,1,4000.0,0,160.0,280.0,60.0,0.0,None,None,"3-Terminal Folded FETs PMOS Pads are ordered (from bottom-to-top): S, D, G, S, D, G, S, D, G, S, D, G"
'4536',FINGERED FET,mod_dummy_fingered_fet_tlm_nmos_w_4_lc_0.28_lch_0.14_lov_0.06_asym_0.0,1200,23130.0,1,4000.0,0,140.0,280.0,60.0,0.0,None,None,"3-Terminal Folded FETs NMOS Pads are ordered (from bottom-to-top): S, D, G, S, D, G, S, D, G, S, D, G"
'4537',FINGERED FET,mod_dummy_fingered_fet_tlm_pmos_w_4_lc_0.28_lch_0.14_lov_0.06_asym_0.0,1250,23130.0,1,4000.0,0,140.0,280.0,60.0,0.0,None,None,"3-Terminal Folded FETs PMOS Pads are ordered (from bottom-to-top): S, D, G, S, D, G, S, D, G, S, D, G"
'4538',FINGERED FET,mod_dummy_fingered_fet_tlm_nmos_w_4_lc_0.28_lch_0.12_lov_0.06_asym_0.0,1300,23130.0,1,4000.0,0,120.0,280.0,60.0,0.0,None,None,"3-Terminal Folded FETs NMOS Pads are ordered (from bottom-to-top): S, D, G, S, D, G, S, D, G, S, D, G"
'4539',FINGERED FET,mod_dummy_fingered_fet_tlm_pmos_w_4_lc_0.28_lch_0.12_lov_0.06_asym_0.0,1350,23130.0,1,4000.0,0,120.0,280.0,60.0,0.0,None,None,"3-Terminal Folded FETs PMOS Pads are ordered (from bottom-to-top): S, D, G, S, D, G, S, D, G, S, D, G"
'4540',FINGERED FET,mod_dummy_fingered_fet_tlm_nmos_w_4_lc_0.28_lch_0.10_lov_0.06_asym_0.0,1400,23130.0,1,4000.0,0,100.0,280.0,60.0,0.0,None,None,"3-Terminal Folded FETs NMOS Pads are ordered (from bottom-to-top): S, D, G, S, D, G, S, D, G, S, D, G"
'4541',FINGERED FET,mod_dummy_fingered_fet_tlm_pmos_w_4_lc_0.28_lch_0.10_lov_0.06_asym_0.0,1450,23130.0,1,4000.0,0,100.0,280.0,60.0,0.0,None,None,"3-Terminal Folded FETs PMOS Pads are ordered (from bottom-to-top): S, D, G, S, D, G, S, D, G, S, D, G"
'4542',FINGERED FET,mod_dummy_fingered_fet_tlm_nmos_w_4_lc_0.28_lch_0.08_lov_0.06_asym_0.0,1500,23130.0,1,4000.0,0,80.0,280.0,60.0,0.0,None,None,"3-Terminal Folded FETs NMOS Pads are ordered (from bottom-to-top): S, D, G, S, D, G, S, D, G, S, D, G"
'4543',FINGERED FET,mod_dummy_fingered_fet_tlm_pmos_w_4_lc_0.28_lch_0.08_lov_0.06_asym_0.0,1550,23130.0,1,4000.0,0,80.0,280.0,60.0,0.0,None,None,"3-Terminal Folded FETs PMOS Pads are ordered (from bottom-to-top): S, D, G, S, D, G, S, D, G, S, D, G"
'4544',FINGERED FET,mod_dummy_fingered_fet_tlm_nmos_w_4_lc_0.28_lch_0.07_lov_0.06_asym_0.0,1600,23130.0,1,4000.0,0,70.0,280.0,60.0,0.0,None,None,"3-Terminal Folded FETs NMOS Pads are ordered (from bottom-to-top): S, D, G, S, D, G, S, D, G, S, D, G"
'4545',FINGERED FET,mod_dummy_fingered_fet_tlm_pmos_w_4_lc_0.28_lch_0.07_lov_0.06_asym_0.0,1650,23130.0,1,4000.0,0,70.0,280.0,60.0,0.0,None,None,"3-Terminal Folded FETs PMOS Pads are ordered (from bottom-to-top): S, D, G, S, D, G, S, D, G, S, D, G"
'4546',FINGERED FET,mod_dummy_fingered_fet_tlm_nmos_w_4_lc_0.28_lch_0.06_lov_0.06_asym_0.0,1700,23130.0,1,4000.0,0,60.0,280.0,60.0,0.0,None,None,"3-Terminal Folded FETs NMOS Pads are ordered (from bottom-to-top): S, D, G, S, D, G, S, D, G, S, D, G"
'4547',FINGERED FET,mod_dummy_fingered_fet_tlm_pmos_w_4_lc_0.28_lch_0.06_lov_0.06_asym_0.0,1750,23130.0,1,4000.0,0,60.0,280.0,60.0,0.0,None,None,"3-Terminal Folded FETs PMOS Pads are ordered (from bottom-to-top): S, D, G, S, D, G, S, D, G, S, D, G"
'4548',FINGERED FET,mod_dummy_fingered_fet_tlm_nmos_w_4_lc_0.26_lch_0.40_lov_0.06_asym_0.0,1800,23130.0,1,4000.0,0,400.0,260.0,60.0,0.0,None,None,"3-Terminal Folded FETs NMOS Pads are ordered (from bottom-to-top): S, D, G, S, D, G, S, D, G, S, D, G"
'4549',FINGERED FET,mod_dummy_fingered_fet_tlm_pmos_w_4_lc_0.26_lch_0.40_lov_0.06_asym_0.0,1850,23130.0,1,4000.0,0,400.0,260.0,60.0,0.0,None,None,"3-Terminal Folded FETs PMOS Pads are ordered (from bottom-to-top): S, D, G, S, D, G, S, D, G, S, D, G"
'4550',FINGERED FET,mod_dummy_fingered_fet_tlm_nmos_w_4_lc_0.26_lch_0.20_lov_0.06_asym_0.0,1900,23130.0,1,4000.0,0,200.0,260.0,60.0,0.0,None,None,"3-Terminal Folded FETs NMOS Pads are ordered (from bottom-to-top): S, D, G, S, D, G, S, D, G, S, D, G"
'4551',FINGERED FET,mod_dummy_fingered_fet_tlm_pmos_w_4_lc_0.26_lch_0.20_lov_0.06_asym_0.0,1950,23130.0,1,4000.0,0,200.0,260.0,60.0,0.0,None,None,"3-Terminal Folded FETs PMOS Pads are ordered (from bottom-to-top): S, D, G, S, D, G, S, D, G, S, D, G"
'4552',FINGERED FET,mod_dummy_fingered_fet_tlm_nmos_w_4_lc_0.26_lch_0.16_lov_0.06_asym_0.0,2000,23130.0,1,4000.0,0,160.0,260.0,60.0,0.0,None,None,"3-Terminal Folded FETs NMOS Pads are ordered (from bottom-to-top): S, D, G, S, D, G, S, D, G, S, D, G"
'4553',FINGERED FET,mod_dummy_fingered_fet_tlm_pmos_w_4_lc_0.26_lch_0.16_lov_0.06_asym_0.0,2050,23130.0,1,4000.0,0,160.0,260.0,60.0,0.0,None,None,"3-Terminal Folded FETs PMOS Pads are ordered (from bottom-to-top): S, D, G, S, D, G, S, D, G, S, D, G"
'4554',FINGERED FET,mod_dummy_fingered_fet_tlm_nmos_w_4_lc_0.26_lch_0.14_lov_0.06_asym_0.0,2100,23130.0,1,4000.0,0,140.0,260.0,60.0,0.0,None,None,"3-Terminal Folded FETs NMOS Pads are ordered (from bottom-to-top): S, D, G, S, D, G, S, D, G, S, D, G"
'4555',FINGERED FET,mod_dummy_fingered_fet_tlm_pmos_w_4_lc_0.26_lch_0.14_lov_0.06_asym_0.0,2150,23130.0,1,4000.0,0,140.0,260.0,60.0,0.0,None,None,"3-Terminal Folded FETs PMOS Pads are ordered (from bottom-to-top): S, D, G, S, D, G, S, D, G, S, D, G"
'4556',FINGERED FET,mod_dummy_fingered_fet_tlm_nmos_w_4_lc_0.26_lch_0.12_lov_0.06_asym_0.0,2200,23130.0,1,4000.0,0,120.0,260.0,60.0,0.0,None,None,"3-Terminal Folded FETs NMOS Pads are ordered (from bottom-to-top): S, D, G, S, D, G, S, D, G, S, D, G"
'4557',FINGERED FET,mod_dummy_fingered_fet_tlm_pmos_w_4_lc_0.26_lch_0.12_lov_0.06_asym_0.0,2250,23130.0,1,4000.0,0,120.0,260.0,60.0,0.0,None,None,"3-Terminal Folded FETs PMOS Pads are ordered (from bottom-to-top): S, D, G, S, D, G, S, D, G, S, D, G"
'4558',FINGERED FET,mod_dummy_fingered_fet_tlm_nmos_w_4_lc_0.26_lch_0.10_lov_0.06_asym_0.0,2300,23130.0,1,4000.0,0,100.0,260.0,60.0,0.0,None,None,"3-Terminal Folded FETs NMOS Pads are ordered (from bottom-to-top): S, D, G, S, D, G, S, D, G, S, D, G"
'4559',FINGERED FET,mod_dummy_fingered_fet_tlm_pmos_w_4_lc_0.26_lch_0.10_lov_0.06_asym_0.0,2350,23130.0,1,4000.0,0,100.0,260.0,60.0,0.0,None,None,"3-Terminal Folded FETs PMOS Pads are ordered (from bottom-to-top): S, D, G, S, D, G, S, D, G, S, D, G"
'4560',FINGERED FET,mod_dummy_fingered_fet_tlm_nmos_w_4_lc_0.26_lch_0.08_lov_0.06_asym_0.0,2400,23130.0,1,4000.0,0,80.0,260.0,60.0,0.0,None,None,"3-Terminal Folded FETs NMOS Pads are ordered (from bottom-to-top): S, D, G, S, D, G, S, D, G, S, D, G"
'4561',FINGERED FET,mod_dummy_fingered_fet_tlm_pmos_w_4_lc_0.26_lch_0.08_lov_0.06_asym_0.0,2450,23130.0,1,4000.0,0,80.0,260.0,60.0,0.0,None,None,"3-Terminal Folded FETs PMOS Pads are ordered (from bottom-to-top): S, D, G, S, D, G, S, D, G, S, D, G"
'4562',FINGERED FET,mod_dummy_fingered_fet_tlm_nmos_w_4_lc_0.26_lch_0.07_lov_0.06_asym_0.0,2500,23130.0,1,4000.0,0,70.0,260.0,60.0,0.0,None,None,"3-Terminal Folded FETs NMOS Pads are ordered (from bottom-to-top): S, D, G, S, D, G, S, D, G, S, D, G"
'4563',FINGERED FET,mod_dummy_fingered_fet_tlm_pmos_w_4_lc_0.26_lch_0.07_lov_0.06_asym_0.0,2550,23130.0,1,4000.0,0,70.0,260.0,60.0,0.0,None,None,"3-Terminal Folded FETs PMOS Pads are ordered (from bottom-to-top): S, D, G, S, D, G, S, D, G, S, D, G"
'4564',FINGERED FET,mod_dummy_fingered_fet_tlm_nmos_w_4_lc_0.26_lch_0.06_lov_0.06_asym_0.0,2600,23130.0,1,4000.0,0,60.0,260.0,60.0,0.0,None,None,"3-Terminal Folded FETs NMOS Pads are ordered (from bottom-to-top): S, D, G, S, D, G, S, D, G, S, D, G"
'4565',FINGERED FET,mod_dummy_fingered_fet_tlm_pmos_w_4_lc_0.26_lch_0.06_lov_0.06_asym_0.0,2650,23130.0,1,4000.0,0,60.0,260.0,60.0,0.0,None,None,"3-Terminal Folded FETs PMOS Pads are ordered (from bottom-to-top): S, D, G, S, D, G, S, D, G, S, D, G"
'4566',FINGERED FET,mod_dummy_fingered_fet_tlm_nmos_w_4_lc_0.22_lch_0.40_lov_0.06_asym_0.0,2700,23130.0,1,4000.0,0,400.0,220.0,60.0,0.0,None,None,"3-Terminal Folded FETs NMOS Pads are ordered (from bottom-to-top): S, D, G, S, D, G, S, D, G, S, D, G"
'4567',FINGERED FET,mod_dummy_fingered_fet_tlm_pmos_w_4_lc_0.22_lch_0.40_lov_0.06_asym_0.0,2750,23130.0,1,4000.0,0,400.0,220.0,60.0,0.0,None,None,"3-Terminal Folded FETs PMOS Pads are ordered (from bottom-to-top): S, D, G, S, D, G, S, D, G, S, D, G"
'4568',FINGERED FET,mod_dummy_fingered_fet_tlm_nmos_w_4_lc_0.22_lch_0.20_lov_0.06_asym_0.0,2800,23130.0,1,4000.0,0,200.0,220.0,60.0,0.0,None,None,"3-Terminal Folded FETs NMOS Pads are ordered (from bottom-to-top): S, D, G, S, D, G, S, D, G, S, D, G"
'4569',FINGERED FET,mod_dummy_fingered_fet_tlm_pmos_w_4_lc_0.22_lch_0.20_lov_0.06_asym_0.0,2850,23130.0,1,4000.0,0,200.0,220.0,60.0,0.0,None,None,"3-Terminal Folded FETs PMOS Pads are ordered (from bottom-to-top): S, D, G, S, D, G, S, D, G, S, D, G"
'4570',FINGERED FET,mod_dummy_fingered_fet_tlm_nmos_w_4_lc_0.22_lch_0.16_lov_0.06_asym_0.0,2900,23130.0,1,4000.0,0,160.0,220.0,60.0,0.0,None,None,"3-Terminal Folded FETs NMOS Pads are ordered (from bottom-to-top): S, D, G, S, D, G, S, D, G, S, D, G"
'4571',FINGERED FET,mod_dummy_fingered_fet_tlm_pmos_w_4_lc_0.22_lch_0.16_lov_0.06_asym_0.0,2950,23130.0,1,4000.0,0,160.0,220.0,60.0,0.0,None,None,"3-Terminal Folded FETs PMOS Pads are ordered (from bottom-to-top): S, D, G, S, D, G, S, D, G, S, D, G"
'4572',FINGERED FET,mod_dummy_fingered_fet_tlm_nmos_w_4_lc_0.22_lch_0.14_lov_0.06_asym_0.0,3000,23130.0,1,4000.0,0,140.0,220.0,60.0,0.0,None,None,"3-Terminal Folded FETs NMOS Pads are ordered (from bottom-to-top): S, D, G, S, D, G, S, D, G, S, D, G"
'4573',FINGERED FET,mod_dummy_fingered_fet_tlm_pmos_w_4_lc_0.22_lch_0.14_lov_0.06_asym_0.0,3050,23130.0,1,4000.0,0,140.0,220.0,60.0,0.0,None,None,"3-Terminal Folded FETs PMOS Pads are ordered (from bottom-to-top): S, D, G, S, D, G, S, D, G, S, D, G"
'4574',FINGERED FET,mod_dummy_fingered_fet_tlm_nmos_w_4_lc_0.22_lch_0.12_lov_0.06_asym_0.0,3100,23130.0,1,4000.0,0,120.0,220.0,60.0,0.0,None,None,"3-Terminal Folded FETs NMOS Pads are ordered (from bottom-to-top): S, D, G, S, D, G, S, D, G, S, D, G"
'4575',FINGERED FET,mod_dummy_fingered_fet_tlm_pmos_w_4_lc_0.22_lch_0.12_lov_0.06_asym_0.0,3150,23130.0,1,4000.0,0,120.0,220.0,60.0,0.0,None,None,"3-Terminal Folded FETs PMOS Pads are ordered (from bottom-to-top): S, D, G, S, D, G, S, D, G, S, D, G"
'4576',FINGERED FET,mod_dummy_fingered_fet_tlm_nmos_w_4_lc_0.22_lch_0.10_lov_0.06_asym_0.0,3200,23130.0,1,4000.0,0,100.0,220.0,60.0,0.0,None,None,"3-Terminal Folded FETs NMOS Pads are ordered (from bottom-to-top): S, D, G, S, D, G, S, D, G, S, D, G"
'4577',FINGERED FET,mod_dummy_fingered_fet_tlm_pmos_w_4_lc_0.22_lch_0.10_lov_0.06_asym_0.0,3250,23130.0,1,4000.0,0,100.0,220.0,60.0,0.0,None,None,"3-Terminal Folded FETs PMOS Pads are ordered (from bottom-to-top): S, D, G, S, D, G, S, D, G, S, D, G"
'4578',FINGERED FET,mod_dummy_fingered_fet_tlm_nmos_w_4_lc_0.22_lch_0.08_lov_0.06_asym_0.0,3300,23130.0,1,4000.0,0,80.0,220.0,60.0,0.0,None,None,"3-Terminal Folded FETs NMOS Pads are ordered (from bottom-to-top): S, D, G, S, D, G, S, D, G, S, D, G"
'4579',FINGERED FET,mod_dummy_fingered_fet_tlm_pmos_w_4_lc_0.22_lch_0.08_lov_0.06_asym_0.0,3350,23130.0,1,4000.0,0,80.0,220.0,60.0,0.0,None,None,"3-Terminal Folded FETs PMOS Pads are ordered (from bottom-to-top): S, D, G, S, D, G, S, D, G, S, D, G"
'4580',FINGERED FET,mod_dummy_fingered_fet_tlm_nmos_w_4_lc_0.22_lch_0.07_lov_0.06_asym_0.0,3400,23130.0,1,4000.0,0,70.0,220.0,60.0,0.0,None,None,"3-Terminal Folded FETs NMOS Pads are ordered (from bottom-to-top): S, D, G, S, D, G, S, D, G, S, D, G"
'4581',FINGERED FET,mod_dummy_fingered_fet_tlm_pmos_w_4_lc_0.22_lch_0.07_lov_0.06_asym_0.0,3450,23130.0,1,4000.0,0,70.0,220.0,60.0,0.0,None,None,"3-Terminal Folded FETs PMOS Pads are ordered (from bottom-to-top): S, D, G, S, D, G, S, D, G, S, D, G"
'4582',FINGERED FET,mod_dummy_fingered_fet_tlm_nmos_w_4_lc_0.22_lch_0.06_lov_0.06_asym_0.0,3500,23130.0,1,4000.0,0,60.0,220.0,60.0,0.0,None,None,"3-Terminal Folded FETs NMOS Pads are ordered (from bottom-to-top): S, D, G, S, D, G, S, D, G, S, D, G"
'4583',FINGERED FET,mod_dummy_fingered_fet_tlm_pmos_w_4_lc_0.22_lch_0.06_lov_0.06_asym_0.0,3550,23130.0,1,4000.0,0,60.0,220.0,60.0,0.0,None,None,"3-Terminal Folded FETs PMOS Pads are ordered (from bottom-to-top): S, D, G, S, D, G, S, D, G, S, D, G"
'4584',FINGERED FET,mod_dummy_fingered_fet_tlm_nmos_w_4_lc_0.20_lch_0.40_lov_0.06_asym_0.0,3600,23130.0,1,4000.0,0,400.0,200.0,60.0,0.0,None,None,"3-Terminal Folded FETs NMOS Pads are ordered (from bottom-to-top): S, D, G, S, D, G, S, D, G, S, D, G"
'4585',FINGERED FET,mod_dummy_fingered_fet_tlm_pmos_w_4_lc_0.20_lch_0.40_lov_0.06_asym_0.0,3650,23130.0,1,4000.0,0,400.0,200.0,60.0,0.0,None,None,"3-Terminal Folded FETs PMOS Pads are ordered (from bottom-to-top): S, D, G, S, D, G, S, D, G, S, D, G"
'4586',FINGERED FET,mod_dummy_fingered_fet_tlm_nmos_w_4_lc_0.20_lch_0.20_lov_0.06_asym_0.0,3700,23130.0,1,4000.0,0,200.0,200.0,60.0,0.0,None,None,"3-Terminal Folded FETs NMOS Pads are ordered (from bottom-to-top): S, D, G, S, D, G, S, D, G, S, D, G"
'4587',FINGERED FET,mod_dummy_fingered_fet_tlm_pmos_w_4_lc_0.20_lch_0.20_lov_0.06_asym_0.0,3750,23130.0,1,4000.0,0,200.0,200.0,60.0,0.0,None,None,"3-Terminal Folded FETs PMOS Pads are ordered (from bottom-to-top): S, D, G, S, D, G, S, D, G, S, D, G"
'4588',FINGERED FET,mod_dummy_fingered_fet_tlm_nmos_w_4_lc_0.20_lch_0.16_lov_0.06_asym_0.0,3800,23130.0,1,4000.0,0,160.0,200.0,60.0,0.0,None,None,"3-Terminal Folded FETs NMOS Pads are ordered (from bottom-to-top): S, D, G, S, D, G, S, D, G, S, D, G"
'4589',FINGERED FET,mod_dummy_fingered_fet_tlm_pmos_w_4_lc_0.20_lch_0.16_lov_0.06_asym_0.0,3850,23130.0,1,4000.0,0,160.0,200.0,60.0,0.0,None,None,"3-Terminal Folded FETs PMOS Pads are ordered (from bottom-to-top): S, D, G, S, D, G, S, D, G, S, D, G"
'4590',FINGERED FET,mod_dummy_fingered_fet_tlm_nmos_w_4_lc_0.20_lch_0.14_lov_0.06_asym_0.0,3900,23130.0,1,4000.0,0,140.0,200.0,60.0,0.0,None,None,"3-Terminal Folded FETs NMOS Pads are ordered (from bottom-to-top): S, D, G, S, D, G, S, D, G, S, D, G"
'4591',FINGERED FET,mod_dummy_fingered_fet_tlm_pmos_w_4_lc_0.20_lch_0.14_lov_0.06_asym_0.0,3950,23130.0,1,4000.0,0,140.0,200.0,60.0,0.0,None,None,"3-Terminal Folded FETs PMOS Pads are ordered (from bottom-to-top): S, D, G, S, D, G, S, D, G, S, D, G"
'4592',FINGERED FET,mod_dummy_fingered_fet_tlm_nmos_w_4_lc_0.20_lch_0.12_lov_0.06_asym_0.0,4000,23130.0,1,4000.0,0,120.0,200.0,60.0,0.0,None,None,"3-Terminal Folded FETs NMOS Pads are ordered (from bottom-to-top): S, D, G, S, D, G, S, D, G, S, D, G"
'4593',FINGERED FET,mod_dummy_fingered_fet_tlm_pmos_w_4_lc_0.20_lch_0.12_lov_0.06_asym_0.0,4050,23130.0,1,4000.0,0,120.0,200.0,60.0,0.0,None,None,"3-Terminal Folded FETs PMOS Pads are ordered (from bottom-to-top): S, D, G, S, D, G, S, D, G, S, D, G"
'4594',FINGERED FET,mod_dummy_fingered_fet_tlm_nmos_w_4_lc_0.20_lch_0.10_lov_0.06_asym_0.0,4100,23130.0,1,4000.0,0,100.0,200.0,60.0,0.0,None,None,"3-Terminal Folded FETs NMOS Pads are ordered (from bottom-to-top): S, D, G, S, D, G, S, D, G, S, D, G"
'4595',FINGERED FET,mod_dummy_fingered_fet_tlm_pmos_w_4_lc_0.20_lch_0.10_lov_0.06_asym_0.0,4150,23130.0,1,4000.0,0,100.0,200.0,60.0,0.0,None,None,"3-Terminal Folded FETs PMOS Pads are ordered (from bottom-to-top): S, D, G, S, D, G, S, D, G, S, D, G"
'4596',FINGERED FET,mod_dummy_fingered_fet_tlm_nmos_w_4_lc_0.20_lch_0.08_lov_0.06_asym_0.0,4200,23130.0,1,4000.0,0,80.0,200.0,60.0,0.0,None,None,"3-Terminal Folded FETs NMOS Pads are ordered (from bottom-to-top): S, D, G, S, D, G, S, D, G, S, D, G"
'4597',FINGERED FET,mod_dummy_fingered_fet_tlm_pmos_w_4_lc_0.20_lch_0.08_lov_0.06_asym_0.0,4250,23130.0,1,4000.0,0,80.0,200.0,60.0,0.0,None,None,"3-Terminal Folded FETs PMOS Pads are ordered (from bottom-to-top): S, D, G, S, D, G, S, D, G, S, D, G"
'4598',FINGERED FET,mod_dummy_fingered_fet_tlm_nmos_w_4_lc_0.20_lch_0.07_lov_0.06_asym_0.0,4300,23130.0,1,4000.0,0,70.0,200.0,60.0,0.0,None,None,"3-Terminal Folded FETs NMOS Pads are ordered (from bottom-to-top): S, D, G, S, D, G, S, D, G, S, D, G"
'4599',FINGERED FET,mod_dummy_fingered_fet_tlm_pmos_w_4_lc_0.20_lch_0.07_lov_0.06_asym_0.0,4350,23130.0,1,4000.0,0,70.0,200.0,60.0,0.0,None,None,"3-Terminal Folded FETs PMOS Pads are ordered (from bottom-to-top): S, D, G, S, D, G, S, D, G, S, D, G"
'4600',FINGERED FET,mod_dummy_fingered_fet_tlm_nmos_w_4_lc_0.20_lch_0.06_lov_0.06_asym_0.0,4400,23130.0,1,4000.0,0,60.0,200.0,60.0,0.0,None,None,"3-Terminal Folded FETs NMOS Pads are ordered (from bottom-to-top): S, D, G, S, D, G, S, D, G, S, D, G"
'4601',FINGERED FET,mod_dummy_fingered_fet_tlm_pmos_w_4_lc_0.20_lch_0.06_lov_0.06_asym_0.0,4450,23130.0,1,4000.0,0,60.0,200.0,60.0,0.0,None,None,"3-Terminal Folded FETs PMOS Pads are ordered (from bottom-to-top): S, D, G, S, D, G, S, D, G, S, D, G"
'4602',FINGERED FET,mod_dummy_fingered_fet_ov_nmos_w_4_lc_0.36_lch_0.16_lov_0.1_asym_0.0,4550,23130.0,1,4000.0,0,160.0,360.0,100.0,0.0,None,None,"3-Terminal Folded FETs NMOS Pads are ordered (from bottom-to-top): S, D, G, S, D, G, S, D, G, S, D, G"
'4603',FINGERED FET,mod_dummy_fingered_fet_ov_pmos_w_4_lc_0.36_lch_0.16_lov_0.1_asym_0.0,4600,23130.0,1,4000.0,0,160.0,360.0,100.0,0.0,None,None,"3-Terminal Folded FETs PMOS Pads are ordered (from bottom-to-top): S, D, G, S, D, G, S, D, G, S, D, G"
'4604',FINGERED FET,mod_dummy_fingered_fet_ov_nmos_w_4_lc_0.36_lch_0.16_lov_0.08_asym_0.0,4650,23130.0,1,4000.0,0,160.0,360.0,80.0,0.0,None,None,"3-Terminal Folded FETs NMOS Pads are ordered (from bottom-to-top): S, D, G, S, D, G, S, D, G, S, D, G"
'4605',FINGERED FET,mod_dummy_fingered_fet_ov_pmos_w_4_lc_0.36_lch_0.16_lov_0.08_asym_0.0,4700,23130.0,1,4000.0,0,160.0,360.0,80.0,0.0,None,None,"3-Terminal Folded FETs PMOS Pads are ordered (from bottom-to-top): S, D, G, S, D, G, S, D, G, S, D, G"
'4606',FINGERED FET,mod_dummy_fingered_fet_ov_nmos_w_4_lc_0.36_lch_0.16_lov_0.06_asym_0.0,4750,23130.0,1,4000.0,0,160.0,360.0,60.0,0.0,None,None,"3-Terminal Folded FETs NMOS Pads are ordered (from bottom-to-top): S, D, G, S, D, G, S, D, G, S, D, G"
'4607',FINGERED FET,mod_dummy_fingered_fet_ov_pmos_w_4_lc_0.36_lch_0.16_lov_0.06_asym_0.0,4800,23130.0,1,4000.0,0,160.0,360.0,60.0,0.0,None,None,"3-Terminal Folded FETs PMOS Pads are ordered (from bottom-to-top): S, D, G, S, D, G, S, D, G, S, D, G"
'4608',FINGERED FET,mod_dummy_fingered_fet_ov_nmos_w_4_lc_0.36_lch_0.16_lov_0.04_asym_0.0,4850,23130.0,1,4000.0,0,160.0,360.0,40.0,0.0,None,None,"3-Terminal Folded FETs NMOS Pads are ordered (from bottom-to-top): S, D, G, S, D, G, S, D, G, S, D, G"
'4609',FINGERED FET,mod_dummy_fingered_fet_ov_pmos_w_4_lc_0.36_lch_0.16_lov_0.04_asym_0.0,4900,23130.0,1,4000.0,0,160.0,360.0,40.0,0.0,None,None,"3-Terminal Folded FETs PMOS Pads are ordered (from bottom-to-top): S, D, G, S, D, G, S, D, G, S, D, G"
'4610',FINGERED FET,mod_dummy_fingered_fet_ov_nmos_w_4_lc_0.36_lch_0.16_lov_0.02_asym_0.0,4950,23130.0,1,4000.0,0,160.0,360.0,20.0,0.0,None,None,"3-Terminal Folded FETs NMOS Pads are ordered (from bottom-to-top): S, D, G, S, D, G, S, D, G, S, D, G"
'4611',FINGERED FET,mod_dummy_fingered_fet_ov_pmos_w_4_lc_0.36_lch_0.16_lov_0.02_asym_0.0,5000,23130.0,1,4000.0,0,160.0,360.0,20.0,0.0,None,None,"3-Terminal Folded FETs PMOS Pads are ordered (from bottom-to-top): S, D, G, S, D, G, S, D, G, S, D, G"
'4612',FINGERED FET,mod_dummy_fingered_fet_ov_nmos_w_4_lc_0.36_lch_0.16_lov_0.0_asym_0.0,5050,23130.0,1,4000.0,0,160.0,360.0,0.0,0.0,None,None,"3-Terminal Folded FETs NMOS Pads are ordered (from bottom-to-top): S, D, G, S, D, G, S, D, G, S, D, G"
'4613',FINGERED FET,mod_dummy_fingered_fet_ov_pmos_w_4_lc_0.36_lch_0.16_lov_0.0_asym_0.0,5100,23130.0,1,4000.0,0,160.0,360.0,0.0,0.0,None,None,"3-Terminal Folded FETs PMOS Pads are ordered (from bottom-to-top): S, D, G, S, D, G, S, D, G, S, D, G"
'4614',FINGERED FET,mod_dummy_fingered_fet_ov_nmos_w_4_lc_0.36_lch_0.16_lov_-0.01_asym_0.0,5150,23130.0,1,4000.0,0,160.0,360.0,-10.0,0.0,None,None,"3-Terminal Folded FETs NMOS Pads are ordered (from bottom-to-top): S, D, G, S, D, G, S, D, G, S, D, G"
'4615',FINGERED FET,mod_dummy_fingered_fet_ov_pmos_w_4_lc_0.36_lch_0.16_lov_-0.01_asym_0.0,5200,23130.0,1,4000.0,0,160.0,360.0,-10.0,0.0,None,None,"3-Terminal Folded FETs PMOS Pads are ordered (from bottom-to-top): S, D, G, S, D, G, S, D, G, S, D, G"
'4616',FINGERED FET,mod_dummy_fingered_fet_ov_nmos_w_4_lc_0.36_lch_0.12_lov_0.1_asym_0.0,5250,23130.0,1,4000.0,0,120.0,360.0,100.0,0.0,None,None,"3-Terminal Folded FETs NMOS Pads are ordered (from bottom-to-top): S, D, G, S, D, G, S, D, G, S, D, G"
'4617',FINGERED FET,mod_dummy_fingered_fet_ov_pmos_w_4_lc_0.36_lch_0.12_lov_0.1_asym_0.0,5300,23130.0,1,4000.0,0,120.0,360.0,100.0,0.0,None,None,"3-Terminal Folded FETs PMOS Pads are ordered (from bottom-to-top): S, D, G, S, D, G, S, D, G, S, D, G"
'4618',FINGERED FET,mod_dummy_fingered_fet_ov_nmos_w_4_lc_0.36_lch_0.12_lov_0.08_asym_0.0,5350,23130.0,1,4000.0,0,120.0,360.0,80.0,0.0,None,None,"3-Terminal Folded FETs NMOS Pads are ordered (from bottom-to-top): S, D, G, S, D, G, S, D, G, S, D, G"
'4619',FINGERED FET,mod_dummy_fingered_fet_ov_pmos_w_4_lc_0.36_lch_0.12_lov_0.08_asym_0.0,5400,23130.0,1,4000.0,0,120.0,360.0,80.0,0.0,None,None,"3-Terminal Folded FETs PMOS Pads are ordered (from bottom-to-top): S, D, G, S, D, G, S, D, G, S, D, G"
'4620',FINGERED FET,mod_dummy_fingered_fet_ov_nmos_w_4_lc_0.36_lch_0.12_lov_0.06_asym_0.0,5450,23130.0,1,4000.0,0,120.0,360.0,60.0,0.0,None,None,"3-Terminal Folded FETs NMOS Pads are ordered (from bottom-to-top): S, D, G, S, D, G, S, D, G, S, D, G"
'4621',FINGERED FET,mod_dummy_fingered_fet_ov_pmos_w_4_lc_0.36_lch_0.12_lov_0.06_asym_0.0,5500,23130.0,1,4000.0,0,120.0,360.0,60.0,0.0,None,None,"3-Terminal Folded FETs PMOS Pads are ordered (from bottom-to-top): S, D, G, S, D, G, S, D, G, S, D, G"
'4622',FINGERED FET,mod_dummy_fingered_fet_ov_nmos_w_4_lc_0.36_lch_0.12_lov_0.04_asym_0.0,5550,23130.0,1,4000.0,0,120.0,360.0,40.0,0.0,None,None,"3-Terminal Folded FETs NMOS Pads are ordered (from bottom-to-top): S, D, G, S, D, G, S, D, G, S, D, G"
'4623',FINGERED FET,mod_dummy_fingered_fet_ov_pmos_w_4_lc_0.36_lch_0.12_lov_0.04_asym_0.0,5600,23130.0,1,4000.0,0,120.0,360.0,40.0,0.0,None,None,"3-Terminal Folded FETs PMOS Pads are ordered (from bottom-to-top): S, D, G, S, D, G, S, D, G, S, D, G"
'4624',FINGERED FET,mod_dummy_fingered_fet_ov_nmos_w_4_lc_0.36_lch_0.12_lov_0.02_asym_0.0,5650,23130.0,1,4000.0,0,120.0,360.0,20.0,0.0,None,None,"3-Terminal Folded FETs NMOS Pads are ordered (from bottom-to-top): S, D, G, S, D, G, S, D, G, S, D, G"
'4625',FINGERED FET,mod_dummy_fingered_fet_ov_pmos_w_4_lc_0.36_lch_0.12_lov_0.02_asym_0.0,5700,23130.0,1,4000.0,0,120.0,360.0,20.0,0.0,None,None,"3-Terminal Folded FETs PMOS Pads are ordered (from bottom-to-top): S, D, G, S, D, G, S, D, G, S, D, G"
'4626',FINGERED FET,mod_dummy_fingered_fet_ov_nmos_w_4_lc_0.36_lch_0.12_lov_0.0_asym_0.0,5750,23130.0,1,4000.0,0,120.0,360.0,0.0,0.0,None,None,"3-Terminal Folded FETs NMOS Pads are ordered (from bottom-to-top): S, D, G, S, D, G, S, D, G, S, D, G"
'4627',FINGERED FET,mod_dummy_fingered_fet_ov_pmos_w_4_lc_0.36_lch_0.12_lov_0.0_asym_0.0,5800,23130.0,1,4000.0,0,120.0,360.0,0.0,0.0,None,None,"3-Terminal Folded FETs PMOS Pads are ordered (from bottom-to-top): S, D, G, S, D, G, S, D, G, S, D, G"
'4628',FINGERED FET,mod_dummy_fingered_fet_ov_nmos_w_4_lc_0.36_lch_0.12_lov_-0.01_asym_0.0,5850,23130.0,1,4000.0,0,120.0,360.0,-10.0,0.0,None,None,"3-Terminal Folded FETs NMOS Pads are ordered (from bottom-to-top): S, D, G, S, D, G, S, D, G, S, D, G"
'4629',FINGERED FET,mod_dummy_fingered_fet_ov_pmos_w_4_lc_0.36_lch_0.12_lov_-0.01_asym_0.0,5900,23130.0,1,4000.0,0,120.0,360.0,-10.0,0.0,None,None,"3-Terminal Folded FETs PMOS Pads are ordered (from bottom-to-top): S, D, G, S, D, G, S, D, G, S, D, G"
'4630',FINGERED FET,mod_dummy_fingered_fet_ov_nmos_w_4_lc_0.36_lch_0.08_lov_0.1_asym_0.0,5950,23130.0,1,4000.0,0,80.0,360.0,100.0,0.0,None,None,"3-Terminal Folded FETs NMOS Pads are ordered (from bottom-to-top): S, D, G, S, D, G, S, D, G, S, D, G"
'4631',FINGERED FET,mod_dummy_fingered_fet_ov_pmos_w_4_lc_0.36_lch_0.08_lov_0.1_asym_0.0,6000,23130.0,1,4000.0,0,80.0,360.0,100.0,0.0,None,None,"3-Terminal Folded FETs PMOS Pads are ordered (from bottom-to-top): S, D, G, S, D, G, S, D, G, S, D, G"
'4632',FINGERED FET,mod_dummy_fingered_fet_ov_nmos_w_4_lc_0.36_lch_0.08_lov_0.08_asym_0.0,6050,23130.0,1,4000.0,0,80.0,360.0,80.0,0.0,None,None,"3-Terminal Folded FETs NMOS Pads are ordered (from bottom-to-top): S, D, G, S, D, G, S, D, G, S, D, G"
'4633',FINGERED FET,mod_dummy_fingered_fet_ov_pmos_w_4_lc_0.36_lch_0.08_lov_0.08_asym_0.0,6100,23130.0,1,4000.0,0,80.0,360.0,80.0,0.0,None,None,"3-Terminal Folded FETs PMOS Pads are ordered (from bottom-to-top): S, D, G, S, D, G, S, D, G, S, D, G"
'4634',FINGERED FET,mod_dummy_fingered_fet_ov_nmos_w_4_lc_0.36_lch_0.08_lov_0.06_asym_0.0,6150,23130.0,1,4000.0,0,80.0,360.0,60.0,0.0,None,None,"3-Terminal Folded FETs NMOS Pads are ordered (from bottom-to-top): S, D, G, S, D, G, S, D, G, S, D, G"
'4635',FINGERED FET,mod_dummy_fingered_fet_ov_pmos_w_4_lc_0.36_lch_0.08_lov_0.06_asym_0.0,6200,23130.0,1,4000.0,0,80.0,360.0,60.0,0.0,None,None,"3-Terminal Folded FETs PMOS Pads are ordered (from bottom-to-top): S, D, G, S, D, G, S, D, G, S, D, G"
'4636',FINGERED FET,mod_dummy_fingered_fet_ov_nmos_w_4_lc_0.36_lch_0.08_lov_0.04_asym_0.0,6250,23130.0,1,4000.0,0,80.0,360.0,40.0,0.0,None,None,"3-Terminal Folded FETs NMOS Pads are ordered (from bottom-to-top): S, D, G, S, D, G, S, D, G, S, D, G"
'4637',FINGERED FET,mod_dummy_fingered_fet_ov_pmos_w_4_lc_0.36_lch_0.08_lov_0.04_asym_0.0,6300,23130.0,1,4000.0,0,80.0,360.0,40.0,0.0,None,None,"3-Terminal Folded FETs PMOS Pads are ordered (from bottom-to-top): S, D, G, S, D, G, S, D, G, S, D, G"
'4638',FINGERED FET,mod_dummy_fingered_fet_ov_nmos_w_4_lc_0.36_lch_0.08_lov_0.02_asym_0.0,6350,23130.0,1,4000.0,0,80.0,360.0,20.0,0.0,None,None,"3-Terminal Folded FETs NMOS Pads are ordered (from bottom-to-top): S, D, G, S, D, G, S, D, G, S, D, G"
'4639',FINGERED FET,mod_dummy_fingered_fet_ov_pmos_w_4_lc_0.36_lch_0.08_lov_0.02_asym_0.0,6400,23130.0,1,4000.0,0,80.0,360.0,20.0,0.0,None,None,"3-Terminal Folded FETs PMOS Pads are ordered (from bottom-to-top): S, D, G, S, D, G, S, D, G, S, D, G"
'4640',FINGERED FET,mod_dummy_fingered_fet_ov_nmos_w_4_lc_0.36_lch_0.08_lov_0.0_asym_0.0,6450,23130.0,1,4000.0,0,80.0,360.0,0.0,0.0,None,None,"3-Terminal Folded FETs NMOS Pads are ordered (from bottom-to-top): S, D, G, S, D, G, S, D, G, S, D, G"
'4641',FINGERED FET,mod_dummy_fingered_fet_ov_pmos_w_4_lc_0.36_lch_0.08_lov_0.0_asym_0.0,6500,23130.0,1,4000.0,0,80.0,360.0,0.0,0.0,None,None,"3-Terminal Folded FETs PMOS Pads are ordered (from bottom-to-top): S, D, G, S, D, G, S, D, G, S, D, G"
'4642',FINGERED FET,mod_dummy_fingered_fet_ov_nmos_w_4_lc_0.36_lch_0.08_lov_-0.01_asym_0.0,6550,23130.0,1,4000.0,0,80.0,360.0,-10.0,0.0,None,None,"3-Terminal Folded FETs NMOS Pads are ordered (from bottom-to-top): S, D, G, S, D, G, S, D, G, S, D, G"
'4643',FINGERED FET,mod_dummy_fingered_fet_ov_pmos_w_4_lc_0.36_lch_0.08_lov_-0.01_asym_0.0,6600,23130.0,1,4000.0,0,80.0,360.0,-10.0,0.0,None,None,"3-Terminal Folded FETs PMOS Pads are ordered (from bottom-to-top): S, D, G, S, D, G, S, D, G, S, D, G"
'4644',FINGERED FET,mod_dummy_fingered_fet_ov_nmos_w_4_lc_0.28_lch_0.16_lov_0.1_asym_0.0,6650,23130.0,1,4000.0,0,160.0,280.0,100.0,0.0,None,None,"3-Terminal Folded FETs NMOS Pads are ordered (from bottom-to-top): S, D, G, S, D, G, S, D, G, S, D, G"
'4645',FINGERED FET,mod_dummy_fingered_fet_ov_pmos_w_4_lc_0.28_lch_0.16_lov_0.1_asym_0.0,6700,23130.0,1,4000.0,0,160.0,280.0,100.0,0.0,None,None,"3-Terminal Folded FETs PMOS Pads are ordered (from bottom-to-top): S, D, G, S, D, G, S, D, G, S, D, G"
'4646',FINGERED FET,mod_dummy_fingered_fet_ov_nmos_w_4_lc_0.28_lch_0.16_lov_0.08_asym_0.0,6750,23130.0,1,4000.0,0,160.0,280.0,80.0,0.0,None,None,"3-Terminal Folded FETs NMOS Pads are ordered (from bottom-to-top): S, D, G, S, D, G, S, D, G, S, D, G"
'4647',FINGERED FET,mod_dummy_fingered_fet_ov_pmos_w_4_lc_0.28_lch_0.16_lov_0.08_asym_0.0,6800,23130.0,1,4000.0,0,160.0,280.0,80.0,0.0,None,None,"3-Terminal Folded FETs PMOS Pads are ordered (from bottom-to-top): S, D, G, S, D, G, S, D, G, S, D, G"
'4648',FINGERED FET,mod_dummy_fingered_fet_ov_nmos_w_4_lc_0.28_lch_0.16_lov_0.06_asym_0.0,6850,23130.0,1,4000.0,0,160.0,280.0,60.0,0.0,None,None,"3-Terminal Folded FETs NMOS Pads are ordered (from bottom-to-top): S, D, G, S, D, G, S, D, G, S, D, G"
'4649',FINGERED FET,mod_dummy_fingered_fet_ov_pmos_w_4_lc_0.28_lch_0.16_lov_0.06_asym_0.0,6900,23130.0,1,4000.0,0,160.0,280.0,60.0,0.0,None,None,"3-Terminal Folded FETs PMOS Pads are ordered (from bottom-to-top): S, D, G, S, D, G, S, D, G, S, D, G"
'4650',FINGERED FET,mod_dummy_fingered_fet_ov_nmos_w_4_lc_0.28_lch_0.16_lov_0.04_asym_0.0,6950,23130.0,1,4000.0,0,160.0,280.0,40.0,0.0,None,None,"3-Terminal Folded FETs NMOS Pads are ordered (from bottom-to-top): S, D, G, S, D, G, S, D, G, S, D, G"
'4651',FINGERED FET,mod_dummy_fingered_fet_ov_pmos_w_4_lc_0.28_lch_0.16_lov_0.04_asym_0.0,7000,23130.0,1,4000.0,0,160.0,280.0,40.0,0.0,None,None,"3-Terminal Folded FETs PMOS Pads are ordered (from bottom-to-top): S, D, G, S, D, G, S, D, G, S, D, G"
'4652',FINGERED FET,mod_dummy_fingered_fet_ov_nmos_w_4_lc_0.28_lch_0.16_lov_0.02_asym_0.0,7050,23130.0,1,4000.0,0,160.0,280.0,20.0,0.0,None,None,"3-Terminal Folded FETs NMOS Pads are ordered (from bottom-to-top): S, D, G, S, D, G, S, D, G, S, D, G"
'4653',FINGERED FET,mod_dummy_fingered_fet_ov_pmos_w_4_lc_0.28_lch_0.16_lov_0.02_asym_0.0,7100,23130.0,1,4000.0,0,160.0,280.0,20.0,0.0,None,None,"3-Terminal Folded FETs PMOS Pads are ordered (from bottom-to-top): S, D, G, S, D, G, S, D, G, S, D, G"
'4654',FINGERED FET,mod_dummy_fingered_fet_ov_nmos_w_4_lc_0.28_lch_0.16_lov_0.0_asym_0.0,7150,23130.0,1,4000.0,0,160.0,280.0,0.0,0.0,None,None,"3-Terminal Folded FETs NMOS Pads are ordered (from bottom-to-top): S, D, G, S, D, G, S, D, G, S, D, G"
'4655',FINGERED FET,mod_dummy_fingered_fet_ov_pmos_w_4_lc_0.28_lch_0.16_lov_0.0_asym_0.0,7200,23130.0,1,4000.0,0,160.0,280.0,0.0,0.0,None,None,"3-Terminal Folded FETs PMOS Pads are ordered (from bottom-to-top): S, D, G, S, D, G, S, D, G, S, D, G"
'4656',FINGERED FET,mod_dummy_fingered_fet_ov_nmos_w_4_lc_0.28_lch_0.16_lov_-0.01_asym_0.0,7250,23130.0,1,4000.0,0,160.0,280.0,-10.0,0.0,None,None,"3-Terminal Folded FETs NMOS Pads are ordered (from bottom-to-top): S, D, G, S, D, G, S, D, G, S, D, G"
'4657',FINGERED FET,mod_dummy_fingered_fet_ov_pmos_w_4_lc_0.28_lch_0.16_lov_-0.01_asym_0.0,7300,23130.0,1,4000.0,0,160.0,280.0,-10.0,0.0,None,None,"3-Terminal Folded FETs PMOS Pads are ordered (from bottom-to-top): S, D, G, S, D, G, S, D, G, S, D, G"
'4658',FINGERED FET,mod_dummy_fingered_fet_ov_nmos_w_4_lc_0.28_lch_0.12_lov_0.1_asym_0.0,7350,23130.0,1,4000.0,0,120.0,280.0,100.0,0.0,None,None,"3-Terminal Folded FETs NMOS Pads are ordered (from bottom-to-top): S, D, G, S, D, G, S, D, G, S, D, G"
'4659',FINGERED FET,mod_dummy_fingered_fet_ov_pmos_w_4_lc_0.28_lch_0.12_lov_0.1_asym_0.0,7400,23130.0,1,4000.0,0,120.0,280.0,100.0,0.0,None,None,"3-Terminal Folded FETs PMOS Pads are ordered (from bottom-to-top): S, D, G, S, D, G, S, D, G, S, D, G"
'4660',FINGERED FET,mod_dummy_fingered_fet_ov_nmos_w_4_lc_0.28_lch_0.12_lov_0.08_asym_0.0,7450,23130.0,1,4000.0,0,120.0,280.0,80.0,0.0,None,None,"3-Terminal Folded FETs NMOS Pads are ordered (from bottom-to-top): S, D, G, S, D, G, S, D, G, S, D, G"
'4661',FINGERED FET,mod_dummy_fingered_fet_ov_pmos_w_4_lc_0.28_lch_0.12_lov_0.08_asym_0.0,7500,23130.0,1,4000.0,0,120.0,280.0,80.0,0.0,None,None,"3-Terminal Folded FETs PMOS Pads are ordered (from bottom-to-top): S, D, G, S, D, G, S, D, G, S, D, G"
'4662',FINGERED FET,mod_dummy_fingered_fet_ov_nmos_w_4_lc_0.28_lch_0.12_lov_0.06_asym_0.0,7550,23130.0,1,4000.0,0,120.0,280.0,60.0,0.0,None,None,"3-Terminal Folded FETs NMOS Pads are ordered (from bottom-to-top): S, D, G, S, D, G, S, D, G, S, D, G"
'4663',FINGERED FET,mod_dummy_fingered_fet_ov_pmos_w_4_lc_0.28_lch_0.12_lov_0.06_asym_0.0,7600,23130.0,1,4000.0,0,120.0,280.0,60.0,0.0,None,None,"3-Terminal Folded FETs PMOS Pads are ordered (from bottom-to-top): S, D, G, S, D, G, S, D, G, S, D, G"
'4664',FINGERED FET,mod_dummy_fingered_fet_ov_nmos_w_4_lc_0.28_lch_0.12_lov_0.04_asym_0.0,7650,23130.0,1,4000.0,0,120.0,280.0,40.0,0.0,None,None,"3-Terminal Folded FETs NMOS Pads are ordered (from bottom-to-top): S, D, G, S, D, G, S, D, G, S, D, G"
'4665',FINGERED FET,mod_dummy_fingered_fet_ov_pmos_w_4_lc_0.28_lch_0.12_lov_0.04_asym_0.0,7700,23130.0,1,4000.0,0,120.0,280.0,40.0,0.0,None,None,"3-Terminal Folded FETs PMOS Pads are ordered (from bottom-to-top): S, D, G, S, D, G, S, D, G, S, D, G"
'4666',FINGERED FET,mod_dummy_fingered_fet_ov_nmos_w_4_lc_0.28_lch_0.12_lov_0.02_asym_0.0,7750,23130.0,1,4000.0,0,120.0,280.0,20.0,0.0,None,None,"3-Terminal Folded FETs NMOS Pads are ordered (from bottom-to-top): S, D, G, S, D, G, S, D, G, S, D, G"
'4667',FINGERED FET,mod_dummy_fingered_fet_ov_pmos_w_4_lc_0.28_lch_0.12_lov_0.02_asym_0.0,7800,23130.0,1,4000.0,0,120.0,280.0,20.0,0.0,None,None,"3-Terminal Folded FETs PMOS Pads are ordered (from bottom-to-top): S, D, G, S, D, G, S, D, G, S, D, G"
'4668',FINGERED FET,mod_dummy_fingered_fet_ov_nmos_w_4_lc_0.28_lch_0.12_lov_0.0_asym_0.0,7850,23130.0,1,4000.0,0,120.0,280.0,0.0,0.0,None,None,"3-Terminal Folded FETs NMOS Pads are ordered (from bottom-to-top): S, D, G, S, D, G, S, D, G, S, D, G"
'4669',FINGERED FET,mod_dummy_fingered_fet_ov_pmos_w_4_lc_0.28_lch_0.12_lov_0.0_asym_0.0,7900,23130.0,1,4000.0,0,120.0,280.0,0.0,0.0,None,None,"3-Terminal Folded FETs PMOS Pads are ordered (from bottom-to-top): S, D, G, S, D, G, S, D, G, S, D, G"
'4670',FINGERED FET,mod_dummy_fingered_fet_ov_nmos_w_4_lc_0.28_lch_0.12_lov_-0.01_asym_0.0,7950,23130.0,1,4000.0,0,120.0,280.0,-10.0,0.0,None,None,"3-Terminal Folded FETs NMOS Pads are ordered (from bottom-to-top): S, D, G, S, D, G, S, D, G, S, D, G"
'4671',FINGERED FET,mod_dummy_fingered_fet_ov_pmos_w_4_lc_0.28_lch_0.12_lov_-0.01_asym_0.0,8000,23130.0,1,4000.0,0,120.0,280.0,-10.0,0.0,None,None,"3-Terminal Folded FETs PMOS Pads are ordered (from bottom-to-top): S, D, G, S, D, G, S, D, G, S, D, G"
'4672',FINGERED FET,mod_dummy_fingered_fet_ov_nmos_w_4_lc_0.28_lch_0.08_lov_0.1_asym_0.0,8050,23130.0,1,4000.0,0,80.0,280.0,100.0,0.0,None,None,"3-Terminal Folded FETs NMOS Pads are ordered (from bottom-to-top): S, D, G, S, D, G, S, D, G, S, D, G"
'4673',FINGERED FET,mod_dummy_fingered_fet_ov_pmos_w_4_lc_0.28_lch_0.08_lov_0.1_asym_0.0,8100,23130.0,1,4000.0,0,80.0,280.0,100.0,0.0,None,None,"3-Terminal Folded FETs PMOS Pads are ordered (from bottom-to-top): S, D, G, S, D, G, S, D, G, S, D, G"
'4674',FINGERED FET,mod_dummy_fingered_fet_ov_nmos_w_4_lc_0.28_lch_0.08_lov_0.08_asym_0.0,8150,23130.0,1,4000.0,0,80.0,280.0,80.0,0.0,None,None,"3-Terminal Folded FETs NMOS Pads are ordered (from bottom-to-top): S, D, G, S, D, G, S, D, G, S, D, G"
'4675',FINGERED FET,mod_dummy_fingered_fet_ov_pmos_w_4_lc_0.28_lch_0.08_lov_0.08_asym_0.0,8200,23130.0,1,4000.0,0,80.0,280.0,80.0,0.0,None,None,"3-Terminal Folded FETs PMOS Pads are ordered (from bottom-to-top): S, D, G, S, D, G, S, D, G, S, D, G"
'4676',FINGERED FET,mod_dummy_fingered_fet_ov_nmos_w_4_lc_0.28_lch_0.08_lov_0.06_asym_0.0,8250,23130.0,1,4000.0,0,80.0,280.0,60.0,0.0,None,None,"3-Terminal Folded FETs NMOS Pads are ordered (from bottom-to-top): S, D, G, S, D, G, S, D, G, S, D, G"
'4677',FINGERED FET,mod_dummy_fingered_fet_ov_pmos_w_4_lc_0.28_lch_0.08_lov_0.06_asym_0.0,8300,23130.0,1,4000.0,0,80.0,280.0,60.0,0.0,None,None,"3-Terminal Folded FETs PMOS Pads are ordered (from bottom-to-top): S, D, G, S, D, G, S, D, G, S, D, G"
'4678',FINGERED FET,mod_dummy_fingered_fet_ov_nmos_w_4_lc_0.28_lch_0.08_lov_0.04_asym_0.0,8350,23130.0,1,4000.0,0,80.0,280.0,40.0,0.0,None,None,"3-Terminal Folded FETs NMOS Pads are ordered (from bottom-to-top): S, D, G, S, D, G, S, D, G, S, D, G"
'4679',FINGERED FET,mod_dummy_fingered_fet_ov_pmos_w_4_lc_0.28_lch_0.08_lov_0.04_asym_0.0,8400,23130.0,1,4000.0,0,80.0,280.0,40.0,0.0,None,None,"3-Terminal Folded FETs PMOS Pads are ordered (from bottom-to-top): S, D, G, S, D, G, S, D, G, S, D, G"
'4680',FINGERED FET,mod_dummy_fingered_fet_ov_nmos_w_4_lc_0.28_lch_0.08_lov_0.02_asym_0.0,8450,23130.0,1,4000.0,0,80.0,280.0,20.0,0.0,None,None,"3-Terminal Folded FETs NMOS Pads are ordered (from bottom-to-top): S, D, G, S, D, G, S, D, G, S, D, G"
'4681',FINGERED FET,mod_dummy_fingered_fet_ov_pmos_w_4_lc_0.28_lch_0.08_lov_0.02_asym_0.0,8500,23130.0,1,4000.0,0,80.0,280.0,20.0,0.0,None,None,"3-Terminal Folded FETs PMOS Pads are ordered (from bottom-to-top): S, D, G, S, D, G, S, D, G, S, D, G"
'4682',FINGERED FET,mod_dummy_fingered_fet_ov_nmos_w_4_lc_0.28_lch_0.08_lov_0.0_asym_0.0,8550,23130.0,1,4000.0,0,80.0,280.0,0.0,0.0,None,None,"3-Terminal Folded FETs NMOS Pads are ordered (from bottom-to-top): S, D, G, S, D, G, S, D, G, S, D, G"
'4683',FINGERED FET,mod_dummy_fingered_fet_ov_pmos_w_4_lc_0.28_lch_0.08_lov_0.0_asym_0.0,8600,23130.0,1,4000.0,0,80.0,280.0,0.0,0.0,None,None,"3-Terminal Folded FETs PMOS Pads are ordered (from bottom-to-top): S, D, G, S, D, G, S, D, G, S, D, G"
'4684',FINGERED FET,mod_dummy_fingered_fet_ov_nmos_w_4_lc_0.28_lch_0.08_lov_-0.01_asym_0.0,8650,23130.0,1,4000.0,0,80.0,280.0,-10.0,0.0,None,None,"3-Terminal Folded FETs NMOS Pads are ordered (from bottom-to-top): S, D, G, S, D, G, S, D, G, S, D, G"
'4685',FINGERED FET,mod_dummy_fingered_fet_ov_pmos_w_4_lc_0.28_lch_0.08_lov_-0.01_asym_0.0,8700,23130.0,1,4000.0,0,80.0,280.0,-10.0,0.0,None,None,"3-Terminal Folded FETs PMOS Pads are ordered (from bottom-to-top): S, D, G, S, D, G, S, D, G, S, D, G"
'4686',FINGERED FET,mod_dummy_fingered_fet_ov_nmos_w_4_lc_0.24_lch_0.16_lov_0.1_asym_0.0,8750,23130.0,1,4000.0,0,160.0,240.0,100.0,0.0,None,None,"3-Terminal Folded FETs NMOS Pads are ordered (from bottom-to-top): S, D, G, S, D, G, S, D, G, S, D, G"
'4687',FINGERED FET,mod_dummy_fingered_fet_ov_pmos_w_4_lc_0.24_lch_0.16_lov_0.1_asym_0.0,8800,23130.0,1,4000.0,0,160.0,240.0,100.0,0.0,None,None,"3-Terminal Folded FETs PMOS Pads are ordered (from bottom-to-top): S, D, G, S, D, G, S, D, G, S, D, G"
'4688',FINGERED FET,mod_dummy_fingered_fet_ov_nmos_w_4_lc_0.24_lch_0.16_lov_0.08_asym_0.0,8850,23130.0,1,4000.0,0,160.0,240.0,80.0,0.0,None,None,"3-Terminal Folded FETs NMOS Pads are ordered (from bottom-to-top): S, D, G, S, D, G, S, D, G, S, D, G"
'4689',FINGERED FET,mod_dummy_fingered_fet_ov_pmos_w_4_lc_0.24_lch_0.16_lov_0.08_asym_0.0,8900,23130.0,1,4000.0,0,160.0,240.0,80.0,0.0,None,None,"3-Terminal Folded FETs PMOS Pads are ordered (from bottom-to-top): S, D, G, S, D, G, S, D, G, S, D, G"
'4690',FINGERED FET,mod_dummy_fingered_fet_ov_nmos_w_4_lc_0.24_lch_0.16_lov_0.06_asym_0.0,8950,23130.0,1,4000.0,0,160.0,240.0,60.0,0.0,None,None,"3-Terminal Folded FETs NMOS Pads are ordered (from bottom-to-top): S, D, G, S, D, G, S, D, G, S, D, G"
'4691',FINGERED FET,mod_dummy_fingered_fet_ov_pmos_w_4_lc_0.24_lch_0.16_lov_0.06_asym_0.0,9000,23130.0,1,4000.0,0,160.0,240.0,60.0,0.0,None,None,"3-Terminal Folded FETs PMOS Pads are ordered (from bottom-to-top): S, D, G, S, D, G, S, D, G, S, D, G"
'4692',FINGERED FET,mod_dummy_fingered_fet_ov_nmos_w_4_lc_0.24_lch_0.16_lov_0.04_asym_0.0,9050,23130.0,1,4000.0,0,160.0,240.0,40.0,0.0,None,None,"3-Terminal Folded FETs NMOS Pads are ordered (from bottom-to-top): S, D, G, S, D, G, S, D, G, S, D, G"
'4693',FINGERED FET,mod_dummy_fingered_fet_ov_pmos_w_4_lc_0.24_lch_0.16_lov_0.04_asym_0.0,9100,23130.0,1,4000.0,0,160.0,240.0,40.0,0.0,None,None,"3-Terminal Folded FETs PMOS Pads are ordered (from bottom-to-top): S, D, G, S, D, G, S, D, G, S, D, G"
'4694',FINGERED FET,mod_dummy_fingered_fet_ov_nmos_w_4_lc_0.24_lch_0.16_lov_0.02_asym_0.0,9150,23130.0,1,4000.0,0,160.0,240.0,20.0,0.0,None,None,"3-Terminal Folded FETs NMOS Pads are ordered (from bottom-to-top): S, D, G, S, D, G, S, D, G, S, D, G"
'4695',FINGERED FET,mod_dummy_fingered_fet_ov_pmos_w_4_lc_0.24_lch_0.16_lov_0.02_asym_0.0,9200,23130.0,1,4000.0,0,160.0,240.0,20.0,0.0,None,None,"3-Terminal Folded FETs PMOS Pads are ordered (from bottom-to-top): S, D, G, S, D, G, S, D, G, S, D, G"
'4696',FINGERED FET,mod_dummy_fingered_fet_ov_nmos_w_4_lc_0.24_lch_0.16_lov_0.0_asym_0.0,9250,23130.0,1,4000.0,0,160.0,240.0,0.0,0.0,None,None,"3-Terminal Folded FETs NMOS Pads are ordered (from bottom-to-top): S, D, G, S, D, G, S, D, G, S, D, G"
'4697',FINGERED FET,mod_dummy_fingered_fet_ov_pmos_w_4_lc_0.24_lch_0.16_lov_0.0_asym_0.0,9300,23130.0,1,4000.0,0,160.0,240.0,0.0,0.0,None,None,"3-Terminal Folded FETs PMOS Pads are ordered (from bottom-to-top): S, D, G, S, D, G, S, D, G, S, D, G"
'4698',FINGERED FET,mod_dummy_fingered_fet_ov_nmos_w_4_lc_0.24_lch_0.16_lov_-0.01_asym_0.0,9350,23130.0,1,4000.0,0,160.0,240.0,-10.0,0.0,None,None,"3-Terminal Folded FETs NMOS Pads are ordered (from bottom-to-top): S, D, G, S, D, G, S, D, G, S, D, G"
'4699',FINGERED FET,mod_dummy_fingered_fet_ov_pmos_w_4_lc_0.24_lch_0.16_lov_-0.01_asym_0.0,9400,23130.0,1,4000.0,0,160.0,240.0,-10.0,0.0,None,None,"3-Terminal Folded FETs PMOS Pads are ordered (from bottom-to-top): S, D, G, S, D, G, S, D, G, S, D, G"
'4700',FINGERED FET,mod_dummy_fingered_fet_ov_nmos_w_4_lc_0.24_lch_0.12_lov_0.1_asym_0.0,9450,23130.0,1,4000.0,0,120.0,240.0,100.0,0.0,None,None,"3-Terminal Folded FETs NMOS Pads are ordered (from bottom-to-top): S, D, G, S, D, G, S, D, G, S, D, G"
'4701',FINGERED FET,mod_dummy_fingered_fet_ov_pmos_w_4_lc_0.24_lch_0.12_lov_0.1_asym_0.0,9500,23130.0,1,4000.0,0,120.0,240.0,100.0,0.0,None,None,"3-Terminal Folded FETs PMOS Pads are ordered (from bottom-to-top): S, D, G, S, D, G, S, D, G, S, D, G"
'4702',FINGERED FET,mod_dummy_fingered_fet_ov_nmos_w_4_lc_0.24_lch_0.12_lov_0.08_asym_0.0,9550,23130.0,1,4000.0,0,120.0,240.0,80.0,0.0,None,None,"3-Terminal Folded FETs NMOS Pads are ordered (from bottom-to-top): S, D, G, S, D, G, S, D, G, S, D, G"
'4703',FINGERED FET,mod_dummy_fingered_fet_ov_pmos_w_4_lc_0.24_lch_0.12_lov_0.08_asym_0.0,9600,23130.0,1,4000.0,0,120.0,240.0,80.0,0.0,None,None,"3-Terminal Folded FETs PMOS Pads are ordered (from bottom-to-top): S, D, G, S, D, G, S, D, G, S, D, G"
'4704',FINGERED FET,mod_dummy_fingered_fet_ov_nmos_w_4_lc_0.24_lch_0.12_lov_0.06_asym_0.0,9650,23130.0,1,4000.0,0,120.0,240.0,60.0,0.0,None,None,"3-Terminal Folded FETs NMOS Pads are ordered (from bottom-to-top): S, D, G, S, D, G, S, D, G, S, D, G"
'4705',FINGERED FET,mod_dummy_fingered_fet_ov_pmos_w_4_lc_0.24_lch_0.12_lov_0.06_asym_0.0,9700,23130.0,1,4000.0,0,120.0,240.0,60.0,0.0,None,None,"3-Terminal Folded FETs PMOS Pads are ordered (from bottom-to-top): S, D, G, S, D, G, S, D, G, S, D, G"
'4706',FINGERED FET,mod_dummy_fingered_fet_ov_nmos_w_4_lc_0.24_lch_0.12_lov_0.04_asym_0.0,9750,23130.0,1,4000.0,0,120.0,240.0,40.0,0.0,None,None,"3-Terminal Folded FETs NMOS Pads are ordered (from bottom-to-top): S, D, G, S, D, G, S, D, G, S, D, G"
'4707',FINGERED FET,mod_dummy_fingered_fet_ov_pmos_w_4_lc_0.24_lch_0.12_lov_0.04_asym_0.0,9800,23130.0,1,4000.0,0,120.0,240.0,40.0,0.0,None,None,"3-Terminal Folded FETs PMOS Pads are ordered (from bottom-to-top): S, D, G, S, D, G, S, D, G, S, D, G"
'4708',FINGERED FET,mod_dummy_fingered_fet_ov_nmos_w_4_lc_0.24_lch_0.12_lov_0.02_asym_0.0,9850,23130.0,1,4000.0,0,120.0,240.0,20.0,0.0,None,None,"3-Terminal Folded FETs NMOS Pads are ordered (from bottom-to-top): S, D, G, S, D, G, S, D, G, S, D, G"
'4709',FINGERED FET,mod_dummy_fingered_fet_ov_pmos_w_4_lc_0.24_lch_0.12_lov_0.02_asym_0.0,9900,23130.0,1,4000.0,0,120.0,240.0,20.0,0.0,None,None,"3-Terminal Folded FETs PMOS Pads are ordered (from bottom-to-top): S, D, G, S, D, G, S, D, G, S, D, G"
'4710',FINGERED FET,mod_dummy_fingered_fet_ov_nmos_w_4_lc_0.24_lch_0.12_lov_0.0_asym_0.0,9950,23130.0,1,4000.0,0,120.0,240.0,0.0,0.0,None,None,"3-Terminal Folded FETs NMOS Pads are ordered (from bottom-to-top): S, D, G, S, D, G, S, D, G, S, D, G"
'4711',FINGERED FET,mod_dummy_fingered_fet_ov_pmos_w_4_lc_0.24_lch_0.12_lov_0.0_asym_0.0,10000,23130.0,1,4000.0,0,120.0,240.0,0.0,0.0,None,None,"3-Terminal Folded FETs PMOS Pads are ordered (from bottom-to-top): S, D, G, S, D, G, S, D, G, S, D, G"
'4712',FINGERED FET,mod_dummy_fingered_fet_ov_nmos_w_4_lc_0.24_lch_0.12_lov_-0.01_asym_0.0,10050,23130.0,1,4000.0,0,120.0,240.0,-10.0,0.0,None,None,"3-Terminal Folded FETs NMOS Pads are ordered (from bottom-to-top): S, D, G, S, D, G, S, D, G, S, D, G"
'4713',FINGERED FET,mod_dummy_fingered_fet_ov_pmos_w_4_lc_0.24_lch_0.12_lov_-0.01_asym_0.0,10100,23130.0,1,4000.0,0,120.0,240.0,-10.0,0.0,None,None,"3-Terminal Folded FETs PMOS Pads are ordered (from bottom-to-top): S, D, G, S, D, G, S, D, G, S, D, G"
'4714',FINGERED FET,mod_dummy_fingered_fet_ov_nmos_w_4_lc_0.24_lch_0.08_lov_0.1_asym_0.0,10150,23130.0,1,4000.0,0,80.0,240.0,100.0,0.0,None,None,"3-Terminal Folded FETs NMOS Pads are ordered (from bottom-to-top): S, D, G, S, D, G, S, D, G, S, D, G"
'4715',FINGERED FET,mod_dummy_fingered_fet_ov_pmos_w_4_lc_0.24_lch_0.08_lov_0.1_asym_0.0,10200,23130.0,1,4000.0,0,80.0,240.0,100.0,0.0,None,None,"3-Terminal Folded FETs PMOS Pads are ordered (from bottom-to-top): S, D, G, S, D, G, S, D, G, S, D, G"
'4716',FINGERED FET,mod_dummy_fingered_fet_ov_nmos_w_4_lc_0.24_lch_0.08_lov_0.08_asym_0.0,10250,23130.0,1,4000.0,0,80.0,240.0,80.0,0.0,None,None,"3-Terminal Folded FETs NMOS Pads are ordered (from bottom-to-top): S, D, G, S, D, G, S, D, G, S, D, G"
'4717',FINGERED FET,mod_dummy_fingered_fet_ov_pmos_w_4_lc_0.24_lch_0.08_lov_0.08_asym_0.0,10300,23130.0,1,4000.0,0,80.0,240.0,80.0,0.0,None,None,"3-Terminal Folded FETs PMOS Pads are ordered (from bottom-to-top): S, D, G, S, D, G, S, D, G, S, D, G"
'4718',FINGERED FET,mod_dummy_fingered_fet_ov_nmos_w_4_lc_0.24_lch_0.08_lov_0.06_asym_0.0,10350,23130.0,1,4000.0,0,80.0,240.0,60.0,0.0,None,None,"3-Terminal Folded FETs NMOS Pads are ordered (from bottom-to-top): S, D, G, S, D, G, S, D, G, S, D, G"
'4719',FINGERED FET,mod_dummy_fingered_fet_ov_pmos_w_4_lc_0.24_lch_0.08_lov_0.06_asym_0.0,10400,23130.0,1,4000.0,0,80.0,240.0,60.0,0.0,None,None,"3-Terminal Folded FETs PMOS Pads are ordered (from bottom-to-top): S, D, G, S, D, G, S, D, G, S, D, G"
'4720',FINGERED FET,mod_dummy_fingered_fet_ov_nmos_w_4_lc_0.24_lch_0.08_lov_0.04_asym_0.0,10450,23130.0,1,4000.0,0,80.0,240.0,40.0,0.0,None,None,"3-Terminal Folded FETs NMOS Pads are ordered (from bottom-to-top): S, D, G, S, D, G, S, D, G, S, D, G"
'4721',FINGERED FET,mod_dummy_fingered_fet_ov_pmos_w_4_lc_0.24_lch_0.08_lov_0.04_asym_0.0,10500,23130.0,1,4000.0,0,80.0,240.0,40.0,0.0,None,None,"3-Terminal Folded FETs PMOS Pads are ordered (from bottom-to-top): S, D, G, S, D, G, S, D, G, S, D, G"
'4722',FINGERED FET,mod_dummy_fingered_fet_ov_nmos_w_4_lc_0.24_lch_0.08_lov_0.02_asym_0.0,10550,23130.0,1,4000.0,0,80.0,240.0,20.0,0.0,None,None,"3-Terminal Folded FETs NMOS Pads are ordered (from bottom-to-top): S, D, G, S, D, G, S, D, G, S, D, G"
'4723',FINGERED FET,mod_dummy_fingered_fet_ov_pmos_w_4_lc_0.24_lch_0.08_lov_0.02_asym_0.0,10600,23130.0,1,4000.0,0,80.0,240.0,20.0,0.0,None,None,"3-Terminal Folded FETs PMOS Pads are ordered (from bottom-to-top): S, D, G, S, D, G, S, D, G, S, D, G"
'4724',FINGERED FET,mod_dummy_fingered_fet_ov_nmos_w_4_lc_0.24_lch_0.08_lov_0.0_asym_0.0,10650,23130.0,1,4000.0,0,80.0,240.0,0.0,0.0,None,None,"3-Terminal Folded FETs NMOS Pads are ordered (from bottom-to-top): S, D, G, S, D, G, S, D, G, S, D, G"
'4725',FINGERED FET,mod_dummy_fingered_fet_ov_pmos_w_4_lc_0.24_lch_0.08_lov_0.0_asym_0.0,10700,23130.0,1,4000.0,0,80.0,240.0,0.0,0.0,None,None,"3-Terminal Folded FETs PMOS Pads are ordered (from bottom-to-top): S, D, G, S, D, G, S, D, G, S, D, G"
'4726',FINGERED FET,mod_dummy_fingered_fet_ov_nmos_w_4_lc_0.24_lch_0.08_lov_-0.01_asym_0.0,10750,23130.0,1,4000.0,0,80.0,240.0,-10.0,0.0,None,None,"3-Terminal Folded FETs NMOS Pads are ordered (from bottom-to-top): S, D, G, S, D, G, S, D, G, S, D, G"
'4727',FINGERED FET,mod_dummy_fingered_fet_ov_pmos_w_4_lc_0.24_lch_0.08_lov_-0.01_asym_0.0,10800,23130.0,1,4000.0,0,80.0,240.0,-10.0,0.0,None,None,"3-Terminal Folded FETs PMOS Pads are ordered (from bottom-to-top): S, D, G, S, D, G, S, D, G, S, D, G"
'4728',FINGERED FET,mod_dummy_fingered_fet_asym_nmos_w_4_lc_0.28_lch_0.16_lov_0.06_asym_-0.02,10900,23130.0,1,4000.0,0,160.0,280.0,60.0,-20.0,None,None,"3-Terminal Folded FETs NMOS Pads are ordered (from bottom-to-top): S, D, G, S, D, G, S, D, G, S, D, G"
'4729',FINGERED FET,mod_dummy_fingered_fet_asym_pmos_w_4_lc_0.28_lch_0.16_lov_0.06_asym_-0.02,10950,23130.0,1,4000.0,0,160.0,280.0,60.0,-20.0,None,None,"3-Terminal Folded FETs PMOS Pads are ordered (from bottom-to-top): S, D, G, S, D, G, S, D, G, S, D, G"
'4730',FINGERED FET,mod_dummy_fingered_fet_asym_nmos_w_4_lc_0.28_lch_0.16_lov_0.06_asym_-0.04,11000,23130.0,1,4000.0,0,160.0,280.0,60.0,-40.0,None,None,"3-Terminal Folded FETs NMOS Pads are ordered (from bottom-to-top): S, D, G, S, D, G, S, D, G, S, D, G"
'4731',FINGERED FET,mod_dummy_fingered_fet_asym_pmos_w_4_lc_0.28_lch_0.16_lov_0.06_asym_-0.04,11050,23130.0,1,4000.0,0,160.0,280.0,60.0,-40.0,None,None,"3-Terminal Folded FETs PMOS Pads are ordered (from bottom-to-top): S, D, G, S, D, G, S, D, G, S, D, G"
'4732',FINGERED FET,mod_dummy_fingered_fet_asym_nmos_w_4_lc_0.28_lch_0.16_lov_0.04_asym_-0.02,11100,23130.0,1,4000.0,0,160.0,280.0,40.0,-20.0,None,None,"3-Terminal Folded FETs NMOS Pads are ordered (from bottom-to-top): S, D, G, S, D, G, S, D, G, S, D, G"
'4733',FINGERED FET,mod_dummy_fingered_fet_asym_pmos_w_4_lc_0.28_lch_0.16_lov_0.04_asym_-0.02,11150,23130.0,1,4000.0,0,160.0,280.0,40.0,-20.0,None,None,"3-Terminal Folded FETs PMOS Pads are ordered (from bottom-to-top): S, D, G, S, D, G, S, D, G, S, D, G"
'4734',FINGERED FET,mod_dummy_fingered_fet_asym_nmos_w_4_lc_0.28_lch_0.16_lov_0.04_asym_-0.04,11200,23130.0,1,4000.0,0,160.0,280.0,40.0,-40.0,None,None,"3-Terminal Folded FETs NMOS Pads are ordered (from bottom-to-top): S, D, G, S, D, G, S, D, G, S, D, G"
'4735',FINGERED FET,mod_dummy_fingered_fet_asym_pmos_w_4_lc_0.28_lch_0.16_lov_0.04_asym_-0.04,11250,23130.0,1,4000.0,0,160.0,280.0,40.0,-40.0,None,None,"3-Terminal Folded FETs PMOS Pads are ordered (from bottom-to-top): S, D, G, S, D, G, S, D, G, S, D, G"
'4736',FINGERED FET,mod_dummy_fingered_fet_asym_nmos_w_4_lc_0.28_lch_0.16_lov_0.02_asym_-0.02,11300,23130.0,1,4000.0,0,160.0,280.0,20.0,-20.0,None,None,"3-Terminal Folded FETs NMOS Pads are ordered (from bottom-to-top): S, D, G, S, D, G, S, D, G, S, D, G"
'4737',FINGERED FET,mod_dummy_fingered_fet_asym_pmos_w_4_lc_0.28_lch_0.16_lov_0.02_asym_-0.02,11350,23130.0,1,4000.0,0,160.0,280.0,20.0,-20.0,None,None,"3-Terminal Folded FETs PMOS Pads are ordered (from bottom-to-top): S, D, G, S, D, G, S, D, G, S, D, G"
'4738',FINGERED FET,mod_dummy_fingered_fet_asym_nmos_w_4_lc_0.28_lch_0.16_lov_0.02_asym_-0.04,11400,23130.0,1,4000.0,0,160.0,280.0,20.0,-40.0,None,None,"3-Terminal Folded FETs NMOS Pads are ordered (from bottom-to-top): S, D, G, S, D, G, S, D, G, S, D, G"
'4739',FINGERED FET,mod_dummy_fingered_fet_asym_pmos_w_4_lc_0.28_lch_0.16_lov_0.02_asym_-0.04,11450,23130.0,1,4000.0,0,160.0,280.0,20.0,-40.0,None,None,"3-Terminal Folded FETs PMOS Pads are ordered (from bottom-to-top): S, D, G, S, D, G, S, D, G, S, D, G"
'4740',FINGERED FET,mod_dummy_fingered_fet_asym_nmos_w_4_lc_0.28_lch_0.12_lov_0.06_asym_-0.02,11500,23130.0,1,4000.0,0,120.0,280.0,60.0,-20.0,None,None,"3-Terminal Folded FETs NMOS Pads are ordered (from bottom-to-top): S, D, G, S, D, G, S, D, G, S, D, G"
'4741',FINGERED FET,mod_dummy_fingered_fet_asym_pmos_w_4_lc_0.28_lch_0.12_lov_0.06_asym_-0.02,11550,23130.0,1,4000.0,0,120.0,280.0,60.0,-20.0,None,None,"3-Terminal Folded FETs PMOS Pads are ordered (from bottom-to-top): S, D, G, S, D, G, S, D, G, S, D, G"
'4742',FINGERED FET,mod_dummy_fingered_fet_asym_nmos_w_4_lc_0.28_lch_0.12_lov_0.06_asym_-0.04,11600,23130.0,1,4000.0,0,120.0,280.0,60.0,-40.0,None,None,"3-Terminal Folded FETs NMOS Pads are ordered (from bottom-to-top): S, D, G, S, D, G, S, D, G, S, D, G"
'4743',FINGERED FET,mod_dummy_fingered_fet_asym_pmos_w_4_lc_0.28_lch_0.12_lov_0.06_asym_-0.04,11650,23130.0,1,4000.0,0,120.0,280.0,60.0,-40.0,None,None,"3-Terminal Folded FETs PMOS Pads are ordered (from bottom-to-top): S, D, G, S, D, G, S, D, G, S, D, G"
'4744',FINGERED FET,mod_dummy_fingered_fet_asym_nmos_w_4_lc_0.28_lch_0.12_lov_0.04_asym_-0.02,11700,23130.0,1,4000.0,0,120.0,280.0,40.0,-20.0,None,None,"3-Terminal Folded FETs NMOS Pads are ordered (from bottom-to-top): S, D, G, S, D, G, S, D, G, S, D, G"
'4745',FINGERED FET,mod_dummy_fingered_fet_asym_pmos_w_4_lc_0.28_lch_0.12_lov_0.04_asym_-0.02,11750,23130.0,1,4000.0,0,120.0,280.0,40.0,-20.0,None,None,"3-Terminal Folded FETs PMOS Pads are ordered (from bottom-to-top): S, D, G, S, D, G, S, D, G, S, D, G"
'4746',FINGERED FET,mod_dummy_fingered_fet_asym_nmos_w_4_lc_0.28_lch_0.12_lov_0.04_asym_-0.04,11800,23130.0,1,4000.0,0,120.0,280.0,40.0,-40.0,None,None,"3-Terminal Folded FETs NMOS Pads are ordered (from bottom-to-top): S, D, G, S, D, G, S, D, G, S, D, G"
'4747',FINGERED FET,mod_dummy_fingered_fet_asym_pmos_w_4_lc_0.28_lch_0.12_lov_0.04_asym_-0.04,11850,23130.0,1,4000.0,0,120.0,280.0,40.0,-40.0,None,None,"3-Terminal Folded FETs PMOS Pads are ordered (from bottom-to-top): S, D, G, S, D, G, S, D, G, S, D, G"
'4748',FINGERED FET,mod_dummy_fingered_fet_asym_nmos_w_4_lc_0.28_lch_0.12_lov_0.02_asym_-0.02,11900,23130.0,1,4000.0,0,120.0,280.0,20.0,-20.0,None,None,"3-Terminal Folded FETs NMOS Pads are ordered (from bottom-to-top): S, D, G, S, D, G, S, D, G, S, D, G"
'4749',FINGERED FET,mod_dummy_fingered_fet_asym_pmos_w_4_lc_0.28_lch_0.12_lov_0.02_asym_-0.02,11950,23130.0,1,4000.0,0,120.0,280.0,20.0,-20.0,None,None,"3-Terminal Folded FETs PMOS Pads are ordered (from bottom-to-top): S, D, G, S, D, G, S, D, G, S, D, G"
'4750',FINGERED FET,mod_dummy_fingered_fet_asym_nmos_w_4_lc_0.28_lch_0.12_lov_0.02_asym_-0.04,12000,23130.0,1,4000.0,0,120.0,280.0,20.0,-40.0,None,None,"3-Terminal Folded FETs NMOS Pads are ordered (from bottom-to-top): S, D, G, S, D, G, S, D, G, S, D, G"
'4751',FINGERED FET,mod_dummy_fingered_fet_asym_pmos_w_4_lc_0.28_lch_0.12_lov_0.02_asym_-0.04,12050,23130.0,1,4000.0,0,120.0,280.0,20.0,-40.0,None,None,"3-Terminal Folded FETs PMOS Pads are ordered (from bottom-to-top): S, D, G, S, D, G, S, D, G, S, D, G"
'4752',FINGERED FET,mod_dummy_fingered_fet_asym_nmos_w_4_lc_0.28_lch_0.08_lov_0.06_asym_-0.02,12100,23130.0,1,4000.0,0,80.0,280.0,60.0,-20.0,None,None,"3-Terminal Folded FETs NMOS Pads are ordered (from bottom-to-top): S, D, G, S, D, G, S, D, G, S, D, G"
'4753',FINGERED FET,mod_dummy_fingered_fet_asym_pmos_w_4_lc_0.28_lch_0.08_lov_0.06_asym_-0.02,12150,23130.0,1,4000.0,0,80.0,280.0,60.0,-20.0,None,None,"3-Terminal Folded FETs PMOS Pads are ordered (from bottom-to-top): S, D, G, S, D, G, S, D, G, S, D, G"
'4754',FINGERED FET,mod_dummy_fingered_fet_asym_nmos_w_4_lc_0.28_lch_0.08_lov_0.06_asym_-0.04,12200,23130.0,1,4000.0,0,80.0,280.0,60.0,-40.0,None,None,"3-Terminal Folded FETs NMOS Pads are ordered (from bottom-to-top): S, D, G, S, D, G, S, D, G, S, D, G"
'4755',FINGERED FET,mod_dummy_fingered_fet_asym_pmos_w_4_lc_0.28_lch_0.08_lov_0.06_asym_-0.04,12250,23130.0,1,4000.0,0,80.0,280.0,60.0,-40.0,None,None,"3-Terminal Folded FETs PMOS Pads are ordered (from bottom-to-top): S, D, G, S, D, G, S, D, G, S, D, G"
'4756',FINGERED FET,mod_dummy_fingered_fet_asym_nmos_w_4_lc_0.28_lch_0.08_lov_0.04_asym_-0.02,12300,23130.0,1,4000.0,0,80.0,280.0,40.0,-20.0,None,None,"3-Terminal Folded FETs NMOS Pads are ordered (from bottom-to-top): S, D, G, S, D, G, S, D, G, S, D, G"
'4757',FINGERED FET,mod_dummy_fingered_fet_asym_pmos_w_4_lc_0.28_lch_0.08_lov_0.04_asym_-0.02,12350,23130.0,1,4000.0,0,80.0,280.0,40.0,-20.0,None,None,"3-Terminal Folded FETs PMOS Pads are ordered (from bottom-to-top): S, D, G, S, D, G, S, D, G, S, D, G"
'4758',FINGERED FET,mod_dummy_fingered_fet_asym_nmos_w_4_lc_0.28_lch_0.08_lov_0.04_asym_-0.04,12400,23130.0,1,4000.0,0,80.0,280.0,40.0,-40.0,None,None,"3-Terminal Folded FETs NMOS Pads are ordered (from bottom-to-top): S, D, G, S, D, G, S, D, G, S, D, G"
'4759',FINGERED FET,mod_dummy_fingered_fet_asym_pmos_w_4_lc_0.28_lch_0.08_lov_0.04_asym_-0.04,12450,23130.0,1,4000.0,0,80.0,280.0,40.0,-40.0,None,None,"3-Terminal Folded FETs PMOS Pads are ordered (from bottom-to-top): S, D, G, S, D, G, S, D, G, S, D, G"
'4760',FINGERED FET,mod_dummy_fingered_fet_asym_nmos_w_4_lc_0.28_lch_0.08_lov_0.02_asym_-0.02,12500,23130.0,1,4000.0,0,80.0,280.0,20.0,-20.0,None,None,"3-Terminal Folded FETs NMOS Pads are ordered (from bottom-to-top): S, D, G, S, D, G, S, D, G, S, D, G"
'4761',FINGERED FET,mod_dummy_fingered_fet_asym_pmos_w_4_lc_0.28_lch_0.08_lov_0.02_asym_-0.02,12550,23130.0,1,4000.0,0,80.0,280.0,20.0,-20.0,None,None,"3-Terminal Folded FETs PMOS Pads are ordered (from bottom-to-top): S, D, G, S, D, G, S, D, G, S, D, G"
'4762',FINGERED FET,mod_dummy_fingered_fet_asym_nmos_w_4_lc_0.28_lch_0.08_lov_0.02_asym_-0.04,12600,23130.0,1,4000.0,0,80.0,280.0,20.0,-40.0,None,None,"3-Terminal Folded FETs NMOS Pads are ordered (from bottom-to-top): S, D, G, S, D, G, S, D, G, S, D, G"
'4763',FINGERED FET,mod_dummy_fingered_fet_asym_pmos_w_4_lc_0.28_lch_0.08_lov_0.02_asym_-0.04,12650,23130.0,1,4000.0,0,80.0,280.0,20.0,-40.0,None,None,"3-Terminal Folded FETs PMOS Pads are ordered (from bottom-to-top): S, D, G, S, D, G, S, D, G, S, D, G"
'4764',FINGERED FET,mod_dummy_fingered_w_sweep_nmos_lc_0.28_lch_0.16_lov_0.06_gateasym_0.00_w_1.0,12750,23130.0,1,1000.0,None,160.0,280.0,60.0,0.0,None,None,"3-Terminal FETs NMOS Pads are ordered (from bottom-to-top): S, D, G, S, D, G, S, D, G, S, D, G"
'4765',FINGERED FET,mod_dummy_fingered_w_sweep_pmos_lc_0.28_lch_0.16_lov_0.06_gateasym_0.00_w_1.0,12800,23130.0,1,1000.0,None,160.0,280.0,60.0,0.0,None,None,"3-Terminal FETs PMOS Pads are ordered (from bottom-to-top): S, D, G, S, D, G, S, D, G, S, D, G"
'4766',FINGERED FET,mod_dummy_fingered_w_sweep_nmos_lc_0.28_lch_0.16_lov_0.06_gateasym_0.00_w_8.0,12850,23130.0,1,8000.0,None,160.0,280.0,60.0,0.0,None,None,"3-Terminal FETs NMOS Pads are ordered (from bottom-to-top): S, D, G, S, D, G, S, D, G, S, D, G"
'4767',FINGERED FET,mod_dummy_fingered_w_sweep_pmos_lc_0.28_lch_0.16_lov_0.06_gateasym_0.00_w_8.0,12900,23130.0,1,8000.0,None,160.0,280.0,60.0,0.0,None,None,"3-Terminal FETs PMOS Pads are ordered (from bottom-to-top): S, D, G, S, D, G, S, D, G, S, D, G"
'4768',FINGERED FET,mod_dummy_fingered_w_sweep_nmos_lc_0.28_lch_0.16_lov_0.06_gateasym_0.00_w_16.0,12950,23130.0,1,16000.0,None,160.0,280.0,60.0,0.0,None,None,"3-Terminal FETs NMOS Pads are ordered (from bottom-to-top): S, D, G, S, D, G, S, D, G, S, D, G"
'4769',FINGERED FET,mod_dummy_fingered_w_sweep_pmos_lc_0.28_lch_0.16_lov_0.06_gateasym_0.00_w_16.0,13000,23130.0,1,16000.0,None,160.0,280.0,60.0,0.0,None,None,"3-Terminal FETs PMOS Pads are ordered (from bottom-to-top): S, D, G, S, D, G, S, D, G, S, D, G"
'4770',FINGERED FET,mod_dummy_fingered_w_sweep_nmos_lc_0.28_lch_0.12_lov_0.06_gateasym_0.00_w_1.0,13100,23130.0,1,1000.0,None,120.0,280.0,60.0,0.0,None,None,"3-Terminal FETs NMOS Pads are ordered (from bottom-to-top): S, D, G, S, D, G, S, D, G, S, D, G"
'4771',FINGERED FET,mod_dummy_fingered_w_sweep_pmos_lc_0.28_lch_0.12_lov_0.06_gateasym_0.00_w_1.0,13150,23130.0,1,1000.0,None,120.0,280.0,60.0,0.0,None,None,"3-Terminal FETs PMOS Pads are ordered (from bottom-to-top): S, D, G, S, D, G, S, D, G, S, D, G"
'4772',FINGERED FET,mod_dummy_fingered_w_sweep_nmos_lc_0.28_lch_0.12_lov_0.06_gateasym_0.00_w_8.0,13200,23130.0,1,8000.0,None,120.0,280.0,60.0,0.0,None,None,"3-Terminal FETs NMOS Pads are ordered (from bottom-to-top): S, D, G, S, D, G, S, D, G, S, D, G"
'4773',FINGERED FET,mod_dummy_fingered_w_sweep_pmos_lc_0.28_lch_0.12_lov_0.06_gateasym_0.00_w_8.0,13250,23130.0,1,8000.0,None,120.0,280.0,60.0,0.0,None,None,"3-Terminal FETs PMOS Pads are ordered (from bottom-to-top): S, D, G, S, D, G, S, D, G, S, D, G"
'4774',FINGERED FET,mod_dummy_fingered_w_sweep_nmos_lc_0.28_lch_0.12_lov_0.06_gateasym_0.00_w_16.0,13300,23130.0,1,16000.0,None,120.0,280.0,60.0,0.0,None,None,"3-Terminal FETs NMOS Pads are ordered (from bottom-to-top): S, D, G, S, D, G, S, D, G, S, D, G"
'4775',FINGERED FET,mod_dummy_fingered_w_sweep_pmos_lc_0.28_lch_0.12_lov_0.06_gateasym_0.00_w_16.0,13350,23130.0,1,16000.0,None,120.0,280.0,60.0,0.0,None,None,"3-Terminal FETs PMOS Pads are ordered (from bottom-to-top): S, D, G, S, D, G, S, D, G, S, D, G"
'4776',FINGERED FET,mod_dummy_fingered_w_sweep_nmos_lc_0.28_lch_0.08_lov_0.06_gateasym_0.00_w_1.0,13450,23130.0,1,1000.0,None,80.0,280.0,60.0,0.0,None,None,"3-Terminal FETs NMOS Pads are ordered (from bottom-to-top): S, D, G, S, D, G, S, D, G, S, D, G"
'4777',FINGERED FET,mod_dummy_fingered_w_sweep_pmos_lc_0.28_lch_0.08_lov_0.06_gateasym_0.00_w_1.0,13500,23130.0,1,1000.0,None,80.0,280.0,60.0,0.0,None,None,"3-Terminal FETs PMOS Pads are ordered (from bottom-to-top): S, D, G, S, D, G, S, D, G, S, D, G"
'4778',FINGERED FET,mod_dummy_fingered_w_sweep_nmos_lc_0.28_lch_0.08_lov_0.06_gateasym_0.00_w_8.0,13550,23130.0,1,8000.0,None,80.0,280.0,60.0,0.0,None,None,"3-Terminal FETs NMOS Pads are ordered (from bottom-to-top): S, D, G, S, D, G, S, D, G, S, D, G"
'4779',FINGERED FET,mod_dummy_fingered_w_sweep_pmos_lc_0.28_lch_0.08_lov_0.06_gateasym_0.00_w_8.0,13600,23130.0,1,8000.0,None,80.0,280.0,60.0,0.0,None,None,"3-Terminal FETs PMOS Pads are ordered (from bottom-to-top): S, D, G, S, D, G, S, D, G, S, D, G"
'4780',FINGERED FET,mod_dummy_fingered_w_sweep_nmos_lc_0.28_lch_0.08_lov_0.06_gateasym_0.00_w_16.0,13650,23130.0,1,16000.0,None,80.0,280.0,60.0,0.0,None,None,"3-Terminal FETs NMOS Pads are ordered (from bottom-to-top): S, D, G, S, D, G, S, D, G, S, D, G"
'4781',FINGERED FET,mod_dummy_fingered_w_sweep_pmos_lc_0.28_lch_0.08_lov_0.06_gateasym_0.00_w_16.0,13700,23130.0,1,16000.0,None,80.0,280.0,60.0,0.0,None,None,"3-Terminal FETs PMOS Pads are ordered (from bottom-to-top): S, D, G, S, D, G, S, D, G, S, D, G"
'4782',FINGERED FET,mod_dummy_fingered_w_sweep_nmos_lc_0.26_lch_0.14_lov_0.06_gateasym_0.00_w_1.0,13800,23130.0,1,1000.0,None,140.0,260.0,60.0,0.0,None,None,"3-Terminal FETs NMOS Pads are ordered (from bottom-to-top): S, D, G, S, D, G, S, D, G, S, D, G"
'4783',FINGERED FET,mod_dummy_fingered_w_sweep_pmos_lc_0.26_lch_0.14_lov_0.06_gateasym_0.00_w_1.0,13850,23130.0,1,1000.0,None,140.0,260.0,60.0,0.0,None,None,"3-Terminal FETs PMOS Pads are ordered (from bottom-to-top): S, D, G, S, D, G, S, D, G, S, D, G"
'4784',FINGERED FET,mod_dummy_fingered_w_sweep_nmos_lc_0.26_lch_0.14_lov_0.06_gateasym_0.00_w_8.0,13900,23130.0,1,8000.0,None,140.0,260.0,60.0,0.0,None,None,"3-Terminal FETs NMOS Pads are ordered (from bottom-to-top): S, D, G, S, D, G, S, D, G, S, D, G"
'4785',FINGERED FET,mod_dummy_fingered_w_sweep_pmos_lc_0.26_lch_0.14_lov_0.06_gateasym_0.00_w_8.0,13950,23130.0,1,8000.0,None,140.0,260.0,60.0,0.0,None,None,"3-Terminal FETs PMOS Pads are ordered (from bottom-to-top): S, D, G, S, D, G, S, D, G, S, D, G"
'4786',FINGERED FET,mod_dummy_fingered_w_sweep_nmos_lc_0.26_lch_0.14_lov_0.06_gateasym_0.00_w_16.0,14000,23130.0,1,16000.0,None,140.0,260.0,60.0,0.0,None,None,"3-Terminal FETs NMOS Pads are ordered (from bottom-to-top): S, D, G, S, D, G, S, D, G, S, D, G"
'4787',FINGERED FET,mod_dummy_fingered_w_sweep_pmos_lc_0.26_lch_0.14_lov_0.06_gateasym_0.00_w_16.0,14050,23130.0,1,16000.0,None,140.0,260.0,60.0,0.0,None,None,"3-Terminal FETs PMOS Pads are ordered (from bottom-to-top): S, D, G, S, D, G, S, D, G, S, D, G"
'4788',FINGERED FET,mod_dummy_fingered_w_sweep_nmos_lc_0.26_lch_0.10_lov_0.06_gateasym_0.00_w_1.0,14150,23130.0,1,1000.0,None,100.0,260.0,60.0,0.0,None,None,"3-Terminal FETs NMOS Pads are ordered (from bottom-to-top): S, D, G, S, D, G, S, D, G, S, D, G"
'4789',FINGERED FET,mod_dummy_fingered_w_sweep_pmos_lc_0.26_lch_0.10_lov_0.06_gateasym_0.00_w_1.0,14200,23130.0,1,1000.0,None,100.0,260.0,60.0,0.0,None,None,"3-Terminal FETs PMOS Pads are ordered (from bottom-to-top): S, D, G, S, D, G, S, D, G, S, D, G"
'4790',FINGERED FET,mod_dummy_fingered_w_sweep_nmos_lc_0.26_lch_0.10_lov_0.06_gateasym_0.00_w_8.0,14250,23130.0,1,8000.0,None,100.0,260.0,60.0,0.0,None,None,"3-Terminal FETs NMOS Pads are ordered (from bottom-to-top): S, D, G, S, D, G, S, D, G, S, D, G"
'4791',FINGERED FET,mod_dummy_fingered_w_sweep_pmos_lc_0.26_lch_0.10_lov_0.06_gateasym_0.00_w_8.0,14300,23130.0,1,8000.0,None,100.0,260.0,60.0,0.0,None,None,"3-Terminal FETs PMOS Pads are ordered (from bottom-to-top): S, D, G, S, D, G, S, D, G, S, D, G"
'4792',FINGERED FET,mod_dummy_fingered_w_sweep_nmos_lc_0.26_lch_0.10_lov_0.06_gateasym_0.00_w_16.0,14350,23130.0,1,16000.0,None,100.0,260.0,60.0,0.0,None,None,"3-Terminal FETs NMOS Pads are ordered (from bottom-to-top): S, D, G, S, D, G, S, D, G, S, D, G"
'4793',FINGERED FET,mod_dummy_fingered_w_sweep_pmos_lc_0.26_lch_0.10_lov_0.06_gateasym_0.00_w_16.0,14400,23130.0,1,16000.0,None,100.0,260.0,60.0,0.0,None,None,"3-Terminal FETs PMOS Pads are ordered (from bottom-to-top): S, D, G, S, D, G, S, D, G, S, D, G"
'4794',FINGERED FET,mod_dummy_fingered_w_sweep_nmos_lc_0.26_lch_0.08_lov_0.06_gateasym_0.00_w_1.0,14500,23130.0,1,1000.0,None,80.0,260.0,60.0,0.0,None,None,"3-Terminal FETs NMOS Pads are ordered (from bottom-to-top): S, D, G, S, D, G, S, D, G, S, D, G"
'4795',FINGERED FET,mod_dummy_fingered_w_sweep_pmos_lc_0.26_lch_0.08_lov_0.06_gateasym_0.00_w_1.0,14550,23130.0,1,1000.0,None,80.0,260.0,60.0,0.0,None,None,"3-Terminal FETs PMOS Pads are ordered (from bottom-to-top): S, D, G, S, D, G, S, D, G, S, D, G"
'4796',FINGERED FET,mod_dummy_fingered_w_sweep_nmos_lc_0.26_lch_0.08_lov_0.06_gateasym_0.00_w_8.0,14600,23130.0,1,8000.0,None,80.0,260.0,60.0,0.0,None,None,"3-Terminal FETs NMOS Pads are ordered (from bottom-to-top): S, D, G, S, D, G, S, D, G, S, D, G"
'4797',FINGERED FET,mod_dummy_fingered_w_sweep_pmos_lc_0.26_lch_0.08_lov_0.06_gateasym_0.00_w_8.0,14650,23130.0,1,8000.0,None,80.0,260.0,60.0,0.0,None,None,"3-Terminal FETs PMOS Pads are ordered (from bottom-to-top): S, D, G, S, D, G, S, D, G, S, D, G"
'4798',FINGERED FET,mod_dummy_fingered_w_sweep_nmos_lc_0.26_lch_0.08_lov_0.06_gateasym_0.00_w_16.0,14700,23130.0,1,16000.0,None,80.0,260.0,60.0,0.0,None,None,"3-Terminal FETs NMOS Pads are ordered (from bottom-to-top): S, D, G, S, D, G, S, D, G, S, D, G"
'4799',FINGERED FET,mod_dummy_fingered_w_sweep_pmos_lc_0.26_lch_0.08_lov_0.06_gateasym_0.00_w_16.0,14750,23130.0,1,16000.0,None,80.0,260.0,60.0,0.0,None,None,"3-Terminal FETs PMOS Pads are ordered (from bottom-to-top): S, D, G, S, D, G, S, D, G, S, D, G"
'4800',FINGERED FET,mod_dummy_fingered_w_sweep_nmos_lc_0.24_lch_0.12_lov_0.06_gateasym_0.00_w_1.0,14850,23130.0,1,1000.0,None,120.0,240.0,60.0,0.0,None,None,"3-Terminal FETs NMOS Pads are ordered (from bottom-to-top): S, D, G, S, D, G, S, D, G, S, D, G"
'4801',FINGERED FET,mod_dummy_fingered_w_sweep_pmos_lc_0.24_lch_0.12_lov_0.06_gateasym_0.00_w_1.0,14900,23130.0,1,1000.0,None,120.0,240.0,60.0,0.0,None,None,"3-Terminal FETs PMOS Pads are ordered (from bottom-to-top): S, D, G, S, D, G, S, D, G, S, D, G"
'4802',FINGERED FET,mod_dummy_fingered_w_sweep_nmos_lc_0.24_lch_0.12_lov_0.06_gateasym_0.00_w_8.0,14950,23130.0,1,8000.0,None,120.0,240.0,60.0,0.0,None,None,"3-Terminal FETs NMOS Pads are ordered (from bottom-to-top): S, D, G, S, D, G, S, D, G, S, D, G"
'4803',FINGERED FET,mod_dummy_fingered_w_sweep_pmos_lc_0.24_lch_0.12_lov_0.06_gateasym_0.00_w_8.0,15000,23130.0,1,8000.0,None,120.0,240.0,60.0,0.0,None,None,"3-Terminal FETs PMOS Pads are ordered (from bottom-to-top): S, D, G, S, D, G, S, D, G, S, D, G"
'4804',FINGERED FET,mod_dummy_fingered_w_sweep_nmos_lc_0.24_lch_0.12_lov_0.06_gateasym_0.00_w_16.0,15050,23130.0,1,16000.0,None,120.0,240.0,60.0,0.0,None,None,"3-Terminal FETs NMOS Pads are ordered (from bottom-to-top): S, D, G, S, D, G, S, D, G, S, D, G"
'4805',FINGERED FET,mod_dummy_fingered_w_sweep_pmos_lc_0.24_lch_0.12_lov_0.06_gateasym_0.00_w_16.0,15100,23130.0,1,16000.0,None,120.0,240.0,60.0,0.0,None,None,"3-Terminal FETs PMOS Pads are ordered (from bottom-to-top): S, D, G, S, D, G, S, D, G, S, D, G"
'4806',FINGERED FET,mod_dummy_fingered_w_sweep_nmos_lc_0.24_lch_0.10_lov_0.06_gateasym_0.00_w_1.0,15200,23130.0,1,1000.0,None,100.0,240.0,60.0,0.0,None,None,"3-Terminal FETs NMOS Pads are ordered (from bottom-to-top): S, D, G, S, D, G, S, D, G, S, D, G"
'4807',FINGERED FET,mod_dummy_fingered_w_sweep_pmos_lc_0.24_lch_0.10_lov_0.06_gateasym_0.00_w_1.0,15250,23130.0,1,1000.0,None,100.0,240.0,60.0,0.0,None,None,"3-Terminal FETs PMOS Pads are ordered (from bottom-to-top): S, D, G, S, D, G, S, D, G, S, D, G"
'4808',FINGERED FET,mod_dummy_fingered_w_sweep_nmos_lc_0.24_lch_0.10_lov_0.06_gateasym_0.00_w_8.0,15300,23130.0,1,8000.0,None,100.0,240.0,60.0,0.0,None,None,"3-Terminal FETs NMOS Pads are ordered (from bottom-to-top): S, D, G, S, D, G, S, D, G, S, D, G"
'4809',FINGERED FET,mod_dummy_fingered_w_sweep_pmos_lc_0.24_lch_0.10_lov_0.06_gateasym_0.00_w_8.0,15350,23130.0,1,8000.0,None,100.0,240.0,60.0,0.0,None,None,"3-Terminal FETs PMOS Pads are ordered (from bottom-to-top): S, D, G, S, D, G, S, D, G, S, D, G"
'4810',FINGERED FET,mod_dummy_fingered_w_sweep_nmos_lc_0.24_lch_0.10_lov_0.06_gateasym_0.00_w_16.0,15400,23130.0,1,16000.0,None,100.0,240.0,60.0,0.0,None,None,"3-Terminal FETs NMOS Pads are ordered (from bottom-to-top): S, D, G, S, D, G, S, D, G, S, D, G"
'4811',FINGERED FET,mod_dummy_fingered_w_sweep_pmos_lc_0.24_lch_0.10_lov_0.06_gateasym_0.00_w_16.0,15450,23130.0,1,16000.0,None,100.0,240.0,60.0,0.0,None,None,"3-Terminal FETs PMOS Pads are ordered (from bottom-to-top): S, D, G, S, D, G, S, D, G, S, D, G"
'4812',FINGERED FET,mod_dummy_fingered_w_sweep_nmos_lc_0.24_lch_0.08_lov_0.06_gateasym_0.00_w_1.0,15550,23130.0,1,1000.0,None,80.0,240.0,60.0,0.0,None,None,"3-Terminal FETs NMOS Pads are ordered (from bottom-to-top): S, D, G, S, D, G, S, D, G, S, D, G"
'4813',FINGERED FET,mod_dummy_fingered_w_sweep_pmos_lc_0.24_lch_0.08_lov_0.06_gateasym_0.00_w_1.0,15600,23130.0,1,1000.0,None,80.0,240.0,60.0,0.0,None,None,"3-Terminal FETs PMOS Pads are ordered (from bottom-to-top): S, D, G, S, D, G, S, D, G, S, D, G"
'4814',FINGERED FET,mod_dummy_fingered_w_sweep_nmos_lc_0.24_lch_0.08_lov_0.06_gateasym_0.00_w_8.0,15650,23130.0,1,8000.0,None,80.0,240.0,60.0,0.0,None,None,"3-Terminal FETs NMOS Pads are ordered (from bottom-to-top): S, D, G, S, D, G, S, D, G, S, D, G"
'4815',FINGERED FET,mod_dummy_fingered_w_sweep_pmos_lc_0.24_lch_0.08_lov_0.06_gateasym_0.00_w_8.0,15700,23130.0,1,8000.0,None,80.0,240.0,60.0,0.0,None,None,"3-Terminal FETs PMOS Pads are ordered (from bottom-to-top): S, D, G, S, D, G, S, D, G, S, D, G"
'4816',FINGERED FET,mod_dummy_fingered_w_sweep_nmos_lc_0.24_lch_0.08_lov_0.06_gateasym_0.00_w_16.0,15750,23130.0,1,16000.0,None,80.0,240.0,60.0,0.0,None,None,"3-Terminal FETs NMOS Pads are ordered (from bottom-to-top): S, D, G, S, D, G, S, D, G, S, D, G"
'4817',FINGERED FET,mod_dummy_fingered_w_sweep_pmos_lc_0.24_lch_0.08_lov_0.06_gateasym_0.00_w_16.0,15800,23130.0,1,16000.0,None,80.0,240.0,60.0,0.0,None,None,"3-Terminal FETs PMOS Pads are ordered (from bottom-to-top): S, D, G, S, D, G, S, D, G, S, D, G"
'4818',FINGERED FET,mod_dummy_fingered_w_sweep_nmos_lc_0.20_lch_0.12_lov_0.05_gateasym_0.00_w_1.0,15900,23130.0,1,1000.0,None,120.0,200.0,50.0,0.0,None,None,"3-Terminal FETs NMOS Pads are ordered (from bottom-to-top): S, D, G, S, D, G, S, D, G, S, D, G"
'4819',FINGERED FET,mod_dummy_fingered_w_sweep_pmos_lc_0.20_lch_0.12_lov_0.05_gateasym_0.00_w_1.0,15950,23130.0,1,1000.0,None,120.0,200.0,50.0,0.0,None,None,"3-Terminal FETs PMOS Pads are ordered (from bottom-to-top): S, D, G, S, D, G, S, D, G, S, D, G"
'4820',FINGERED FET,mod_dummy_fingered_w_sweep_nmos_lc_0.20_lch_0.12_lov_0.05_gateasym_0.00_w_8.0,16000,23130.0,1,8000.0,None,120.0,200.0,50.0,0.0,None,None,"3-Terminal FETs NMOS Pads are ordered (from bottom-to-top): S, D, G, S, D, G, S, D, G, S, D, G"
'4821',FINGERED FET,mod_dummy_fingered_w_sweep_pmos_lc_0.20_lch_0.12_lov_0.05_gateasym_0.00_w_8.0,16050,23130.0,1,8000.0,None,120.0,200.0,50.0,0.0,None,None,"3-Terminal FETs PMOS Pads are ordered (from bottom-to-top): S, D, G, S, D, G, S, D, G, S, D, G"
'4822',FINGERED FET,mod_dummy_fingered_w_sweep_nmos_lc_0.20_lch_0.12_lov_0.05_gateasym_0.00_w_16.0,16100,23130.0,1,16000.0,None,120.0,200.0,50.0,0.0,None,None,"3-Terminal FETs NMOS Pads are ordered (from bottom-to-top): S, D, G, S, D, G, S, D, G, S, D, G"
'4823',FINGERED FET,mod_dummy_fingered_w_sweep_pmos_lc_0.20_lch_0.12_lov_0.05_gateasym_0.00_w_16.0,16150,23130.0,1,16000.0,None,120.0,200.0,50.0,0.0,None,None,"3-Terminal FETs PMOS Pads are ordered (from bottom-to-top): S, D, G, S, D, G, S, D, G, S, D, G"
'4824',FINGERED FET,mod_dummy_fingered_w_sweep_nmos_lc_0.20_lch_0.10_lov_0.05_gateasym_0.00_w_1.0,16250,23130.0,1,1000.0,None,100.0,200.0,50.0,0.0,None,None,"3-Terminal FETs NMOS Pads are ordered (from bottom-to-top): S, D, G, S, D, G, S, D, G, S, D, G"
'4825',FINGERED FET,mod_dummy_fingered_w_sweep_pmos_lc_0.20_lch_0.10_lov_0.05_gateasym_0.00_w_1.0,16300,23130.0,1,1000.0,None,100.0,200.0,50.0,0.0,None,None,"3-Terminal FETs PMOS Pads are ordered (from bottom-to-top): S, D, G, S, D, G, S, D, G, S, D, G"
'4826',FINGERED FET,mod_dummy_fingered_w_sweep_nmos_lc_0.20_lch_0.10_lov_0.05_gateasym_0.00_w_8.0,16350,23130.0,1,8000.0,None,100.0,200.0,50.0,0.0,None,None,"3-Terminal FETs NMOS Pads are ordered (from bottom-to-top): S, D, G, S, D, G, S, D, G, S, D, G"
'4827',FINGERED FET,mod_dummy_fingered_w_sweep_pmos_lc_0.20_lch_0.10_lov_0.05_gateasym_0.00_w_8.0,16400,23130.0,1,8000.0,None,100.0,200.0,50.0,0.0,None,None,"3-Terminal FETs PMOS Pads are ordered (from bottom-to-top): S, D, G, S, D, G, S, D, G, S, D, G"
'4828',FINGERED FET,mod_dummy_fingered_w_sweep_nmos_lc_0.20_lch_0.10_lov_0.05_gateasym_0.00_w_16.0,16450,23130.0,1,16000.0,None,100.0,200.0,50.0,0.0,None,None,"3-Terminal FETs NMOS Pads are ordered (from bottom-to-top): S, D, G, S, D, G, S, D, G, S, D, G"
'4829',FINGERED FET,mod_dummy_fingered_w_sweep_pmos_lc_0.20_lch_0.10_lov_0.05_gateasym_0.00_w_16.0,16500,23130.0,1,16000.0,None,100.0,200.0,50.0,0.0,None,None,"3-Terminal FETs PMOS Pads are ordered (from bottom-to-top): S, D, G, S, D, G, S, D, G, S, D, G"
'4830',FINGERED FET,mod_dummy_fingered_w_sweep_nmos_lc_0.20_lch_0.08_lov_0.05_gateasym_0.00_w_1.0,16600,23130.0,1,1000.0,None,80.0,200.0,50.0,0.0,None,None,"3-Terminal FETs NMOS Pads are ordered (from bottom-to-top): S, D, G, S, D, G, S, D, G, S, D, G"
'4831',FINGERED FET,mod_dummy_fingered_w_sweep_pmos_lc_0.20_lch_0.08_lov_0.05_gateasym_0.00_w_1.0,16650,23130.0,1,1000.0,None,80.0,200.0,50.0,0.0,None,None,"3-Terminal FETs PMOS Pads are ordered (from bottom-to-top): S, D, G, S, D, G, S, D, G, S, D, G"
'4832',FINGERED FET,mod_dummy_fingered_w_sweep_nmos_lc_0.20_lch_0.08_lov_0.05_gateasym_0.00_w_8.0,16700,23130.0,1,8000.0,None,80.0,200.0,50.0,0.0,None,None,"3-Terminal FETs NMOS Pads are ordered (from bottom-to-top): S, D, G, S, D, G, S, D, G, S, D, G"
'4833',FINGERED FET,mod_dummy_fingered_w_sweep_pmos_lc_0.20_lch_0.08_lov_0.05_gateasym_0.00_w_8.0,16750,23130.0,1,8000.0,None,80.0,200.0,50.0,0.0,None,None,"3-Terminal FETs PMOS Pads are ordered (from bottom-to-top): S, D, G, S, D, G, S, D, G, S, D, G"
'4834',FINGERED FET,mod_dummy_fingered_w_sweep_nmos_lc_0.20_lch_0.08_lov_0.05_gateasym_0.00_w_16.0,16800,23130.0,1,16000.0,None,80.0,200.0,50.0,0.0,None,None,"3-Terminal FETs NMOS Pads are ordered (from bottom-to-top): S, D, G, S, D, G, S, D, G, S, D, G"
'4835',FINGERED FET,mod_dummy_fingered_w_sweep_pmos_lc_0.20_lch_0.08_lov_0.05_gateasym_0.00_w_16.0,16850,23130.0,1,16000.0,None,80.0,200.0,50.0,0.0,None,None,"3-Terminal FETs PMOS Pads are ordered (from bottom-to-top): S, D, G, S, D, G, S, D, G, S, D, G"
'4836',FINGERED FET,mod_dummy_fingered_w_sweep_nmos_lc_0.16_lch_0.10_lov_0.04_gateasym_0.00_w_1.0,16950,23130.0,1,1000.0,None,100.0,160.0,40.0,0.0,None,None,"3-Terminal FETs NMOS Pads are ordered (from bottom-to-top): S, D, G, S, D, G, S, D, G, S, D, G"
'4837',FINGERED FET,mod_dummy_fingered_w_sweep_pmos_lc_0.16_lch_0.10_lov_0.04_gateasym_0.00_w_1.0,17000,23130.0,1,1000.0,None,100.0,160.0,40.0,0.0,None,None,"3-Terminal FETs PMOS Pads are ordered (from bottom-to-top): S, D, G, S, D, G, S, D, G, S, D, G"
'4838',FINGERED FET,mod_dummy_fingered_w_sweep_nmos_lc_0.16_lch_0.10_lov_0.04_gateasym_0.00_w_8.0,17050,23130.0,1,8000.0,None,100.0,160.0,40.0,0.0,None,None,"3-Terminal FETs NMOS Pads are ordered (from bottom-to-top): S, D, G, S, D, G, S, D, G, S, D, G"
'4839',FINGERED FET,mod_dummy_fingered_w_sweep_pmos_lc_0.16_lch_0.10_lov_0.04_gateasym_0.00_w_8.0,17100,23130.0,1,8000.0,None,100.0,160.0,40.0,0.0,None,None,"3-Terminal FETs PMOS Pads are ordered (from bottom-to-top): S, D, G, S, D, G, S, D, G, S, D, G"
'4840',FINGERED FET,mod_dummy_fingered_w_sweep_nmos_lc_0.16_lch_0.10_lov_0.04_gateasym_0.00_w_16.0,17150,23130.0,1,16000.0,None,100.0,160.0,40.0,0.0,None,None,"3-Terminal FETs NMOS Pads are ordered (from bottom-to-top): S, D, G, S, D, G, S, D, G, S, D, G"
'4841',FINGERED FET,mod_dummy_fingered_w_sweep_pmos_lc_0.16_lch_0.10_lov_0.04_gateasym_0.00_w_16.0,17200,23130.0,1,16000.0,None,100.0,160.0,40.0,0.0,None,None,"3-Terminal FETs PMOS Pads are ordered (from bottom-to-top): S, D, G, S, D, G, S, D, G, S, D, G"
'4842',FINGERED FET,mod_dummy_fingered_w_sweep_nmos_lc_0.16_lch_0.08_lov_0.04_gateasym_0.00_w_1.0,17300,23130.0,1,1000.0,None,80.0,160.0,40.0,0.0,None,None,"3-Terminal FETs NMOS Pads are ordered (from bottom-to-top): S, D, G, S, D, G, S, D, G, S, D, G"
'4843',FINGERED FET,mod_dummy_fingered_w_sweep_pmos_lc_0.16_lch_0.08_lov_0.04_gateasym_0.00_w_1.0,17350,23130.0,1,1000.0,None,80.0,160.0,40.0,0.0,None,None,"3-Terminal FETs PMOS Pads are ordered (from bottom-to-top): S, D, G, S, D, G, S, D, G, S, D, G"
'4844',FINGERED FET,mod_dummy_fingered_w_sweep_nmos_lc_0.16_lch_0.08_lov_0.04_gateasym_0.00_w_8.0,17400,23130.0,1,8000.0,None,80.0,160.0,40.0,0.0,None,None,"3-Terminal FETs NMOS Pads are ordered (from bottom-to-top): S, D, G, S, D, G, S, D, G, S, D, G"
'4845',FINGERED FET,mod_dummy_fingered_w_sweep_pmos_lc_0.16_lch_0.08_lov_0.04_gateasym_0.00_w_8.0,17450,23130.0,1,8000.0,None,80.0,160.0,40.0,0.0,None,None,"3-Terminal FETs PMOS Pads are ordered (from bottom-to-top): S, D, G, S, D, G, S, D, G, S, D, G"
'4846',FINGERED FET,mod_dummy_fingered_w_sweep_nmos_lc_0.16_lch_0.08_lov_0.04_gateasym_0.00_w_16.0,17500,23130.0,1,16000.0,None,80.0,160.0,40.0,0.0,None,None,"3-Terminal FETs NMOS Pads are ordered (from bottom-to-top): S, D, G, S, D, G, S, D, G, S, D, G"
'4847',FINGERED FET,mod_dummy_fingered_w_sweep_pmos_lc_0.16_lch_0.08_lov_0.04_gateasym_0.00_w_16.0,17550,23130.0,1,16000.0,None,80.0,160.0,40.0,0.0,None,None,"3-Terminal FETs PMOS Pads are ordered (from bottom-to-top): S, D, G, S, D, G, S, D, G, S, D, G"
'4848',FINGERED FET,mod_fingered_fet_no_dummy_1_nmos_w_4_lc_0.28_lch_0.16_lov_0.06_asym_0.0,17650,23400.0,1,4000.0,32|16|8|4,160.0,280.0,60.0,0.0,None,None,"3-Terminal Fingered FETs NMOS Pads are ordered (from bottom-to-top): S, D, G, S, D, G, S, D, G, S, D, G"
'4849',FINGERED FET,mod_fingered_fet_no_dummy_1_pmos_w_4_lc_0.28_lch_0.16_lov_0.06_asym_0.0,17700,23400.0,1,4000.0,32|16|8|4,160.0,280.0,60.0,0.0,None,None,"3-Terminal Fingered FETs PMOS Pads are ordered (from bottom-to-top): S, D, G, S, D, G, S, D, G, S, D, G"
'4850',FINGERED FET,mod_fingered_fet_no_dummy_1_nmos_w_4_lc_0.28_lch_0.14_lov_0.06_asym_0.0,17750,23400.0,1,4000.0,32|16|8|4,140.0,280.0,60.0,0.0,None,None,"3-Terminal Fingered FETs NMOS Pads are ordered (from bottom-to-top): S, D, G, S, D, G, S, D, G, S, D, G"
'4851',FINGERED FET,mod_fingered_fet_no_dummy_1_pmos_w_4_lc_0.28_lch_0.14_lov_0.06_asym_0.0,17800,23400.0,1,4000.0,32|16|8|4,140.0,280.0,60.0,0.0,None,None,"3-Terminal Fingered FETs PMOS Pads are ordered (from bottom-to-top): S, D, G, S, D, G, S, D, G, S, D, G"
'4852',FINGERED FET,mod_fingered_fet_no_dummy_1_nmos_w_4_lc_0.28_lch_0.12_lov_0.06_asym_0.0,17850,23400.0,1,4000.0,32|16|8|4,120.0,280.0,60.0,0.0,None,None,"3-Terminal Fingered FETs NMOS Pads are ordered (from bottom-to-top): S, D, G, S, D, G, S, D, G, S, D, G"
'4853',FINGERED FET,mod_fingered_fet_no_dummy_1_pmos_w_4_lc_0.28_lch_0.12_lov_0.06_asym_0.0,17900,23400.0,1,4000.0,32|16|8|4,120.0,280.0,60.0,0.0,None,None,"3-Terminal Fingered FETs PMOS Pads are ordered (from bottom-to-top): S, D, G, S, D, G, S, D, G, S, D, G"
'4854',FINGERED FET,mod_fingered_fet_no_dummy_1_nmos_w_4_lc_0.28_lch_0.10_lov_0.06_asym_0.0,17950,23400.0,1,4000.0,32|16|8|4,100.0,280.0,60.0,0.0,None,None,"3-Terminal Fingered FETs NMOS Pads are ordered (from bottom-to-top): S, D, G, S, D, G, S, D, G, S, D, G"
'4855',FINGERED FET,mod_fingered_fet_no_dummy_1_pmos_w_4_lc_0.28_lch_0.10_lov_0.06_asym_0.0,18000,23400.0,1,4000.0,32|16|8|4,100.0,280.0,60.0,0.0,None,None,"3-Terminal Fingered FETs PMOS Pads are ordered (from bottom-to-top): S, D, G, S, D, G, S, D, G, S, D, G"
'4856',FINGERED FET,mod_fingered_fet_no_dummy_1_nmos_w_4_lc_0.28_lch_0.08_lov_0.06_asym_0.0,18050,23400.0,1,4000.0,32|16|8|4,80.0,280.0,60.0,0.0,None,None,"3-Terminal Fingered FETs NMOS Pads are ordered (from bottom-to-top): S, D, G, S, D, G, S, D, G, S, D, G"
'4857',FINGERED FET,mod_fingered_fet_no_dummy_1_pmos_w_4_lc_0.28_lch_0.08_lov_0.06_asym_0.0,18100,23400.0,1,4000.0,32|16|8|4,80.0,280.0,60.0,0.0,None,None,"3-Terminal Fingered FETs PMOS Pads are ordered (from bottom-to-top): S, D, G, S, D, G, S, D, G, S, D, G"
'4858',FINGERED FET,mod_fingered_fet_no_dummy_1_nmos_w_4_lc_0.26_lch_0.14_lov_0.06_asym_0.0,18150,23400.0,1,4000.0,32|16|8|4,140.0,260.0,60.0,0.0,None,None,"3-Terminal Fingered FETs NMOS Pads are ordered (from bottom-to-top): S, D, G, S, D, G, S, D, G, S, D, G"
'4859',FINGERED FET,mod_fingered_fet_no_dummy_1_pmos_w_4_lc_0.26_lch_0.14_lov_0.06_asym_0.0,18200,23400.0,1,4000.0,32|16|8|4,140.0,260.0,60.0,0.0,None,None,"3-Terminal Fingered FETs PMOS Pads are ordered (from bottom-to-top): S, D, G, S, D, G, S, D, G, S, D, G"
'4860',FINGERED FET,mod_fingered_fet_no_dummy_1_nmos_w_4_lc_0.26_lch_0.12_lov_0.06_asym_0.0,18250,23400.0,1,4000.0,32|16|8|4,120.0,260.0,60.0,0.0,None,None,"3-Terminal Fingered FETs NMOS Pads are ordered (from bottom-to-top): S, D, G, S, D, G, S, D, G, S, D, G"
'4861',FINGERED FET,mod_fingered_fet_no_dummy_1_pmos_w_4_lc_0.26_lch_0.12_lov_0.06_asym_0.0,18300,23400.0,1,4000.0,32|16|8|4,120.0,260.0,60.0,0.0,None,None,"3-Terminal Fingered FETs PMOS Pads are ordered (from bottom-to-top): S, D, G, S, D, G, S, D, G, S, D, G"
'4862',FINGERED FET,mod_fingered_fet_no_dummy_1_nmos_w_4_lc_0.26_lch_0.10_lov_0.06_asym_0.0,18350,23400.0,1,4000.0,32|16|8|4,100.0,260.0,60.0,0.0,None,None,"3-Terminal Fingered FETs NMOS Pads are ordered (from bottom-to-top): S, D, G, S, D, G, S, D, G, S, D, G"
'4863',FINGERED FET,mod_fingered_fet_no_dummy_1_pmos_w_4_lc_0.26_lch_0.10_lov_0.06_asym_0.0,18400,23400.0,1,4000.0,32|16|8|4,100.0,260.0,60.0,0.0,None,None,"3-Terminal Fingered FETs PMOS Pads are ordered (from bottom-to-top): S, D, G, S, D, G, S, D, G, S, D, G"
'4864',FINGERED FET,mod_fingered_fet_no_dummy_1_nmos_w_4_lc_0.26_lch_0.08_lov_0.06_asym_0.0,18450,23400.0,1,4000.0,32|16|8|4,80.0,260.0,60.0,0.0,None,None,"3-Terminal Fingered FETs NMOS Pads are ordered (from bottom-to-top): S, D, G, S, D, G, S, D, G, S, D, G"
'4865',FINGERED FET,mod_fingered_fet_no_dummy_1_pmos_w_4_lc_0.26_lch_0.08_lov_0.06_asym_0.0,18500,23400.0,1,4000.0,32|16|8|4,80.0,260.0,60.0,0.0,None,None,"3-Terminal Fingered FETs PMOS Pads are ordered (from bottom-to-top): S, D, G, S, D, G, S, D, G, S, D, G"
'4866',FINGERED FET,mod_fingered_fet_no_dummy_2_nmos_w_4_lc_0.24_lch_0.14_lov_0.06_asym_0.0,17650,24480.0,1,4000.0,32|16|8|4,140.0,240.0,60.0,0.0,None,None,"3-Terminal Fingered FETs NMOS Pads are ordered (from bottom-to-top): S, D, G, S, D, G, S, D, G, S, D, G"
'4867',FINGERED FET,mod_fingered_fet_no_dummy_2_pmos_w_4_lc_0.24_lch_0.14_lov_0.06_asym_0.0,17700,24480.0,1,4000.0,32|16|8|4,140.0,240.0,60.0,0.0,None,None,"3-Terminal Fingered FETs PMOS Pads are ordered (from bottom-to-top): S, D, G, S, D, G, S, D, G, S, D, G"
'4868',FINGERED FET,mod_fingered_fet_no_dummy_2_nmos_w_4_lc_0.24_lch_0.12_lov_0.06_asym_0.0,17750,24480.0,1,4000.0,32|16|8|4,120.0,240.0,60.0,0.0,None,None,"3-Terminal Fingered FETs NMOS Pads are ordered (from bottom-to-top): S, D, G, S, D, G, S, D, G, S, D, G"
'4869',FINGERED FET,mod_fingered_fet_no_dummy_2_pmos_w_4_lc_0.24_lch_0.12_lov_0.06_asym_0.0,17800,24480.0,1,4000.0,32|16|8|4,120.0,240.0,60.0,0.0,None,None,"3-Terminal Fingered FETs PMOS Pads are ordered (from bottom-to-top): S, D, G, S, D, G, S, D, G, S, D, G"
'4870',FINGERED FET,mod_fingered_fet_no_dummy_2_nmos_w_4_lc_0.24_lch_0.10_lov_0.06_asym_0.0,17850,24480.0,1,4000.0,32|16|8|4,100.0,240.0,60.0,0.0,None,None,"3-Terminal Fingered FETs NMOS Pads are ordered (from bottom-to-top): S, D, G, S, D, G, S, D, G, S, D, G"
'4871',FINGERED FET,mod_fingered_fet_no_dummy_2_pmos_w_4_lc_0.24_lch_0.10_lov_0.06_asym_0.0,17900,24480.0,1,4000.0,32|16|8|4,100.0,240.0,60.0,0.0,None,None,"3-Terminal Fingered FETs PMOS Pads are ordered (from bottom-to-top): S, D, G, S, D, G, S, D, G, S, D, G"
'4872',FINGERED FET,mod_fingered_fet_no_dummy_2_nmos_w_4_lc_0.24_lch_0.08_lov_0.06_asym_0.0,17950,24480.0,1,4000.0,32|16|8|4,80.0,240.0,60.0,0.0,None,None,"3-Terminal Fingered FETs NMOS Pads are ordered (from bottom-to-top): S, D, G, S, D, G, S, D, G, S, D, G"
'4873',FINGERED FET,mod_fingered_fet_no_dummy_2_pmos_w_4_lc_0.24_lch_0.08_lov_0.06_asym_0.0,18000,24480.0,1,4000.0,32|16|8|4,80.0,240.0,60.0,0.0,None,None,"3-Terminal Fingered FETs PMOS Pads are ordered (from bottom-to-top): S, D, G, S, D, G, S, D, G, S, D, G"
'4874',FINGERED FET,mod_fingered_fet_no_dummy_2_nmos_w_4_lc_0.20_lch_0.12_lov_0.04_asym_0.0,18050,24480.0,1,4000.0,32|16|8|4,120.0,200.0,40.0,0.0,None,None,"3-Terminal Fingered FETs NMOS Pads are ordered (from bottom-to-top): S, D, G, S, D, G, S, D, G, S, D, G"
'4875',FINGERED FET,mod_fingered_fet_no_dummy_2_pmos_w_4_lc_0.20_lch_0.12_lov_0.04_asym_0.0,18100,24480.0,1,4000.0,32|16|8|4,120.0,200.0,40.0,0.0,None,None,"3-Terminal Fingered FETs PMOS Pads are ordered (from bottom-to-top): S, D, G, S, D, G, S, D, G, S, D, G"
'4876',FINGERED FET,mod_fingered_fet_no_dummy_2_nmos_w_4_lc_0.20_lch_0.10_lov_0.04_asym_0.0,18150,24480.0,1,4000.0,32|16|8|4,100.0,200.0,40.0,0.0,None,None,"3-Terminal Fingered FETs NMOS Pads are ordered (from bottom-to-top): S, D, G, S, D, G, S, D, G, S, D, G"
'4877',FINGERED FET,mod_fingered_fet_no_dummy_2_pmos_w_4_lc_0.20_lch_0.10_lov_0.04_asym_0.0,18200,24480.0,1,4000.0,32|16|8|4,100.0,200.0,40.0,0.0,None,None,"3-Terminal Fingered FETs PMOS Pads are ordered (from bottom-to-top): S, D, G, S, D, G, S, D, G, S, D, G"
'4878',FINGERED FET,mod_fingered_fet_no_dummy_2_nmos_w_4_lc_0.20_lch_0.08_lov_0.04_asym_0.0,18250,24480.0,1,4000.0,32|16|8|4,80.0,200.0,40.0,0.0,None,None,"3-Terminal Fingered FETs NMOS Pads are ordered (from bottom-to-top): S, D, G, S, D, G, S, D, G, S, D, G"
'4879',FINGERED FET,mod_fingered_fet_no_dummy_2_pmos_w_4_lc_0.20_lch_0.08_lov_0.04_asym_0.0,18300,24480.0,1,4000.0,32|16|8|4,80.0,200.0,40.0,0.0,None,None,"3-Terminal Fingered FETs PMOS Pads are ordered (from bottom-to-top): S, D, G, S, D, G, S, D, G, S, D, G"
'4880',FINGERED FET,mod_fingered_fet_no_dummy_2_nmos_w_4_lc_0.16_lch_0.10_lov_0.04_asym_0.0,18350,24480.0,1,4000.0,32|16|8|4,100.0,160.0,40.0,0.0,None,None,"3-Terminal Fingered FETs NMOS Pads are ordered (from bottom-to-top): S, D, G, S, D, G, S, D, G, S, D, G"
'4881',FINGERED FET,mod_fingered_fet_no_dummy_2_pmos_w_4_lc_0.16_lch_0.10_lov_0.04_asym_0.0,18400,24480.0,1,4000.0,32|16|8|4,100.0,160.0,40.0,0.0,None,None,"3-Terminal Fingered FETs PMOS Pads are ordered (from bottom-to-top): S, D, G, S, D, G, S, D, G, S, D, G"
'4882',FINGERED FET,mod_fingered_fet_no_dummy_2_nmos_w_4_lc_0.16_lch_0.08_lov_0.04_asym_0.0,18450,24480.0,1,4000.0,32|16|8|4,80.0,160.0,40.0,0.0,None,None,"3-Terminal Fingered FETs NMOS Pads are ordered (from bottom-to-top): S, D, G, S, D, G, S, D, G, S, D, G"
'4883',FINGERED FET,mod_fingered_fet_no_dummy_2_pmos_w_4_lc_0.16_lch_0.08_lov_0.04_asym_0.0,18500,24480.0,1,4000.0,32|16|8|4,80.0,160.0,40.0,0.0,None,None,"3-Terminal Fingered FETs PMOS Pads are ordered (from bottom-to-top): S, D, G, S, D, G, S, D, G, S, D, G"
'6000',CMOS,mod_cmos_inv_wn_4.0_wp_4.0_lc_0.28_lch_0.16_lov_0.060,16350,1170.0,1,None,None,160.0,280.0,60.0,0,4000.0,4000.0,"Inverters Pads are ordered (from bottom-to-top): OUT VSS, VDD, IN, OUT VSS, VDD, IN, OUT VSS, VDD, IN"
'6001',CMOS,mod_cmos_inv_wn_4.0_wp_4.0_lc_0.28_lch_0.12_lov_0.060,16400,1170.0,1,None,None,120.0,280.0,60.0,0,4000.0,4000.0,"Inverters Pads are ordered (from bottom-to-top): OUT VSS, VDD, IN, OUT VSS, VDD, IN, OUT VSS, VDD, IN"
'6002',CMOS,mod_cmos_inv_wn_4.0_wp_4.0_lc_0.28_lch_0.10_lov_0.060,16450,1170.0,1,None,None,100.0,280.0,60.0,0,4000.0,4000.0,"Inverters Pads are ordered (from bottom-to-top): OUT VSS, VDD, IN, OUT VSS, VDD, IN, OUT VSS, VDD, IN"
'6003',CMOS,mod_cmos_inv_wn_4.0_wp_4.0_lc_0.28_lch_0.08_lov_0.060,16500,1170.0,1,None,None,80.0,280.0,60.0,0,4000.0,4000.0,"Inverters Pads are ordered (from bottom-to-top): OUT VSS, VDD, IN, OUT VSS, VDD, IN, OUT VSS, VDD, IN"
'6004',CMOS,mod_cmos_inv_wn_4.0_wp_4.0_lc_0.24_lch_0.12_lov_0.060,16550,1170.0,1,None,None,120.0,240.0,60.0,0,4000.0,4000.0,"Inverters Pads are ordered (from bottom-to-top): OUT VSS, VDD, IN, OUT VSS, VDD, IN, OUT VSS, VDD, IN"
'6005',CMOS,mod_cmos_inv_wn_4.0_wp_4.0_lc_0.24_lch_0.10_lov_0.060,16600,1170.0,1,None,None,100.0,240.0,60.0,0,4000.0,4000.0,"Inverters Pads are ordered (from bottom-to-top): OUT VSS, VDD, IN, OUT VSS, VDD, IN, OUT VSS, VDD, IN"
'6006',CMOS,mod_cmos_inv_wn_4.0_wp_4.0_lc_0.24_lch_0.08_lov_0.060,16650,1170.0,1,None,None,80.0,240.0,60.0,0,4000.0,4000.0,"Inverters Pads are ordered (from bottom-to-top): OUT VSS, VDD, IN, OUT VSS, VDD, IN, OUT VSS, VDD, IN"
'6007',CMOS,mod_cmos_inv_wn_4.0_wp_2.0_lc_0.28_lch_0.16_lov_0.060,16700,1170.0,1,None,None,160.0,280.0,60.0,0,4000.0,2000.0,"Inverters Pads are ordered (from bottom-to-top): OUT VSS, VDD, IN, OUT VSS, VDD, IN, OUT VSS, VDD, IN"
'6008',CMOS,mod_cmos_inv_wn_4.0_wp_2.0_lc_0.28_lch_0.12_lov_0.060,16750,1170.0,1,None,None,120.0,280.0,60.0,0,4000.0,2000.0,"Inverters Pads are ordered (from bottom-to-top): OUT VSS, VDD, IN, OUT VSS, VDD, IN, OUT VSS, VDD, IN"
'6009',CMOS,mod_cmos_inv_wn_4.0_wp_2.0_lc_0.28_lch_0.10_lov_0.060,16800,1170.0,1,None,None,100.0,280.0,60.0,0,4000.0,2000.0,"Inverters Pads are ordered (from bottom-to-top): OUT VSS, VDD, IN, OUT VSS, VDD, IN, OUT VSS, VDD, IN"
'6010',CMOS,mod_cmos_inv_wn_4.0_wp_2.0_lc_0.28_lch_0.08_lov_0.060,16850,1170.0,1,None,None,80.0,280.0,60.0,0,4000.0,2000.0,"Inverters Pads are ordered (from bottom-to-top): OUT VSS, VDD, IN, OUT VSS, VDD, IN, OUT VSS, VDD, IN"
'6011',CMOS,mod_cmos_inv_wn_4.0_wp_2.0_lc_0.24_lch_0.12_lov_0.060,16900,1170.0,1,None,None,120.0,240.0,60.0,0,4000.0,2000.0,"Inverters Pads are ordered (from bottom-to-top): OUT VSS, VDD, IN, OUT VSS, VDD, IN, OUT VSS, VDD, IN"
'6012',CMOS,mod_cmos_inv_wn_4.0_wp_2.0_lc_0.24_lch_0.10_lov_0.060,16950,1170.0,1,None,None,100.0,240.0,60.0,0,4000.0,2000.0,"Inverters Pads are ordered (from bottom-to-top): OUT VSS, VDD, IN, OUT VSS, VDD, IN, OUT VSS, VDD, IN"
'6013',CMOS,mod_cmos_inv_wn_4.0_wp_2.0_lc_0.24_lch_0.08_lov_0.060,17000,1170.0,1,None,None,80.0,240.0,60.0,0,4000.0,2000.0,"Inverters Pads are ordered (from bottom-to-top): OUT VSS, VDD, IN, OUT VSS, VDD, IN, OUT VSS, VDD, IN"
'6014',CMOS,mod_cmos_inv_wn_2.0_wp_4.0_lc_0.28_lch_0.16_lov_0.060,17050,1170.0,1,None,None,160.0,280.0,60.0,0,2000.0,4000.0,"Inverters Pads are ordered (from bottom-to-top): OUT VSS, VDD, IN, OUT VSS, VDD, IN, OUT VSS, VDD, IN"
'6015',CMOS,mod_cmos_inv_wn_2.0_wp_4.0_lc_0.28_lch_0.12_lov_0.060,17100,1170.0,1,None,None,120.0,280.0,60.0,0,2000.0,4000.0,"Inverters Pads are ordered (from bottom-to-top): OUT VSS, VDD, IN, OUT VSS, VDD, IN, OUT VSS, VDD, IN"
'6016',CMOS,mod_cmos_inv_wn_2.0_wp_4.0_lc_0.28_lch_0.10_lov_0.060,17150,1170.0,1,None,None,100.0,280.0,60.0,0,2000.0,4000.0,"Inverters Pads are ordered (from bottom-to-top): OUT VSS, VDD, IN, OUT VSS, VDD, IN, OUT VSS, VDD, IN"
'6017',CMOS,mod_cmos_inv_wn_2.0_wp_4.0_lc_0.28_lch_0.08_lov_0.060,17200,1170.0,1,None,None,80.0,280.0,60.0,0,2000.0,4000.0,"Inverters Pads are ordered (from bottom-to-top): OUT VSS, VDD, IN, OUT VSS, VDD, IN, OUT VSS, VDD, IN"
'6018',CMOS,mod_cmos_inv_wn_2.0_wp_4.0_lc_0.24_lch_0.12_lov_0.060,17250,1170.0,1,None,None,120.0,240.0,60.0,0,2000.0,4000.0,"Inverters Pads are ordered (from bottom-to-top): OUT VSS, VDD, IN, OUT VSS, VDD, IN, OUT VSS, VDD, IN"
'6019',CMOS,mod_cmos_inv_wn_2.0_wp_4.0_lc_0.24_lch_0.10_lov_0.060,17300,1170.0,1,None,None,100.0,240.0,60.0,0,2000.0,4000.0,"Inverters Pads are ordered (from bottom-to-top): OUT VSS, VDD, IN, OUT VSS, VDD, IN, OUT VSS, VDD, IN"
'6020',CMOS,mod_cmos_inv_wn_2.0_wp_4.0_lc_0.24_lch_0.08_lov_0.060,17350,1170.0,1,None,None,80.0,240.0,60.0,0,2000.0,4000.0,"Inverters Pads are ordered (from bottom-to-top): OUT VSS, VDD, IN, OUT VSS, VDD, IN, OUT VSS, VDD, IN"
'6021',CMOS,mod_cmos_inv_wn_8.0_wp_8.0_lc_0.28_lch_0.16_lov_0.060,17400,1170.0,1,None,None,160.0,280.0,60.0,0,8000.0,8000.0,"Inverters Pads are ordered (from bottom-to-top): OUT VSS, VDD, IN, OUT VSS, VDD, IN, OUT VSS, VDD, IN"
'6022',CMOS,mod_cmos_inv_wn_8.0_wp_8.0_lc_0.28_lch_0.12_lov_0.060,17450,1170.0,1,None,None,120.0,280.0,60.0,0,8000.0,8000.0,"Inverters Pads are ordered (from bottom-to-top): OUT VSS, VDD, IN, OUT VSS, VDD, IN, OUT VSS, VDD, IN"
'6023',CMOS,mod_cmos_inv_wn_8.0_wp_8.0_lc_0.28_lch_0.10_lov_0.060,17500,1170.0,1,None,None,100.0,280.0,60.0,0,8000.0,8000.0,"Inverters Pads are ordered (from bottom-to-top): OUT VSS, VDD, IN, OUT VSS, VDD, IN, OUT VSS, VDD, IN"
'6024',CMOS,mod_cmos_inv_wn_8.0_wp_8.0_lc_0.28_lch_0.08_lov_0.060,17550,1170.0,1,None,None,80.0,280.0,60.0,0,8000.0,8000.0,"Inverters Pads are ordered (from bottom-to-top): OUT VSS, VDD, IN, OUT VSS, VDD, IN, OUT VSS, VDD, IN"
'6025',CMOS,mod_cmos_inv_wn_8.0_wp_8.0_lc_0.24_lch_0.12_lov_0.060,17600,1170.0,1,None,None,120.0,240.0,60.0,0,8000.0,8000.0,"Inverters Pads are ordered (from bottom-to-top): OUT VSS, VDD, IN, OUT VSS, VDD, IN, OUT VSS, VDD, IN"
'6026',CMOS,mod_cmos_inv_wn_8.0_wp_8.0_lc_0.24_lch_0.10_lov_0.060,17650,1170.0,1,None,None,100.0,240.0,60.0,0,8000.0,8000.0,"Inverters Pads are ordered (from bottom-to-top): OUT VSS, VDD, IN, OUT VSS, VDD, IN, OUT VSS, VDD, IN"
'6027',CMOS,mod_cmos_inv_wn_8.0_wp_8.0_lc_0.24_lch_0.08_lov_0.060,17700,1170.0,1,None,None,80.0,240.0,60.0,0,8000.0,8000.0,"Inverters Pads are ordered (from bottom-to-top): OUT VSS, VDD, IN, OUT VSS, VDD, IN, OUT VSS, VDD, IN"
'6028',CMOS,mod_cmos_inv_wn_8.0_wp_4.0_lc_0.28_lch_0.16_lov_0.060,17750,1170.0,1,None,None,160.0,280.0,60.0,0,8000.0,4000.0,"Inverters Pads are ordered (from bottom-to-top): OUT VSS, VDD, IN, OUT VSS, VDD, IN, OUT VSS, VDD, IN"
'6029',CMOS,mod_cmos_inv_wn_8.0_wp_4.0_lc_0.28_lch_0.12_lov_0.060,17800,1170.0,1,None,None,120.0,280.0,60.0,0,8000.0,4000.0,"Inverters Pads are ordered (from bottom-to-top): OUT VSS, VDD, IN, OUT VSS, VDD, IN, OUT VSS, VDD, IN"
'6030',CMOS,mod_cmos_inv_wn_8.0_wp_4.0_lc_0.28_lch_0.10_lov_0.060,17850,1170.0,1,None,None,100.0,280.0,60.0,0,8000.0,4000.0,"Inverters Pads are ordered (from bottom-to-top): OUT VSS, VDD, IN, OUT VSS, VDD, IN, OUT VSS, VDD, IN"
'6031',CMOS,mod_cmos_inv_wn_8.0_wp_4.0_lc_0.28_lch_0.08_lov_0.060,17900,1170.0,1,None,None,80.0,280.0,60.0,0,8000.0,4000.0,"Inverters Pads are ordered (from bottom-to-top): OUT VSS, VDD, IN, OUT VSS, VDD, IN, OUT VSS, VDD, IN"
'6032',CMOS,mod_cmos_inv_wn_8.0_wp_4.0_lc_0.24_lch_0.12_lov_0.060,17950,1170.0,1,None,None,120.0,240.0,60.0,0,8000.0,4000.0,"Inverters Pads are ordered (from bottom-to-top): OUT VSS, VDD, IN, OUT VSS, VDD, IN, OUT VSS, VDD, IN"
'6033',CMOS,mod_cmos_inv_wn_8.0_wp_4.0_lc_0.24_lch_0.10_lov_0.060,18000,1170.0,1,None,None,100.0,240.0,60.0,0,8000.0,4000.0,"Inverters Pads are ordered (from bottom-to-top): OUT VSS, VDD, IN, OUT VSS, VDD, IN, OUT VSS, VDD, IN"
'6034',CMOS,mod_cmos_inv_wn_8.0_wp_4.0_lc_0.24_lch_0.08_lov_0.060,18050,1170.0,1,None,None,80.0,240.0,60.0,0,8000.0,4000.0,"Inverters Pads are ordered (from bottom-to-top): OUT VSS, VDD, IN, OUT VSS, VDD, IN, OUT VSS, VDD, IN"
'6035',CMOS,mod_cmos_inv_wn_4.0_wp_8.0_lc_0.28_lch_0.16_lov_0.060,18100,1170.0,1,None,None,160.0,280.0,60.0,0,4000.0,8000.0,"Inverters Pads are ordered (from bottom-to-top): OUT VSS, VDD, IN, OUT VSS, VDD, IN, OUT VSS, VDD, IN"
'6036',CMOS,mod_cmos_inv_wn_4.0_wp_8.0_lc_0.28_lch_0.12_lov_0.060,18150,1170.0,1,None,None,120.0,280.0,60.0,0,4000.0,8000.0,"Inverters Pads are ordered (from bottom-to-top): OUT VSS, VDD, IN, OUT VSS, VDD, IN, OUT VSS, VDD, IN"
'6037',CMOS,mod_cmos_inv_wn_4.0_wp_8.0_lc_0.28_lch_0.10_lov_0.060,18200,1170.0,1,None,None,100.0,280.0,60.0,0,4000.0,8000.0,"Inverters Pads are ordered (from bottom-to-top): OUT VSS, VDD, IN, OUT VSS, VDD, IN, OUT VSS, VDD, IN"
'6038',CMOS,mod_cmos_inv_wn_4.0_wp_8.0_lc_0.28_lch_0.08_lov_0.060,18250,1170.0,1,None,None,80.0,280.0,60.0,0,4000.0,8000.0,"Inverters Pads are ordered (from bottom-to-top): OUT VSS, VDD, IN, OUT VSS, VDD, IN, OUT VSS, VDD, IN"
'6039',CMOS,mod_cmos_inv_wn_4.0_wp_8.0_lc_0.24_lch_0.12_lov_0.060,18300,1170.0,1,None,None,120.0,240.0,60.0,0,4000.0,8000.0,"Inverters Pads are ordered (from bottom-to-top): OUT VSS, VDD, IN, OUT VSS, VDD, IN, OUT VSS, VDD, IN"
'6040',CMOS,mod_cmos_inv_wn_4.0_wp_8.0_lc_0.24_lch_0.10_lov_0.060,18350,1170.0,1,None,None,100.0,240.0,60.0,0,4000.0,8000.0,"Inverters Pads are ordered (from bottom-to-top): OUT VSS, VDD, IN, OUT VSS, VDD, IN, OUT VSS, VDD, IN"
'6041',CMOS,mod_cmos_inv_wn_4.0_wp_8.0_lc_0.24_lch_0.08_lov_0.060,18400,1170.0,1,None,None,80.0,240.0,60.0,0,4000.0,8000.0,"Inverters Pads are ordered (from bottom-to-top): OUT VSS, VDD, IN, OUT VSS, VDD, IN, OUT VSS, VDD, IN"
'6042',CMOS,mod_cmos_nand2_wn_4.0_wp_4.0_lc_0.28_lch_0.16_lov_0.060,16350,2340.0,1,None,None,160.0,280.0,60.0,0,4000.0,4000.0,"NAND2 Pads are ordered (from bottom-to-top): OUT, VSS, VDD, A, B, DUMMY, OUT, VSS, VDD, A, B, DUMMY"
'6043',CMOS,mod_cmos_nand2_wn_4.0_wp_4.0_lc_0.28_lch_0.12_lov_0.060,16400,2340.0,1,None,None,120.0,280.0,60.0,0,4000.0,4000.0,"NAND2 Pads are ordered (from bottom-to-top): OUT, VSS, VDD, A, B, DUMMY, OUT, VSS, VDD, A, B, DUMMY"
'6044',CMOS,mod_cmos_nand2_wn_4.0_wp_4.0_lc_0.28_lch_0.10_lov_0.060,16450,2340.0,1,None,None,100.0,280.0,60.0,0,4000.0,4000.0,"NAND2 Pads are ordered (from bottom-to-top): OUT, VSS, VDD, A, B, DUMMY, OUT, VSS, VDD, A, B, DUMMY"
'6045',CMOS,mod_cmos_nand2_wn_4.0_wp_4.0_lc_0.28_lch_0.08_lov_0.060,16500,2340.0,1,None,None,80.0,280.0,60.0,0,4000.0,4000.0,"NAND2 Pads are ordered (from bottom-to-top): OUT, VSS, VDD, A, B, DUMMY, OUT, VSS, VDD, A, B, DUMMY"
'6046',CMOS,mod_cmos_nand2_wn_4.0_wp_4.0_lc_0.24_lch_0.12_lov_0.060,16550,2340.0,1,None,None,120.0,240.0,60.0,0,4000.0,4000.0,"NAND2 Pads are ordered (from bottom-to-top): OUT, VSS, VDD, A, B, DUMMY, OUT, VSS, VDD, A, B, DUMMY"
'6047',CMOS,mod_cmos_nand2_wn_4.0_wp_4.0_lc_0.24_lch_0.10_lov_0.060,16600,2340.0,1,None,None,100.0,240.0,60.0,0,4000.0,4000.0,"NAND2 Pads are ordered (from bottom-to-top): OUT, VSS, VDD, A, B, DUMMY, OUT, VSS, VDD, A, B, DUMMY"
'6048',CMOS,mod_cmos_nand2_wn_4.0_wp_4.0_lc_0.24_lch_0.08_lov_0.060,16650,2340.0,1,None,None,80.0,240.0,60.0,0,4000.0,4000.0,"NAND2 Pads are ordered (from bottom-to-top): OUT, VSS, VDD, A, B, DUMMY, OUT, VSS, VDD, A, B, DUMMY"
'6049',CMOS,mod_cmos_nand2_wn_4.0_wp_2.0_lc_0.28_lch_0.16_lov_0.060,16700,2340.0,1,None,None,160.0,280.0,60.0,0,4000.0,2000.0,"NAND2 Pads are ordered (from bottom-to-top): OUT, VSS, VDD, A, B, DUMMY, OUT, VSS, VDD, A, B, DUMMY"
'6050',CMOS,mod_cmos_nand2_wn_4.0_wp_2.0_lc_0.28_lch_0.12_lov_0.060,16750,2340.0,1,None,None,120.0,280.0,60.0,0,4000.0,2000.0,"NAND2 Pads are ordered (from bottom-to-top): OUT, VSS, VDD, A, B, DUMMY, OUT, VSS, VDD, A, B, DUMMY"
'6051',CMOS,mod_cmos_nand2_wn_4.0_wp_2.0_lc_0.28_lch_0.10_lov_0.060,16800,2340.0,1,None,None,100.0,280.0,60.0,0,4000.0,2000.0,"NAND2 Pads are ordered (from bottom-to-top): OUT, VSS, VDD, A, B, DUMMY, OUT, VSS, VDD, A, B, DUMMY"
'6052',CMOS,mod_cmos_nand2_wn_4.0_wp_2.0_lc_0.28_lch_0.08_lov_0.060,16850,2340.0,1,None,None,80.0,280.0,60.0,0,4000.0,2000.0,"NAND2 Pads are ordered (from bottom-to-top): OUT, VSS, VDD, A, B, DUMMY, OUT, VSS, VDD, A, B, DUMMY"
'6053',CMOS,mod_cmos_nand2_wn_4.0_wp_2.0_lc_0.24_lch_0.12_lov_0.060,16900,2340.0,1,None,None,120.0,240.0,60.0,0,4000.0,2000.0,"NAND2 Pads are ordered (from bottom-to-top): OUT, VSS, VDD, A, B, DUMMY, OUT, VSS, VDD, A, B, DUMMY"
'6054',CMOS,mod_cmos_nand2_wn_4.0_wp_2.0_lc_0.24_lch_0.10_lov_0.060,16950,2340.0,1,None,None,100.0,240.0,60.0,0,4000.0,2000.0,"NAND2 Pads are ordered (from bottom-to-top): OUT, VSS, VDD, A, B, DUMMY, OUT, VSS, VDD, A, B, DUMMY"
'6055',CMOS,mod_cmos_nand2_wn_4.0_wp_2.0_lc_0.24_lch_0.08_lov_0.060,17000,2340.0,1,None,None,80.0,240.0,60.0,0,4000.0,2000.0,"NAND2 Pads are ordered (from bottom-to-top): OUT, VSS, VDD, A, B, DUMMY, OUT, VSS, VDD, A, B, DUMMY"
'6056',CMOS,mod_cmos_nand2_wn_2.0_wp_4.0_lc_0.28_lch_0.16_lov_0.060,17050,2340.0,1,None,None,160.0,280.0,60.0,0,2000.0,4000.0,"NAND2 Pads are ordered (from bottom-to-top): OUT, VSS, VDD, A, B, DUMMY, OUT, VSS, VDD, A, B, DUMMY"
'6057',CMOS,mod_cmos_nand2_wn_2.0_wp_4.0_lc_0.28_lch_0.12_lov_0.060,17100,2340.0,1,None,None,120.0,280.0,60.0,0,2000.0,4000.0,"NAND2 Pads are ordered (from bottom-to-top): OUT, VSS, VDD, A, B, DUMMY, OUT, VSS, VDD, A, B, DUMMY"
'6058',CMOS,mod_cmos_nand2_wn_2.0_wp_4.0_lc_0.28_lch_0.10_lov_0.060,17150,2340.0,1,None,None,100.0,280.0,60.0,0,2000.0,4000.0,"NAND2 Pads are ordered (from bottom-to-top): OUT, VSS, VDD, A, B, DUMMY, OUT, VSS, VDD, A, B, DUMMY"
'6059',CMOS,mod_cmos_nand2_wn_2.0_wp_4.0_lc_0.28_lch_0.08_lov_0.060,17200,2340.0,1,None,None,80.0,280.0,60.0,0,2000.0,4000.0,"NAND2 Pads are ordered (from bottom-to-top): OUT, VSS, VDD, A, B, DUMMY, OUT, VSS, VDD, A, B, DUMMY"
'6060',CMOS,mod_cmos_nand2_wn_2.0_wp_4.0_lc_0.24_lch_0.12_lov_0.060,17250,2340.0,1,None,None,120.0,240.0,60.0,0,2000.0,4000.0,"NAND2 Pads are ordered (from bottom-to-top): OUT, VSS, VDD, A, B, DUMMY, OUT, VSS, VDD, A, B, DUMMY"
'6061',CMOS,mod_cmos_nand2_wn_2.0_wp_4.0_lc_0.24_lch_0.10_lov_0.060,17300,2340.0,1,None,None,100.0,240.0,60.0,0,2000.0,4000.0,"NAND2 Pads are ordered (from bottom-to-top): OUT, VSS, VDD, A, B, DUMMY, OUT, VSS, VDD, A, B, DUMMY"
'6062',CMOS,mod_cmos_nand2_wn_2.0_wp_4.0_lc_0.24_lch_0.08_lov_0.060,17350,2340.0,1,None,None,80.0,240.0,60.0,0,2000.0,4000.0,"NAND2 Pads are ordered (from bottom-to-top): OUT, VSS, VDD, A, B, DUMMY, OUT, VSS, VDD, A, B, DUMMY"
'6063',CMOS,mod_cmos_nand2_wn_8.0_wp_8.0_lc_0.28_lch_0.16_lov_0.060,17400,2340.0,1,None,None,160.0,280.0,60.0,0,8000.0,8000.0,"NAND2 Pads are ordered (from bottom-to-top): OUT, VSS, VDD, A, B, DUMMY, OUT, VSS, VDD, A, B, DUMMY"
'6064',CMOS,mod_cmos_nand2_wn_8.0_wp_8.0_lc_0.28_lch_0.12_lov_0.060,17450,2340.0,1,None,None,120.0,280.0,60.0,0,8000.0,8000.0,"NAND2 Pads are ordered (from bottom-to-top): OUT, VSS, VDD, A, B, DUMMY, OUT, VSS, VDD, A, B, DUMMY"
'6065',CMOS,mod_cmos_nand2_wn_8.0_wp_8.0_lc_0.28_lch_0.10_lov_0.060,17500,2340.0,1,None,None,100.0,280.0,60.0,0,8000.0,8000.0,"NAND2 Pads are ordered (from bottom-to-top): OUT, VSS, VDD, A, B, DUMMY, OUT, VSS, VDD, A, B, DUMMY"
'6066',CMOS,mod_cmos_nand2_wn_8.0_wp_8.0_lc_0.28_lch_0.08_lov_0.060,17550,2340.0,1,None,None,80.0,280.0,60.0,0,8000.0,8000.0,"NAND2 Pads are ordered (from bottom-to-top): OUT, VSS, VDD, A, B, DUMMY, OUT, VSS, VDD, A, B, DUMMY"
'6067',CMOS,mod_cmos_nand2_wn_8.0_wp_8.0_lc_0.24_lch_0.12_lov_0.060,17600,2340.0,1,None,None,120.0,240.0,60.0,0,8000.0,8000.0,"NAND2 Pads are ordered (from bottom-to-top): OUT, VSS, VDD, A, B, DUMMY, OUT, VSS, VDD, A, B, DUMMY"
'6068',CMOS,mod_cmos_nand2_wn_8.0_wp_8.0_lc_0.24_lch_0.10_lov_0.060,17650,2340.0,1,None,None,100.0,240.0,60.0,0,8000.0,8000.0,"NAND2 Pads are ordered (from bottom-to-top): OUT, VSS, VDD, A, B, DUMMY, OUT, VSS, VDD, A, B, DUMMY"
'6069',CMOS,mod_cmos_nand2_wn_8.0_wp_8.0_lc_0.24_lch_0.08_lov_0.060,17700,2340.0,1,None,None,80.0,240.0,60.0,0,8000.0,8000.0,"NAND2 Pads are ordered (from bottom-to-top): OUT, VSS, VDD, A, B, DUMMY, OUT, VSS, VDD, A, B, DUMMY"
'6070',CMOS,mod_cmos_nand2_wn_8.0_wp_4.0_lc_0.28_lch_0.16_lov_0.060,17750,2340.0,1,None,None,160.0,280.0,60.0,0,8000.0,4000.0,"NAND2 Pads are ordered (from bottom-to-top): OUT, VSS, VDD, A, B, DUMMY, OUT, VSS, VDD, A, B, DUMMY"
'6071',CMOS,mod_cmos_nand2_wn_8.0_wp_4.0_lc_0.28_lch_0.12_lov_0.060,17800,2340.0,1,None,None,120.0,280.0,60.0,0,8000.0,4000.0,"NAND2 Pads are ordered (from bottom-to-top): OUT, VSS, VDD, A, B, DUMMY, OUT, VSS, VDD, A, B, DUMMY"
'6072',CMOS,mod_cmos_nand2_wn_8.0_wp_4.0_lc_0.28_lch_0.10_lov_0.060,17850,2340.0,1,None,None,100.0,280.0,60.0,0,8000.0,4000.0,"NAND2 Pads are ordered (from bottom-to-top): OUT, VSS, VDD, A, B, DUMMY, OUT, VSS, VDD, A, B, DUMMY"
'6073',CMOS,mod_cmos_nand2_wn_8.0_wp_4.0_lc_0.28_lch_0.08_lov_0.060,17900,2340.0,1,None,None,80.0,280.0,60.0,0,8000.0,4000.0,"NAND2 Pads are ordered (from bottom-to-top): OUT, VSS, VDD, A, B, DUMMY, OUT, VSS, VDD, A, B, DUMMY"
'6074',CMOS,mod_cmos_nand2_wn_8.0_wp_4.0_lc_0.24_lch_0.12_lov_0.060,17950,2340.0,1,None,None,120.0,240.0,60.0,0,8000.0,4000.0,"NAND2 Pads are ordered (from bottom-to-top): OUT, VSS, VDD, A, B, DUMMY, OUT, VSS, VDD, A, B, DUMMY"
'6075',CMOS,mod_cmos_nand2_wn_8.0_wp_4.0_lc_0.24_lch_0.10_lov_0.060,18000,2340.0,1,None,None,100.0,240.0,60.0,0,8000.0,4000.0,"NAND2 Pads are ordered (from bottom-to-top): OUT, VSS, VDD, A, B, DUMMY, OUT, VSS, VDD, A, B, DUMMY"
'6076',CMOS,mod_cmos_nand2_wn_8.0_wp_4.0_lc_0.24_lch_0.08_lov_0.060,18050,2340.0,1,None,None,80.0,240.0,60.0,0,8000.0,4000.0,"NAND2 Pads are ordered (from bottom-to-top): OUT, VSS, VDD, A, B, DUMMY, OUT, VSS, VDD, A, B, DUMMY"
'6077',CMOS,mod_cmos_nand2_wn_4.0_wp_8.0_lc_0.28_lch_0.16_lov_0.060,18100,2340.0,1,None,None,160.0,280.0,60.0,0,4000.0,8000.0,"NAND2 Pads are ordered (from bottom-to-top): OUT, VSS, VDD, A, B, DUMMY, OUT, VSS, VDD, A, B, DUMMY"
'6078',CMOS,mod_cmos_nand2_wn_4.0_wp_8.0_lc_0.28_lch_0.12_lov_0.060,18150,2340.0,1,None,None,120.0,280.0,60.0,0,4000.0,8000.0,"NAND2 Pads are ordered (from bottom-to-top): OUT, VSS, VDD, A, B, DUMMY, OUT, VSS, VDD, A, B, DUMMY"
'6079',CMOS,mod_cmos_nand2_wn_4.0_wp_8.0_lc_0.28_lch_0.10_lov_0.060,18200,2340.0,1,None,None,100.0,280.0,60.0,0,4000.0,8000.0,"NAND2 Pads are ordered (from bottom-to-top): OUT, VSS, VDD, A, B, DUMMY, OUT, VSS, VDD, A, B, DUMMY"
'6080',CMOS,mod_cmos_nand2_wn_4.0_wp_8.0_lc_0.28_lch_0.08_lov_0.060,18250,2340.0,1,None,None,80.0,280.0,60.0,0,4000.0,8000.0,"NAND2 Pads are ordered (from bottom-to-top): OUT, VSS, VDD, A, B, DUMMY, OUT, VSS, VDD, A, B, DUMMY"
'6081',CMOS,mod_cmos_nand2_wn_4.0_wp_8.0_lc_0.24_lch_0.12_lov_0.060,18300,2340.0,1,None,None,120.0,240.0,60.0,0,4000.0,8000.0,"NAND2 Pads are ordered (from bottom-to-top): OUT, VSS, VDD, A, B, DUMMY, OUT, VSS, VDD, A, B, DUMMY"
'6082',CMOS,mod_cmos_nand2_wn_4.0_wp_8.0_lc_0.24_lch_0.10_lov_0.060,18350,2340.0,1,None,None,100.0,240.0,60.0,0,4000.0,8000.0,"NAND2 Pads are ordered (from bottom-to-top): OUT, VSS, VDD, A, B, DUMMY, OUT, VSS, VDD, A, B, DUMMY"
'6083',CMOS,mod_cmos_nand2_wn_4.0_wp_8.0_lc_0.24_lch_0.08_lov_0.060,18400,2340.0,1,None,None,80.0,240.0,60.0,0,4000.0,8000.0,"NAND2 Pads are ordered (from bottom-to-top): OUT, VSS, VDD, A, B, DUMMY, OUT, VSS, VDD, A, B, DUMMY"
'6084',CMOS,mod_cmos_nor2_wn_4.0_wp_4.0_lc_0.28_lch_0.16_lov_0.060,16350,3510.0,1,None,None,160.0,280.0,60.0,0,4000.0,4000.0,"NOR2 Pads are ordered (from bottom-to-top): OUT, VSS, VDD, A, B, DUMMY, OUT, VSS, VDD, A, B, DUMMY"
'6085',CMOS,mod_cmos_nor2_wn_4.0_wp_4.0_lc_0.28_lch_0.12_lov_0.060,16400,3510.0,1,None,None,120.0,280.0,60.0,0,4000.0,4000.0,"NOR2 Pads are ordered (from bottom-to-top): OUT, VSS, VDD, A, B, DUMMY, OUT, VSS, VDD, A, B, DUMMY"
'6086',CMOS,mod_cmos_nor2_wn_4.0_wp_4.0_lc_0.28_lch_0.10_lov_0.060,16450,3510.0,1,None,None,100.0,280.0,60.0,0,4000.0,4000.0,"NOR2 Pads are ordered (from bottom-to-top): OUT, VSS, VDD, A, B, DUMMY, OUT, VSS, VDD, A, B, DUMMY"
'6087',CMOS,mod_cmos_nor2_wn_4.0_wp_4.0_lc_0.28_lch_0.08_lov_0.060,16500,3510.0,1,None,None,80.0,280.0,60.0,0,4000.0,4000.0,"NOR2 Pads are ordered (from bottom-to-top): OUT, VSS, VDD, A, B, DUMMY, OUT, VSS, VDD, A, B, DUMMY"
'6088',CMOS,mod_cmos_nor2_wn_4.0_wp_4.0_lc_0.24_lch_0.12_lov_0.060,16550,3510.0,1,None,None,120.0,240.0,60.0,0,4000.0,4000.0,"NOR2 Pads are ordered (from bottom-to-top): OUT, VSS, VDD, A, B, DUMMY, OUT, VSS, VDD, A, B, DUMMY"
'6089',CMOS,mod_cmos_nor2_wn_4.0_wp_4.0_lc_0.24_lch_0.10_lov_0.060,16600,3510.0,1,None,None,100.0,240.0,60.0,0,4000.0,4000.0,"NOR2 Pads are ordered (from bottom-to-top): OUT, VSS, VDD, A, B, DUMMY, OUT, VSS, VDD, A, B, DUMMY"
'6090',CMOS,mod_cmos_nor2_wn_4.0_wp_4.0_lc_0.24_lch_0.08_lov_0.060,16650,3510.0,1,None,None,80.0,240.0,60.0,0,4000.0,4000.0,"NOR2 Pads are ordered (from bottom-to-top): OUT, VSS, VDD, A, B, DUMMY, OUT, VSS, VDD, A, B, DUMMY"
'6091',CMOS,mod_cmos_nor2_wn_4.0_wp_2.0_lc_0.28_lch_0.16_lov_0.060,16700,3510.0,1,None,None,160.0,280.0,60.0,0,4000.0,2000.0,"NOR2 Pads are ordered (from bottom-to-top): OUT, VSS, VDD, A, B, DUMMY, OUT, VSS, VDD, A, B, DUMMY"
'6092',CMOS,mod_cmos_nor2_wn_4.0_wp_2.0_lc_0.28_lch_0.12_lov_0.060,16750,3510.0,1,None,None,120.0,280.0,60.0,0,4000.0,2000.0,"NOR2 Pads are ordered (from bottom-to-top): OUT, VSS, VDD, A, B, DUMMY, OUT, VSS, VDD, A, B, DUMMY"
'6093',CMOS,mod_cmos_nor2_wn_4.0_wp_2.0_lc_0.28_lch_0.10_lov_0.060,16800,3510.0,1,None,None,100.0,280.0,60.0,0,4000.0,2000.0,"NOR2 Pads are ordered (from bottom-to-top): OUT, VSS, VDD, A, B, DUMMY, OUT, VSS, VDD, A, B, DUMMY"
'6094',CMOS,mod_cmos_nor2_wn_4.0_wp_2.0_lc_0.28_lch_0.08_lov_0.060,16850,3510.0,1,None,None,80.0,280.0,60.0,0,4000.0,2000.0,"NOR2 Pads are ordered (from bottom-to-top): OUT, VSS, VDD, A, B, DUMMY, OUT, VSS, VDD, A, B, DUMMY"
'6095',CMOS,mod_cmos_nor2_wn_4.0_wp_2.0_lc_0.24_lch_0.12_lov_0.060,16900,3510.0,1,None,None,120.0,240.0,60.0,0,4000.0,2000.0,"NOR2 Pads are ordered (from bottom-to-top): OUT, VSS, VDD, A, B, DUMMY, OUT, VSS, VDD, A, B, DUMMY"
'6096',CMOS,mod_cmos_nor2_wn_4.0_wp_2.0_lc_0.24_lch_0.10_lov_0.060,16950,3510.0,1,None,None,100.0,240.0,60.0,0,4000.0,2000.0,"NOR2 Pads are ordered (from bottom-to-top): OUT, VSS, VDD, A, B, DUMMY, OUT, VSS, VDD, A, B, DUMMY"
'6097',CMOS,mod_cmos_nor2_wn_4.0_wp_2.0_lc_0.24_lch_0.08_lov_0.060,17000,3510.0,1,None,None,80.0,240.0,60.0,0,4000.0,2000.0,"NOR2 Pads are ordered (from bottom-to-top): OUT, VSS, VDD, A, B, DUMMY, OUT, VSS, VDD, A, B, DUMMY"
'6098',CMOS,mod_cmos_nor2_wn_2.0_wp_4.0_lc_0.28_lch_0.16_lov_0.060,17050,3510.0,1,None,None,160.0,280.0,60.0,0,2000.0,4000.0,"NOR2 Pads are ordered (from bottom-to-top): OUT, VSS, VDD, A, B, DUMMY, OUT, VSS, VDD, A, B, DUMMY"
'6099',CMOS,mod_cmos_nor2_wn_2.0_wp_4.0_lc_0.28_lch_0.12_lov_0.060,17100,3510.0,1,None,None,120.0,280.0,60.0,0,2000.0,4000.0,"NOR2 Pads are ordered (from bottom-to-top): OUT, VSS, VDD, A, B, DUMMY, OUT, VSS, VDD, A, B, DUMMY"
'6100',CMOS,mod_cmos_nor2_wn_2.0_wp_4.0_lc_0.28_lch_0.10_lov_0.060,17150,3510.0,1,None,None,100.0,280.0,60.0,0,2000.0,4000.0,"NOR2 Pads are ordered (from bottom-to-top): OUT, VSS, VDD, A, B, DUMMY, OUT, VSS, VDD, A, B, DUMMY"
'6101',CMOS,mod_cmos_nor2_wn_2.0_wp_4.0_lc_0.28_lch_0.08_lov_0.060,17200,3510.0,1,None,None,80.0,280.0,60.0,0,2000.0,4000.0,"NOR2 Pads are ordered (from bottom-to-top): OUT, VSS, VDD, A, B, DUMMY, OUT, VSS, VDD, A, B, DUMMY"
'6102',CMOS,mod_cmos_nor2_wn_2.0_wp_4.0_lc_0.24_lch_0.12_lov_0.060,17250,3510.0,1,None,None,120.0,240.0,60.0,0,2000.0,4000.0,"NOR2 Pads are ordered (from bottom-to-top): OUT, VSS, VDD, A, B, DUMMY, OUT, VSS, VDD, A, B, DUMMY"
'6103',CMOS,mod_cmos_nor2_wn_2.0_wp_4.0_lc_0.24_lch_0.10_lov_0.060,17300,3510.0,1,None,None,100.0,240.0,60.0,0,2000.0,4000.0,"NOR2 Pads are ordered (from bottom-to-top): OUT, VSS, VDD, A, B, DUMMY, OUT, VSS, VDD, A, B, DUMMY"
'6104',CMOS,mod_cmos_nor2_wn_2.0_wp_4.0_lc_0.24_lch_0.08_lov_0.060,17350,3510.0,1,None,None,80.0,240.0,60.0,0,2000.0,4000.0,"NOR2 Pads are ordered (from bottom-to-top): OUT, VSS, VDD, A, B, DUMMY, OUT, VSS, VDD, A, B, DUMMY"
'6105',CMOS,mod_cmos_nor2_wn_8.0_wp_8.0_lc_0.28_lch_0.16_lov_0.060,17400,3510.0,1,None,None,160.0,280.0,60.0,0,8000.0,8000.0,"NOR2 Pads are ordered (from bottom-to-top): OUT, VSS, VDD, A, B, DUMMY, OUT, VSS, VDD, A, B, DUMMY"
'6106',CMOS,mod_cmos_nor2_wn_8.0_wp_8.0_lc_0.28_lch_0.12_lov_0.060,17450,3510.0,1,None,None,120.0,280.0,60.0,0,8000.0,8000.0,"NOR2 Pads are ordered (from bottom-to-top): OUT, VSS, VDD, A, B, DUMMY, OUT, VSS, VDD, A, B, DUMMY"
'6107',CMOS,mod_cmos_nor2_wn_8.0_wp_8.0_lc_0.28_lch_0.10_lov_0.060,17500,3510.0,1,None,None,100.0,280.0,60.0,0,8000.0,8000.0,"NOR2 Pads are ordered (from bottom-to-top): OUT, VSS, VDD, A, B, DUMMY, OUT, VSS, VDD, A, B, DUMMY"
'6108',CMOS,mod_cmos_nor2_wn_8.0_wp_8.0_lc_0.28_lch_0.08_lov_0.060,17550,3510.0,1,None,None,80.0,280.0,60.0,0,8000.0,8000.0,"NOR2 Pads are ordered (from bottom-to-top): OUT, VSS, VDD, A, B, DUMMY, OUT, VSS, VDD, A, B, DUMMY"
'6109',CMOS,mod_cmos_nor2_wn_8.0_wp_8.0_lc_0.24_lch_0.12_lov_0.060,17600,3510.0,1,None,None,120.0,240.0,60.0,0,8000.0,8000.0,"NOR2 Pads are ordered (from bottom-to-top): OUT, VSS, VDD, A, B, DUMMY, OUT, VSS, VDD, A, B, DUMMY"
'6110',CMOS,mod_cmos_nor2_wn_8.0_wp_8.0_lc_0.24_lch_0.10_lov_0.060,17650,3510.0,1,None,None,100.0,240.0,60.0,0,8000.0,8000.0,"NOR2 Pads are ordered (from bottom-to-top): OUT, VSS, VDD, A, B, DUMMY, OUT, VSS, VDD, A, B, DUMMY"
'6111',CMOS,mod_cmos_nor2_wn_8.0_wp_8.0_lc_0.24_lch_0.08_lov_0.060,17700,3510.0,1,None,None,80.0,240.0,60.0,0,8000.0,8000.0,"NOR2 Pads are ordered (from bottom-to-top): OUT, VSS, VDD, A, B, DUMMY, OUT, VSS, VDD, A, B, DUMMY"
'6112',CMOS,mod_cmos_nor2_wn_8.0_wp_4.0_lc_0.28_lch_0.16_lov_0.060,17750,3510.0,1,None,None,160.0,280.0,60.0,0,8000.0,4000.0,"NOR2 Pads are ordered (from bottom-to-top): OUT, VSS, VDD, A, B, DUMMY, OUT, VSS, VDD, A, B, DUMMY"
'6113',CMOS,mod_cmos_nor2_wn_8.0_wp_4.0_lc_0.28_lch_0.12_lov_0.060,17800,3510.0,1,None,None,120.0,280.0,60.0,0,8000.0,4000.0,"NOR2 Pads are ordered (from bottom-to-top): OUT, VSS, VDD, A, B, DUMMY, OUT, VSS, VDD, A, B, DUMMY"
'6114',CMOS,mod_cmos_nor2_wn_8.0_wp_4.0_lc_0.28_lch_0.10_lov_0.060,17850,3510.0,1,None,None,100.0,280.0,60.0,0,8000.0,4000.0,"NOR2 Pads are ordered (from bottom-to-top): OUT, VSS, VDD, A, B, DUMMY, OUT, VSS, VDD, A, B, DUMMY"
'6115',CMOS,mod_cmos_nor2_wn_8.0_wp_4.0_lc_0.28_lch_0.08_lov_0.060,17900,3510.0,1,None,None,80.0,280.0,60.0,0,8000.0,4000.0,"NOR2 Pads are ordered (from bottom-to-top): OUT, VSS, VDD, A, B, DUMMY, OUT, VSS, VDD, A, B, DUMMY"
'6116',CMOS,mod_cmos_nor2_wn_8.0_wp_4.0_lc_0.24_lch_0.12_lov_0.060,17950,3510.0,1,None,None,120.0,240.0,60.0,0,8000.0,4000.0,"NOR2 Pads are ordered (from bottom-to-top): OUT, VSS, VDD, A, B, DUMMY, OUT, VSS, VDD, A, B, DUMMY"
'6117',CMOS,mod_cmos_nor2_wn_8.0_wp_4.0_lc_0.24_lch_0.10_lov_0.060,18000,3510.0,1,None,None,100.0,240.0,60.0,0,8000.0,4000.0,"NOR2 Pads are ordered (from bottom-to-top): OUT, VSS, VDD, A, B, DUMMY, OUT, VSS, VDD, A, B, DUMMY"
'6118',CMOS,mod_cmos_nor2_wn_8.0_wp_4.0_lc_0.24_lch_0.08_lov_0.060,18050,3510.0,1,None,None,80.0,240.0,60.0,0,8000.0,4000.0,"NOR2 Pads are ordered (from bottom-to-top): OUT, VSS, VDD, A, B, DUMMY, OUT, VSS, VDD, A, B, DUMMY"
'6119',CMOS,mod_cmos_nor2_wn_4.0_wp_8.0_lc_0.28_lch_0.16_lov_0.060,18100,3510.0,1,None,None,160.0,280.0,60.0,0,4000.0,8000.0,"NOR2 Pads are ordered (from bottom-to-top): OUT, VSS, VDD, A, B, DUMMY, OUT, VSS, VDD, A, B, DUMMY"
'6120',CMOS,mod_cmos_nor2_wn_4.0_wp_8.0_lc_0.28_lch_0.12_lov_0.060,18150,3510.0,1,None,None,120.0,280.0,60.0,0,4000.0,8000.0,"NOR2 Pads are ordered (from bottom-to-top): OUT, VSS, VDD, A, B, DUMMY, OUT, VSS, VDD, A, B, DUMMY"
'6121',CMOS,mod_cmos_nor2_wn_4.0_wp_8.0_lc_0.28_lch_0.10_lov_0.060,18200,3510.0,1,None,None,100.0,280.0,60.0,0,4000.0,8000.0,"NOR2 Pads are ordered (from bottom-to-top): OUT, VSS, VDD, A, B, DUMMY, OUT, VSS, VDD, A, B, DUMMY"
'6122',CMOS,mod_cmos_nor2_wn_4.0_wp_8.0_lc_0.28_lch_0.08_lov_0.060,18250,3510.0,1,None,None,80.0,280.0,60.0,0,4000.0,8000.0,"NOR2 Pads are ordered (from bottom-to-top): OUT, VSS, VDD, A, B, DUMMY, OUT, VSS, VDD, A, B, DUMMY"
'6123',CMOS,mod_cmos_nor2_wn_4.0_wp_8.0_lc_0.24_lch_0.12_lov_0.060,18300,3510.0,1,None,None,120.0,240.0,60.0,0,4000.0,8000.0,"NOR2 Pads are ordered (from bottom-to-top): OUT, VSS, VDD, A, B, DUMMY, OUT, VSS, VDD, A, B, DUMMY"
'6124',CMOS,mod_cmos_nor2_wn_4.0_wp_8.0_lc_0.24_lch_0.10_lov_0.060,18350,3510.0,1,None,None,100.0,240.0,60.0,0,4000.0,8000.0,"NOR2 Pads are ordered (from bottom-to-top): OUT, VSS, VDD, A, B, DUMMY, OUT, VSS, VDD, A, B, DUMMY"
'6125',CMOS,mod_cmos_nor2_wn_4.0_wp_8.0_lc_0.24_lch_0.08_lov_0.060,18400,3510.0,1,None,None,80.0,240.0,60.0,0,4000.0,8000.0,"NOR2 Pads are ordered (from bottom-to-top): OUT, VSS, VDD, A, B, DUMMY, OUT, VSS, VDD, A, B, DUMMY"
'6126',CMOS,mod_finger_inv_nf_3_wn_4.0_wp_4.0_lc_0.28_lch_0.16_lov_0.060,14050,7740.0,1,None,None,160.0,280.0,60.0,0,4000.0,4000.0,"Fingered CMOS inverter. Pads are ordered: OUT VSS VDD IN OUT VSS VDD IN OUT VSS VDD IN"
'6127',CMOS,mod_finger_inv_nf_3_wn_4.0_wp_4.0_lc_0.28_lch_0.12_lov_0.060,14100,7740.0,1,None,None,120.0,280.0,60.0,0,4000.0,4000.0,"Fingered CMOS inverter. Pads are ordered: OUT VSS VDD IN OUT VSS VDD IN OUT VSS VDD IN"
'6128',CMOS,mod_finger_inv_nf_3_wn_4.0_wp_4.0_lc_0.28_lch_0.10_lov_0.060,14150,7740.0,1,None,None,100.0,280.0,60.0,0,4000.0,4000.0,"Fingered CMOS inverter. Pads are ordered: OUT VSS VDD IN OUT VSS VDD IN OUT VSS VDD IN"
'6129',CMOS,mod_finger_inv_nf_3_wn_4.0_wp_4.0_lc_0.28_lch_0.08_lov_0.060,14200,7740.0,1,None,None,80.0,280.0,60.0,0,4000.0,4000.0,"Fingered CMOS inverter. Pads are ordered: OUT VSS VDD IN OUT VSS VDD IN OUT VSS VDD IN"
'6130',CMOS,mod_finger_inv_nf_7_wn_4.0_wp_4.0_lc_0.28_lch_0.16_lov_0.060,14300,7740.0,1,None,None,160.0,280.0,60.0,0,4000.0,4000.0,"Fingered CMOS inverter. Pads are ordered: OUT VSS VDD IN OUT VSS VDD IN OUT VSS VDD IN"
'6131',CMOS,mod_finger_inv_nf_7_wn_4.0_wp_4.0_lc_0.28_lch_0.12_lov_0.060,14350,7740.0,1,None,None,120.0,280.0,60.0,0,4000.0,4000.0,"Fingered CMOS inverter. Pads are ordered: OUT VSS VDD IN OUT VSS VDD IN OUT VSS VDD IN"
'6132',CMOS,mod_finger_inv_nf_7_wn_4.0_wp_4.0_lc_0.28_lch_0.10_lov_0.060,14400,7740.0,1,None,None,100.0,280.0,60.0,0,4000.0,4000.0,"Fingered CMOS inverter. Pads are ordered: OUT VSS VDD IN OUT VSS VDD IN OUT VSS VDD IN"
'6133',CMOS,mod_finger_inv_nf_7_wn_4.0_wp_4.0_lc_0.28_lch_0.08_lov_0.060,14450,7740.0,1,None,None,80.0,280.0,60.0,0,4000.0,4000.0,"Fingered CMOS inverter. Pads are ordered: OUT VSS VDD IN OUT VSS VDD IN OUT VSS VDD IN"
'6134',CMOS,mod_finger_inv_nf_15_wn_4.0_wp_4.0_lc_0.28_lch_0.16_lov_0.060,14550,7740.0,1,None,None,160.0,280.0,60.0,0,4000.0,4000.0,"Fingered CMOS inverter. Pads are ordered: OUT VSS VDD IN OUT VSS VDD IN OUT VSS VDD IN"
'6135',CMOS,mod_finger_inv_nf_15_wn_4.0_wp_4.0_lc_0.28_lch_0.12_lov_0.060,14600,7740.0,1,None,None,120.0,280.0,60.0,0,4000.0,4000.0,"Fingered CMOS inverter. Pads are ordered: OUT VSS VDD IN OUT VSS VDD IN OUT VSS VDD IN"
'6136',CMOS,mod_finger_inv_nf_15_wn_4.0_wp_4.0_lc_0.28_lch_0.10_lov_0.060,14650,7740.0,1,None,None,100.0,280.0,60.0,0,4000.0,4000.0,"Fingered CMOS inverter. Pads are ordered: OUT VSS VDD IN OUT VSS VDD IN OUT VSS VDD IN"
'6137',CMOS,mod_finger_inv_nf_15_wn_4.0_wp_4.0_lc_0.28_lch_0.08_lov_0.060,14700,7740.0,1,None,None,80.0,280.0,60.0,0,4000.0,4000.0,"Fingered CMOS inverter. Pads are ordered: OUT VSS VDD IN OUT VSS VDD IN OUT VSS VDD IN"
'6138',CMOS,mod_finger_inv_nf_3_wn_4.0_wp_2.0_lc_0.28_lch_0.16_lov_0.060,14800,7740.0,1,None,None,160.0,280.0,60.0,0,4000.0,2000.0,"Fingered CMOS inverter. Pads are ordered: OUT VSS VDD IN OUT VSS VDD IN OUT VSS VDD IN"
'6139',CMOS,mod_finger_inv_nf_3_wn_4.0_wp_2.0_lc_0.28_lch_0.12_lov_0.060,14850,7740.0,1,None,None,120.0,280.0,60.0,0,4000.0,2000.0,"Fingered CMOS inverter. Pads are ordered: OUT VSS VDD IN OUT VSS VDD IN OUT VSS VDD IN"
'6140',CMOS,mod_finger_inv_nf_3_wn_4.0_wp_2.0_lc_0.28_lch_0.10_lov_0.060,14900,7740.0,1,None,None,100.0,280.0,60.0,0,4000.0,2000.0,"Fingered CMOS inverter. Pads are ordered: OUT VSS VDD IN OUT VSS VDD IN OUT VSS VDD IN"
'6141',CMOS,mod_finger_inv_nf_3_wn_4.0_wp_2.0_lc_0.28_lch_0.08_lov_0.060,14950,7740.0,1,None,None,80.0,280.0,60.0,0,4000.0,2000.0,"Fingered CMOS inverter. Pads are ordered: OUT VSS VDD IN OUT VSS VDD IN OUT VSS VDD IN"
'6142',CMOS,mod_finger_inv_nf_7_wn_4.0_wp_2.0_lc_0.28_lch_0.16_lov_0.060,15050,7740.0,1,None,None,160.0,280.0,60.0,0,4000.0,2000.0,"Fingered CMOS inverter. Pads are ordered: OUT VSS VDD IN OUT VSS VDD IN OUT VSS VDD IN"
'6143',CMOS,mod_finger_inv_nf_7_wn_4.0_wp_2.0_lc_0.28_lch_0.12_lov_0.060,15100,7740.0,1,None,None,120.0,280.0,60.0,0,4000.0,2000.0,"Fingered CMOS inverter. Pads are ordered: OUT VSS VDD IN OUT VSS VDD IN OUT VSS VDD IN"
'6144',CMOS,mod_finger_inv_nf_7_wn_4.0_wp_2.0_lc_0.28_lch_0.10_lov_0.060,15150,7740.0,1,None,None,100.0,280.0,60.0,0,4000.0,2000.0,"Fingered CMOS inverter. Pads are ordered: OUT VSS VDD IN OUT VSS VDD IN OUT VSS VDD IN"
'6145',CMOS,mod_finger_inv_nf_7_wn_4.0_wp_2.0_lc_0.28_lch_0.08_lov_0.060,15200,7740.0,1,None,None,80.0,280.0,60.0,0,4000.0,2000.0,"Fingered CMOS inverter. Pads are ordered: OUT VSS VDD IN OUT VSS VDD IN OUT VSS VDD IN"
'6146',CMOS,mod_finger_inv_nf_15_wn_4.0_wp_2.0_lc_0.28_lch_0.16_lov_0.060,15300,7740.0,1,None,None,160.0,280.0,60.0,0,4000.0,2000.0,"Fingered CMOS inverter. Pads are ordered: OUT VSS VDD IN OUT VSS VDD IN OUT VSS VDD IN"
'6147',CMOS,mod_finger_inv_nf_15_wn_4.0_wp_2.0_lc_0.28_lch_0.12_lov_0.060,15350,7740.0,1,None,None,120.0,280.0,60.0,0,4000.0,2000.0,"Fingered CMOS inverter. Pads are ordered: OUT VSS VDD IN OUT VSS VDD IN OUT VSS VDD IN"
'6148',CMOS,mod_finger_inv_nf_15_wn_4.0_wp_2.0_lc_0.28_lch_0.10_lov_0.060,15400,7740.0,1,None,None,100.0,280.0,60.0,0,4000.0,2000.0,"Fingered CMOS inverter. Pads are ordered: OUT VSS VDD IN OUT VSS VDD IN OUT VSS VDD IN"
'6149',CMOS,mod_finger_inv_nf_15_wn_4.0_wp_2.0_lc_0.28_lch_0.08_lov_0.060,15450,7740.0,1,None,None,80.0,280.0,60.0,0,4000.0,2000.0,"Fingered CMOS inverter. Pads are ordered: OUT VSS VDD IN OUT VSS VDD IN OUT VSS VDD IN"
'6150',CMOS,mod_finger_inv_nf_3_wn_2.0_wp_4.0_lc_0.28_lch_0.16_lov_0.060,15550,7740.0,1,None,None,160.0,280.0,60.0,0,2000.0,4000.0,"Fingered CMOS inverter. Pads are ordered: OUT VSS VDD IN OUT VSS VDD IN OUT VSS VDD IN"
'6151',CMOS,mod_finger_inv_nf_3_wn_2.0_wp_4.0_lc_0.28_lch_0.12_lov_0.060,15600,7740.0,1,None,None,120.0,280.0,60.0,0,2000.0,4000.0,"Fingered CMOS inverter. Pads are ordered: OUT VSS VDD IN OUT VSS VDD IN OUT VSS VDD IN"
'6152',CMOS,mod_finger_inv_nf_3_wn_2.0_wp_4.0_lc_0.28_lch_0.10_lov_0.060,15650,7740.0,1,None,None,100.0,280.0,60.0,0,2000.0,4000.0,"Fingered CMOS inverter. Pads are ordered: OUT VSS VDD IN OUT VSS VDD IN OUT VSS VDD IN"
'6153',CMOS,mod_finger_inv_nf_3_wn_2.0_wp_4.0_lc_0.28_lch_0.08_lov_0.060,15700,7740.0,1,None,None,80.0,280.0,60.0,0,2000.0,4000.0,"Fingered CMOS inverter. Pads are ordered: OUT VSS VDD IN OUT VSS VDD IN OUT VSS VDD IN"
'6154',CMOS,mod_finger_inv_nf_7_wn_2.0_wp_4.0_lc_0.28_lch_0.16_lov_0.060,15800,7740.0,1,None,None,160.0,280.0,60.0,0,2000.0,4000.0,"Fingered CMOS inverter. Pads are ordered: OUT VSS VDD IN OUT VSS VDD IN OUT VSS VDD IN"
'6155',CMOS,mod_finger_inv_nf_7_wn_2.0_wp_4.0_lc_0.28_lch_0.12_lov_0.060,15850,7740.0,1,None,None,120.0,280.0,60.0,0,2000.0,4000.0,"Fingered CMOS inverter. Pads are ordered: OUT VSS VDD IN OUT VSS VDD IN OUT VSS VDD IN"
'6156',CMOS,mod_finger_inv_nf_7_wn_2.0_wp_4.0_lc_0.28_lch_0.10_lov_0.060,15900,7740.0,1,None,None,100.0,280.0,60.0,0,2000.0,4000.0,"Fingered CMOS inverter. Pads are ordered: OUT VSS VDD IN OUT VSS VDD IN OUT VSS VDD IN"
'6157',CMOS,mod_finger_inv_nf_7_wn_2.0_wp_4.0_lc_0.28_lch_0.08_lov_0.060,15950,7740.0,1,None,None,80.0,280.0,60.0,0,2000.0,4000.0,"Fingered CMOS inverter. Pads are ordered: OUT VSS VDD IN OUT VSS VDD IN OUT VSS VDD IN"
'6158',CMOS,mod_finger_inv_nf_15_wn_2.0_wp_4.0_lc_0.28_lch_0.16_lov_0.060,16050,7740.0,1,None,None,160.0,280.0,60.0,0,2000.0,4000.0,"Fingered CMOS inverter. Pads are ordered: OUT VSS VDD IN OUT VSS VDD IN OUT VSS VDD IN"
'6159',CMOS,mod_finger_inv_nf_15_wn_2.0_wp_4.0_lc_0.28_lch_0.12_lov_0.060,16100,7740.0,1,None,None,120.0,280.0,60.0,0,2000.0,4000.0,"Fingered CMOS inverter. Pads are ordered: OUT VSS VDD IN OUT VSS VDD IN OUT VSS VDD IN"
'6160',CMOS,mod_finger_inv_nf_15_wn_2.0_wp_4.0_lc_0.28_lch_0.10_lov_0.060,16150,7740.0,1,None,None,100.0,280.0,60.0,0,2000.0,4000.0,"Fingered CMOS inverter. Pads are ordered: OUT VSS VDD IN OUT VSS VDD IN OUT VSS VDD IN"
'6161',CMOS,mod_finger_inv_nf_15_wn_2.0_wp_4.0_lc_0.28_lch_0.08_lov_0.060,16200,7740.0,1,None,None,80.0,280.0,60.0,0,2000.0,4000.0,"Fingered CMOS inverter. Pads are ordered: OUT VSS VDD IN OUT VSS VDD IN OUT VSS VDD IN"
'6162',CMOS,mod_inv_cascade_3_wn_4.0_wp_4.0_lc_0.16_lch_0.16_lov_0.060,14050,8910.0,1,None,None,160.0,160.0,60.0,0,4000.0,4000.0,"Cascaded inverter: nstages=3, wn=4.0, wp=4.0. Pads ordered: OUT VSS, VDD, IN, OUT VSS, VDD, IN, OUT VSS, VDD, IN"
'6163',CMOS,mod_inv_cascade_7_wn_4.0_wp_4.0_lc_0.16_lch_0.16_lov_0.060,14100,8910.0,1,None,None,160.0,160.0,60.0,0,4000.0,4000.0,"Cascaded inverter: nstages=7, wn=4.0, wp=4.0. Pads ordered: OUT VSS, VDD, IN, OUT VSS, VDD, IN, OUT VSS, VDD, IN"
'6164',CMOS,mod_inv_cascade_13_wn_4.0_wp_4.0_lc_0.16_lch_0.16_lov_0.060,14150,8910.0,1,None,None,160.0,160.0,60.0,0,4000.0,4000.0,"Cascaded inverter: nstages=13, wn=4.0, wp=4.0. Pads ordered: OUT VSS, VDD, IN, OUT VSS, VDD, IN, OUT VSS, VDD, IN"
'6165',CMOS,mod_inv_cascade_19_wn_4.0_wp_4.0_lc_0.16_lch_0.16_lov_0.060,14200,8910.0,1,None,None,160.0,160.0,60.0,0,4000.0,4000.0,"Cascaded inverter: nstages=19, wn=4.0, wp=4.0. Pads ordered: OUT VSS, VDD, IN, OUT VSS, VDD, IN, OUT VSS, VDD, IN"
'6166',CMOS,mod_inv_cascade_25_wn_4.0_wp_4.0_lc_0.16_lch_0.16_lov_0.060,14250,8910.0,1,None,None,160.0,160.0,60.0,0,4000.0,4000.0,"Cascaded inverter: nstages=25, wn=4.0, wp=4.0. Pads ordered: OUT VSS, VDD, IN, OUT VSS, VDD, IN, OUT VSS, VDD, IN"
'6167',CMOS,mod_inv_cascade_3_wn_4.0_wp_2.0_lc_0.16_lch_0.16_lov_0.060,14350,8910.0,1,None,None,160.0,160.0,60.0,0,4000.0,2000.0,"Cascaded inverter: nstages=3, wn=4.0, wp=2.0. Pads ordered: OUT VSS, VDD, IN, OUT VSS, VDD, IN, OUT VSS, VDD, IN"
'6168',CMOS,mod_inv_cascade_7_wn_4.0_wp_2.0_lc_0.16_lch_0.16_lov_0.060,14400,8910.0,1,None,None,160.0,160.0,60.0,0,4000.0,2000.0,"Cascaded inverter: nstages=7, wn=4.0, wp=2.0. Pads ordered: OUT VSS, VDD, IN, OUT VSS, VDD, IN, OUT VSS, VDD, IN"
'6169',CMOS,mod_inv_cascade_13_wn_4.0_wp_2.0_lc_0.16_lch_0.16_lov_0.060,14450,8910.0,1,None,None,160.0,160.0,60.0,0,4000.0,2000.0,"Cascaded inverter: nstages=13, wn=4.0, wp=2.0. Pads ordered: OUT VSS, VDD, IN, OUT VSS, VDD, IN, OUT VSS, VDD, IN"
'6170',CMOS,mod_inv_cascade_19_wn_4.0_wp_2.0_lc_0.16_lch_0.16_lov_0.060,14500,8910.0,1,None,None,160.0,160.0,60.0,0,4000.0,2000.0,"Cascaded inverter: nstages=19, wn=4.0, wp=2.0. Pads ordered: OUT VSS, VDD, IN, OUT VSS, VDD, IN, OUT VSS, VDD, IN"
'6171',CMOS,mod_inv_cascade_25_wn_4.0_wp_2.0_lc_0.16_lch_0.16_lov_0.060,14550,8910.0,1,None,None,160.0,160.0,60.0,0,4000.0,2000.0,"Cascaded inverter: nstages=25, wn=4.0, wp=2.0. Pads ordered: OUT VSS, VDD, IN, OUT VSS, VDD, IN, OUT VSS, VDD, IN"
'6172',CMOS,mod_inv_cascade_3_wn_2.0_wp_4.0_lc_0.16_lch_0.16_lov_0.060,14650,8910.0,1,None,None,160.0,160.0,60.0,0,2000.0,4000.0,"Cascaded inverter: nstages=3, wn=2.0, wp=4.0. Pads ordered: OUT VSS, VDD, IN, OUT VSS, VDD, IN, OUT VSS, VDD, IN"
'6173',CMOS,mod_inv_cascade_7_wn_2.0_wp_4.0_lc_0.16_lch_0.16_lov_0.060,14700,8910.0,1,None,None,160.0,160.0,60.0,0,2000.0,4000.0,"Cascaded inverter: nstages=7, wn=2.0, wp=4.0. Pads ordered: OUT VSS, VDD, IN, OUT VSS, VDD, IN, OUT VSS, VDD, IN"
'6174',CMOS,mod_inv_cascade_13_wn_2.0_wp_4.0_lc_0.16_lch_0.16_lov_0.060,14750,8910.0,1,None,None,160.0,160.0,60.0,0,2000.0,4000.0,"Cascaded inverter: nstages=13, wn=2.0, wp=4.0. Pads ordered: OUT VSS, VDD, IN, OUT VSS, VDD, IN, OUT VSS, VDD, IN"
'6175',CMOS,mod_inv_cascade_19_wn_2.0_wp_4.0_lc_0.16_lch_0.16_lov_0.060,14800,8910.0,1,None,None,160.0,160.0,60.0,0,2000.0,4000.0,"Cascaded inverter: nstages=19, wn=2.0, wp=4.0. Pads ordered: OUT VSS, VDD, IN, OUT VSS, VDD, IN, OUT VSS, VDD, IN"
'6176',CMOS,mod_inv_cascade_25_wn_2.0_wp_4.0_lc_0.16_lch_0.16_lov_0.060,14850,8910.0,1,None,None,160.0,160.0,60.0,0,2000.0,4000.0,"Cascaded inverter: nstages=25, wn=2.0, wp=4.0. Pads ordered: OUT VSS, VDD, IN, OUT VSS, VDD, IN, OUT VSS, VDD, IN"
'6177',CMOS,mod_inv_cascade_3_wn_4.0_wp_4.0_lc_0.12_lch_0.12_lov_0.040,15000,8910.0,1,None,None,120.0,120.0,40.0,0,4000.0,4000.0,"Cascaded inverter: nstages=3, wn=4.0, wp=4.0. Pads ordered: OUT VSS, VDD, IN, OUT VSS, VDD, IN, OUT VSS, VDD, IN"
'6178',CMOS,mod_inv_cascade_7_wn_4.0_wp_4.0_lc_0.12_lch_0.12_lov_0.040,15050,8910.0,1,None,None,120.0,120.0,40.0,0,4000.0,4000.0,"Cascaded inverter: nstages=7, wn=4.0, wp=4.0. Pads ordered: OUT VSS, VDD, IN, OUT VSS, VDD, IN, OUT VSS, VDD, IN"
'6179',CMOS,mod_inv_cascade_13_wn_4.0_wp_4.0_lc_0.12_lch_0.12_lov_0.040,15100,8910.0,1,None,None,120.0,120.0,40.0,0,4000.0,4000.0,"Cascaded inverter: nstages=13, wn=4.0, wp=4.0. Pads ordered: OUT VSS, VDD, IN, OUT VSS, VDD, IN, OUT VSS, VDD, IN"
'6180',CMOS,mod_inv_cascade_19_wn_4.0_wp_4.0_lc_0.12_lch_0.12_lov_0.040,15150,8910.0,1,None,None,120.0,120.0,40.0,0,4000.0,4000.0,"Cascaded inverter: nstages=19, wn=4.0, wp=4.0. Pads ordered: OUT VSS, VDD, IN, OUT VSS, VDD, IN, OUT VSS, VDD, IN"
'6181',CMOS,mod_inv_cascade_25_wn_4.0_wp_4.0_lc_0.12_lch_0.12_lov_0.040,15200,8910.0,1,None,None,120.0,120.0,40.0,0,4000.0,4000.0,"Cascaded inverter: nstages=25, wn=4.0, wp=4.0. Pads ordered: OUT VSS, VDD, IN, OUT VSS, VDD, IN, OUT VSS, VDD, IN"
'6182',CMOS,mod_inv_cascade_3_wn_4.0_wp_2.0_lc_0.12_lch_0.12_lov_0.040,15300,8910.0,1,None,None,120.0,120.0,40.0,0,4000.0,2000.0,"Cascaded inverter: nstages=3, wn=4.0, wp=2.0. Pads ordered: OUT VSS, VDD, IN, OUT VSS, VDD, IN, OUT VSS, VDD, IN"
'6183',CMOS,mod_inv_cascade_7_wn_4.0_wp_2.0_lc_0.12_lch_0.12_lov_0.040,15350,8910.0,1,None,None,120.0,120.0,40.0,0,4000.0,2000.0,"Cascaded inverter: nstages=7, wn=4.0, wp=2.0. Pads ordered: OUT VSS, VDD, IN, OUT VSS, VDD, IN, OUT VSS, VDD, IN"
'6184',CMOS,mod_inv_cascade_13_wn_4.0_wp_2.0_lc_0.12_lch_0.12_lov_0.040,15400,8910.0,1,None,None,120.0,120.0,40.0,0,4000.0,2000.0,"Cascaded inverter: nstages=13, wn=4.0, wp=2.0. Pads ordered: OUT VSS, VDD, IN, OUT VSS, VDD, IN, OUT VSS, VDD, IN"
'6185',CMOS,mod_inv_cascade_19_wn_4.0_wp_2.0_lc_0.12_lch_0.12_lov_0.040,15450,8910.0,1,None,None,120.0,120.0,40.0,0,4000.0,2000.0,"Cascaded inverter: nstages=19, wn=4.0, wp=2.0. Pads ordered: OUT VSS, VDD, IN, OUT VSS, VDD, IN, OUT VSS, VDD, IN"
'6186',CMOS,mod_inv_cascade_25_wn_4.0_wp_2.0_lc_0.12_lch_0.12_lov_0.040,15500,8910.0,1,None,None,120.0,120.0,40.0,0,4000.0,2000.0,"Cascaded inverter: nstages=25, wn=4.0, wp=2.0. Pads ordered: OUT VSS, VDD, IN, OUT VSS, VDD, IN, OUT VSS, VDD, IN"
'6187',CMOS,mod_inv_cascade_3_wn_2.0_wp_4.0_lc_0.12_lch_0.12_lov_0.040,15600,8910.0,1,None,None,120.0,120.0,40.0,0,2000.0,4000.0,"Cascaded inverter: nstages=3, wn=2.0, wp=4.0. Pads ordered: OUT VSS, VDD, IN, OUT VSS, VDD, IN, OUT VSS, VDD, IN"
'6188',CMOS,mod_inv_cascade_7_wn_2.0_wp_4.0_lc_0.12_lch_0.12_lov_0.040,15650,8910.0,1,None,None,120.0,120.0,40.0,0,2000.0,4000.0,"Cascaded inverter: nstages=7, wn=2.0, wp=4.0. Pads ordered: OUT VSS, VDD, IN, OUT VSS, VDD, IN, OUT VSS, VDD, IN"
'6189',CMOS,mod_inv_cascade_13_wn_2.0_wp_4.0_lc_0.12_lch_0.12_lov_0.040,15700,8910.0,1,None,None,120.0,120.0,40.0,0,2000.0,4000.0,"Cascaded inverter: nstages=13, wn=2.0, wp=4.0. Pads ordered: OUT VSS, VDD, IN, OUT VSS, VDD, IN, OUT VSS, VDD, IN"
'6190',CMOS,mod_inv_cascade_19_wn_2.0_wp_4.0_lc_0.12_lch_0.12_lov_0.040,15750,8910.0,1,None,None,120.0,120.0,40.0,0,2000.0,4000.0,"Cascaded inverter: nstages=19, wn=2.0, wp=4.0. Pads ordered: OUT VSS, VDD, IN, OUT VSS, VDD, IN, OUT VSS, VDD, IN"
'6191',CMOS,mod_inv_cascade_25_wn_2.0_wp_4.0_lc_0.12_lch_0.12_lov_0.040,15800,8910.0,1,None,None,120.0,120.0,40.0,0,2000.0,4000.0,"Cascaded inverter: nstages=25, wn=2.0, wp=4.0. Pads ordered: OUT VSS, VDD, IN, OUT VSS, VDD, IN, OUT VSS, VDD, IN"
'6192',CMOS,mod_inv_cascade_3_wn_4.0_wp_4.0_lc_0.10_lch_0.08_lov_0.040,15950,8910.0,1,None,None,80.0,100.0,40.0,0,4000.0,4000.0,"Cascaded inverter: nstages=3, wn=4.0, wp=4.0. Pads ordered: OUT VSS, VDD, IN, OUT VSS, VDD, IN, OUT VSS, VDD, IN"
'6193',CMOS,mod_inv_cascade_7_wn_4.0_wp_4.0_lc_0.10_lch_0.08_lov_0.040,16000,8910.0,1,None,None,80.0,100.0,40.0,0,4000.0,4000.0,"Cascaded inverter: nstages=7, wn=4.0, wp=4.0. Pads ordered: OUT VSS, VDD, IN, OUT VSS, VDD, IN, OUT VSS, VDD, IN"
'6194',CMOS,mod_inv_cascade_13_wn_4.0_wp_4.0_lc_0.10_lch_0.08_lov_0.040,16050,8910.0,1,None,None,80.0,100.0,40.0,0,4000.0,4000.0,"Cascaded inverter: nstages=13, wn=4.0, wp=4.0. Pads ordered: OUT VSS, VDD, IN, OUT VSS, VDD, IN, OUT VSS, VDD, IN"
'6195',CMOS,mod_inv_cascade_19_wn_4.0_wp_4.0_lc_0.10_lch_0.08_lov_0.040,16100,8910.0,1,None,None,80.0,100.0,40.0,0,4000.0,4000.0,"Cascaded inverter: nstages=19, wn=4.0, wp=4.0. Pads ordered: OUT VSS, VDD, IN, OUT VSS, VDD, IN, OUT VSS, VDD, IN"
'6196',CMOS,mod_inv_cascade_25_wn_4.0_wp_4.0_lc_0.10_lch_0.08_lov_0.040,16150,8910.0,1,None,None,80.0,100.0,40.0,0,4000.0,4000.0,"Cascaded inverter: nstages=25, wn=4.0, wp=4.0. Pads ordered: OUT VSS, VDD, IN, OUT VSS, VDD, IN, OUT VSS, VDD, IN"
'6197',CMOS,mod_inv_cascade_3_wn_4.0_wp_2.0_lc_0.10_lch_0.08_lov_0.040,16250,8910.0,1,None,None,80.0,100.0,40.0,0,4000.0,2000.0,"Cascaded inverter: nstages=3, wn=4.0, wp=2.0. Pads ordered: OUT VSS, VDD, IN, OUT VSS, VDD, IN, OUT VSS, VDD, IN"
'6198',CMOS,mod_inv_cascade_7_wn_4.0_wp_2.0_lc_0.10_lch_0.08_lov_0.040,16300,8910.0,1,None,None,80.0,100.0,40.0,0,4000.0,2000.0,"Cascaded inverter: nstages=7, wn=4.0, wp=2.0. Pads ordered: OUT VSS, VDD, IN, OUT VSS, VDD, IN, OUT VSS, VDD, IN"
'6199',CMOS,mod_inv_cascade_13_wn_4.0_wp_2.0_lc_0.10_lch_0.08_lov_0.040,16350,8910.0,1,None,None,80.0,100.0,40.0,0,4000.0,2000.0,"Cascaded inverter: nstages=13, wn=4.0, wp=2.0. Pads ordered: OUT VSS, VDD, IN, OUT VSS, VDD, IN, OUT VSS, VDD, IN"
'6200',CMOS,mod_inv_cascade_19_wn_4.0_wp_2.0_lc_0.10_lch_0.08_lov_0.040,16400,8910.0,1,None,None,80.0,100.0,40.0,0,4000.0,2000.0,"Cascaded inverter: nstages=19, wn=4.0, wp=2.0. Pads ordered: OUT VSS, VDD, IN, OUT VSS, VDD, IN, OUT VSS, VDD, IN"
'6201',CMOS,mod_inv_cascade_25_wn_4.0_wp_2.0_lc_0.10_lch_0.08_lov_0.040,16450,8910.0,1,None,None,80.0,100.0,40.0,0,4000.0,2000.0,"Cascaded inverter: nstages=25, wn=4.0, wp=2.0. Pads ordered: OUT VSS, VDD, IN, OUT VSS, VDD, IN, OUT VSS, VDD, IN"
'6202',CMOS,mod_inv_cascade_3_wn_2.0_wp_4.0_lc_0.10_lch_0.08_lov_0.040,16550,8910.0,1,None,None,80.0,100.0,40.0,0,2000.0,4000.0,"Cascaded inverter: nstages=3, wn=2.0, wp=4.0. Pads ordered: OUT VSS, VDD, IN, OUT VSS, VDD, IN, OUT VSS, VDD, IN"
'6203',CMOS,mod_inv_cascade_7_wn_2.0_wp_4.0_lc_0.10_lch_0.08_lov_0.040,16600,8910.0,1,None,None,80.0,100.0,40.0,0,2000.0,4000.0,"Cascaded inverter: nstages=7, wn=2.0, wp=4.0. Pads ordered: OUT VSS, VDD, IN, OUT VSS, VDD, IN, OUT VSS, VDD, IN"
'6204',CMOS,mod_inv_cascade_13_wn_2.0_wp_4.0_lc_0.10_lch_0.08_lov_0.040,16650,8910.0,1,None,None,80.0,100.0,40.0,0,2000.0,4000.0,"Cascaded inverter: nstages=13, wn=2.0, wp=4.0. Pads ordered: OUT VSS, VDD, IN, OUT VSS, VDD, IN, OUT VSS, VDD, IN"
'6205',CMOS,mod_inv_cascade_19_wn_2.0_wp_4.0_lc_0.10_lch_0.08_lov_0.040,16700,8910.0,1,None,None,80.0,100.0,40.0,0,2000.0,4000.0,"Cascaded inverter: nstages=19, wn=2.0, wp=4.0. Pads ordered: OUT VSS, VDD, IN, OUT VSS, VDD, IN, OUT VSS, VDD, IN"
'6206',CMOS,mod_inv_cascade_25_wn_2.0_wp_4.0_lc_0.10_lch_0.08_lov_0.040,16750,8910.0,1,None,None,80.0,100.0,40.0,0,2000.0,4000.0,"Cascaded inverter: nstages=25, wn=2.0, wp=4.0. Pads ordered: OUT VSS, VDD, IN, OUT VSS, VDD, IN, OUT VSS, VDD, IN"
'6207',CMOS,mod_dummy_dummy_cmos_inv_wn_4.0_wp_4.0_lc_0.28_lch_0.16_lov_0.060,16450,7740.0,1,None,None,160.0,280.0,60.0,0,4000.0,4000.0,"Dummy Inverters (No CNT active channel) Pads are ordered (from bottom-to-top): OUT VSS, VDD, IN, OUT VSS, VDD, IN, OUT VSS, VDD, IN"
'6208',CMOS,mod_dummy_dummy_cmos_inv_wn_4.0_wp_4.0_lc_0.28_lch_0.12_lov_0.060,16500,7740.0,1,None,None,120.0,280.0,60.0,0,4000.0,4000.0,"Dummy Inverters (No CNT active channel) Pads are ordered (from bottom-to-top): OUT VSS, VDD, IN, OUT VSS, VDD, IN, OUT VSS, VDD, IN"
'6209',CMOS,mod_dummy_dummy_cmos_inv_wn_4.0_wp_4.0_lc_0.28_lch_0.08_lov_0.060,16550,7740.0,1,None,None,80.0,280.0,60.0,0,4000.0,4000.0,"Dummy Inverters (No CNT active channel) Pads are ordered (from bottom-to-top): OUT VSS, VDD, IN, OUT VSS, VDD, IN, OUT VSS, VDD, IN"
'6210',CMOS,mod_dummy_dummy_cmos_inv_wn_2.0_wp_4.0_lc_0.28_lch_0.16_lov_0.060,16600,7740.0,1,None,None,160.0,280.0,60.0,0,2000.0,4000.0,"Dummy Inverters (No CNT active channel) Pads are ordered (from bottom-to-top): OUT VSS, VDD, IN, OUT VSS, VDD, IN, OUT VSS, VDD, IN"
'6211',CMOS,mod_dummy_dummy_cmos_inv_wn_2.0_wp_4.0_lc_0.28_lch_0.12_lov_0.060,16650,7740.0,1,None,None,120.0,280.0,60.0,0,2000.0,4000.0,"Dummy Inverters (No CNT active channel) Pads are ordered (from bottom-to-top): OUT VSS, VDD, IN, OUT VSS, VDD, IN, OUT VSS, VDD, IN"
'6212',CMOS,mod_dummy_dummy_cmos_inv_wn_2.0_wp_4.0_lc_0.28_lch_0.08_lov_0.060,16700,7740.0,1,None,None,80.0,280.0,60.0,0,2000.0,4000.0,"Dummy Inverters (No CNT active channel) Pads are ordered (from bottom-to-top): OUT VSS, VDD, IN, OUT VSS, VDD, IN, OUT VSS, VDD, IN"
'6213',CMOS,mod_dummy_dummy_cmos_inv_wn_4.0_wp_2.0_lc_0.28_lch_0.16_lov_0.060,16750,7740.0,1,None,None,160.0,280.0,60.0,0,4000.0,2000.0,"Dummy Inverters (No CNT active channel) Pads are ordered (from bottom-to-top): OUT VSS, VDD, IN, OUT VSS, VDD, IN, OUT VSS, VDD, IN"
'6214',CMOS,mod_dummy_dummy_cmos_inv_wn_4.0_wp_2.0_lc_0.28_lch_0.12_lov_0.060,16800,7740.0,1,None,None,120.0,280.0,60.0,0,4000.0,2000.0,"Dummy Inverters (No CNT active channel) Pads are ordered (from bottom-to-top): OUT VSS, VDD, IN, OUT VSS, VDD, IN, OUT VSS, VDD, IN"
'6215',CMOS,mod_dummy_dummy_cmos_inv_wn_4.0_wp_2.0_lc_0.28_lch_0.08_lov_0.060,16850,7740.0,1,None,None,80.0,280.0,60.0,0,4000.0,2000.0,"Dummy Inverters (No CNT active channel) Pads are ordered (from bottom-to-top): OUT VSS, VDD, IN, OUT VSS, VDD, IN, OUT VSS, VDD, IN"
'6216',CMOS,mod_dummy_dummy_cmos_nand2_wn_4.0_wp_4.0_lc_0.28_lch_0.16_lov_0.060,16450,7740.0,1,None,None,160.0,280.0,60.0,0,4000.0,4000.0,"Dummy NAND2 (No CNT active channel) Pads are ordered (from bottom-to-top): OUT, VSS, VDD, A, B, DUMMY, OUT, VSS, VDD, A, B, DUMMY"
'6217',CMOS,mod_dummy_dummy_cmos_nand2_wn_4.0_wp_4.0_lc_0.28_lch_0.12_lov_0.060,16500,7740.0,1,None,None,120.0,280.0,60.0,0,4000.0,4000.0,"Dummy NAND2 (No CNT active channel) Pads are ordered (from bottom-to-top): OUT, VSS, VDD, A, B, DUMMY, OUT, VSS, VDD, A, B, DUMMY"
'6218',CMOS,mod_dummy_dummy_cmos_nand2_wn_4.0_wp_4.0_lc_0.28_lch_0.08_lov_0.060,16550,7740.0,1,None,None,80.0,280.0,60.0,0,4000.0,4000.0,"Dummy NAND2 (No CNT active channel) Pads are ordered (from bottom-to-top): OUT, VSS, VDD, A, B, DUMMY, OUT, VSS, VDD, A, B, DUMMY"
'6219',CMOS,mod_dummy_dummy_cmos_nand2_wn_2.0_wp_4.0_lc_0.28_lch_0.16_lov_0.060,16600,7740.0,1,None,None,160.0,280.0,60.0,0,2000.0,4000.0,"Dummy NAND2 (No CNT active channel) Pads are ordered (from bottom-to-top): OUT, VSS, VDD, A, B, DUMMY, OUT, VSS, VDD, A, B, DUMMY"
'6220',CMOS,mod_dummy_dummy_cmos_nand2_wn_2.0_wp_4.0_lc_0.28_lch_0.12_lov_0.060,16650,7740.0,1,None,None,120.0,280.0,60.0,0,2000.0,4000.0,"Dummy NAND2 (No CNT active channel) Pads are ordered (from bottom-to-top): OUT, VSS, VDD, A, B, DUMMY, OUT, VSS, VDD, A, B, DUMMY"
'6221',CMOS,mod_dummy_dummy_cmos_nand2_wn_2.0_wp_4.0_lc_0.28_lch_0.08_lov_0.060,16700,7740.0,1,None,None,80.0,280.0,60.0,0,2000.0,4000.0,"Dummy NAND2 (No CNT active channel) Pads are ordered (from bottom-to-top): OUT, VSS, VDD, A, B, DUMMY, OUT, VSS, VDD, A, B, DUMMY"
'6222',CMOS,mod_dummy_dummy_cmos_nand2_wn_4.0_wp_2.0_lc_0.28_lch_0.16_lov_0.060,16750,7740.0,1,None,None,160.0,280.0,60.0,0,4000.0,2000.0,"Dummy NAND2 (No CNT active channel) Pads are ordered (from bottom-to-top): OUT, VSS, VDD, A, B, DUMMY, OUT, VSS, VDD, A, B, DUMMY"
'6223',CMOS,mod_dummy_dummy_cmos_nand2_wn_4.0_wp_2.0_lc_0.28_lch_0.12_lov_0.060,16800,7740.0,1,None,None,120.0,280.0,60.0,0,4000.0,2000.0,"Dummy NAND2 (No CNT active channel) Pads are ordered (from bottom-to-top): OUT, VSS, VDD, A, B, DUMMY, OUT, VSS, VDD, A, B, DUMMY"
'6224',CMOS,mod_dummy_dummy_cmos_nand2_wn_4.0_wp_2.0_lc_0.28_lch_0.08_lov_0.060,16850,7740.0,1,None,None,80.0,280.0,60.0,0,4000.0,2000.0,"Dummy NAND2 (No CNT active channel) Pads are ordered (from bottom-to-top): OUT, VSS, VDD, A, B, DUMMY, OUT, VSS, VDD, A, B, DUMMY"
'6225',CMOS,mod_dummy_dummy_cmos_nor2_wn_4.0_wp_4.0_lc_0.28_lch_0.16_lov_0.060,16450,7740.0,1,None,None,160.0,280.0,60.0,0,4000.0,4000.0,"Dummy NOR2 (No CNT active channel) Pads are ordered (from bottom-to-top): OUT, VSS, VDD, A, B, DUMMY, OUT, VSS, VDD, A, B, DUMMY"
'6226',CMOS,mod_dummy_dummy_cmos_nor2_wn_4.0_wp_4.0_lc_0.28_lch_0.12_lov_0.060,16500,7740.0,1,None,None,120.0,280.0,60.0,0,4000.0,4000.0,"Dummy NOR2 (No CNT active channel) Pads are ordered (from bottom-to-top): OUT, VSS, VDD, A, B, DUMMY, OUT, VSS, VDD, A, B, DUMMY"
'6227',CMOS,mod_dummy_dummy_cmos_nor2_wn_4.0_wp_4.0_lc_0.28_lch_0.08_lov_0.060,16550,7740.0,1,None,None,80.0,280.0,60.0,0,4000.0,4000.0,"Dummy NOR2 (No CNT active channel) Pads are ordered (from bottom-to-top): OUT, VSS, VDD, A, B, DUMMY, OUT, VSS, VDD, A, B, DUMMY"
'6228',CMOS,mod_dummy_dummy_cmos_nor2_wn_2.0_wp_4.0_lc_0.28_lch_0.16_lov_0.060,16600,7740.0,1,None,None,160.0,280.0,60.0,0,2000.0,4000.0,"Dummy NOR2 (No CNT active channel) Pads are ordered (from bottom-to-top): OUT, VSS, VDD, A, B, DUMMY, OUT, VSS, VDD, A, B, DUMMY"
'6229',CMOS,mod_dummy_dummy_cmos_nor2_wn_2.0_wp_4.0_lc_0.28_lch_0.12_lov_0.060,16650,7740.0,1,None,None,120.0,280.0,60.0,0,2000.0,4000.0,"Dummy NOR2 (No CNT active channel) Pads are ordered (from bottom-to-top): OUT, VSS, VDD, A, B, DUMMY, OUT, VSS, VDD, A, B, DUMMY"
'6230',CMOS,mod_dummy_dummy_cmos_nor2_wn_2.0_wp_4.0_lc_0.28_lch_0.08_lov_0.060,16700,7740.0,1,None,None,80.0,280.0,60.0,0,2000.0,4000.0,"Dummy NOR2 (No CNT active channel) Pads are ordered (from bottom-to-top): OUT, VSS, VDD, A, B, DUMMY, OUT, VSS, VDD, A, B, DUMMY"
'6231',CMOS,mod_dummy_dummy_cmos_nor2_wn_4.0_wp_2.0_lc_0.28_lch_0.16_lov_0.060,16750,7740.0,1,None,None,160.0,280.0,60.0,0,4000.0,2000.0,"Dummy NOR2 (No CNT active channel) Pads are ordered (from bottom-to-top): OUT, VSS, VDD, A, B, DUMMY, OUT, VSS, VDD, A, B, DUMMY"
'6232',CMOS,mod_dummy_dummy_cmos_nor2_wn_4.0_wp_2.0_lc_0.28_lch_0.12_lov_0.060,16800,7740.0,1,None,None,120.0,280.0,60.0,0,4000.0,2000.0,"Dummy NOR2 (No CNT active channel) Pads are ordered (from bottom-to-top): OUT, VSS, VDD, A, B, DUMMY, OUT, VSS, VDD, A, B, DUMMY"
'6233',CMOS,mod_dummy_dummy_cmos_nor2_wn_4.0_wp_2.0_lc_0.28_lch_0.08_lov_0.060,16850,7740.0,1,None,None,80.0,280.0,60.0,0,4000.0,2000.0,"Dummy NOR2 (No CNT active channel) Pads are ordered (from bottom-to-top): OUT, VSS, VDD, A, B, DUMMY, OUT, VSS, VDD, A, B, DUMMY"
'6234',CMOS,mod_dummy_inv_cascade_3_lc_0.16_lch_0.16_lov_0.060,16950,8910.0,1,None,None,160.0,160.0,60.0,0,None,None,"Dummy cascaded inverter: nstages=3, wn/wp=4/4, 4/2, 2/4. Pads ordered: OUT VSS, VDD, IN, OUT VSS, VDD, IN, OUT VSS, VDD, IN"
'6235',CMOS,mod_dummy_inv_cascade_7_lc_0.16_lch_0.16_lov_0.060,17000,8910.0,1,None,None,160.0,160.0,60.0,0,None,None,"Dummy cascaded inverter: nstages=7, wn/wp=4/4, 4/2, 2/4. Pads ordered: OUT VSS, VDD, IN, OUT VSS, VDD, IN, OUT VSS, VDD, IN"
'6236',CMOS,mod_dummy_inv_cascade_13_lc_0.16_lch_0.16_lov_0.060,17050,8910.0,1,None,None,160.0,160.0,60.0,0,None,None,"Dummy cascaded inverter: nstages=13, wn/wp=4/4, 4/2, 2/4. Pads ordered: OUT VSS, VDD, IN, OUT VSS, VDD, IN, OUT VSS, VDD, IN"
'6237',CMOS,mod_dummy_inv_cascade_19_lc_0.16_lch_0.16_lov_0.060,17100,8910.0,1,None,None,160.0,160.0,60.0,0,None,None,"Dummy cascaded inverter: nstages=19, wn/wp=4/4, 4/2, 2/4. Pads ordered: OUT VSS, VDD, IN, OUT VSS, VDD, IN, OUT VSS, VDD, IN"
'6238',CMOS,mod_dummy_inv_cascade_25_lc_0.16_lch_0.16_lov_0.060,17150,8910.0,1,None,None,160.0,160.0,60.0,0,None,None,"Dummy cascaded inverter: nstages=25, wn/wp=4/4, 4/2, 2/4. Pads ordered: OUT VSS, VDD, IN, OUT VSS, VDD, IN, OUT VSS, VDD, IN"
'6239',CMOS,mod_dummy_inv_cascade_3_lc_0.12_lch_0.12_lov_0.040,17200,8910.0,1,None,None,120.0,120.0,40.0,0,None,None,"Dummy cascaded inverter: nstages=3, wn/wp=4/4, 4/2, 2/4. Pads ordered: OUT VSS, VDD, IN, OUT VSS, VDD, IN, OUT VSS, VDD, IN"
'6240',CMOS,mod_dummy_inv_cascade_7_lc_0.12_lch_0.12_lov_0.040,17250,8910.0,1,None,None,120.0,120.0,40.0,0,None,None,"Dummy cascaded inverter: nstages=7, wn/wp=4/4, 4/2, 2/4. Pads ordered: OUT VSS, VDD, IN, OUT VSS, VDD, IN, OUT VSS, VDD, IN"
'6241',CMOS,mod_dummy_inv_cascade_13_lc_0.12_lch_0.12_lov_0.040,17300,8910.0,1,None,None,120.0,120.0,40.0,0,None,None,"Dummy cascaded inverter: nstages=13, wn/wp=4/4, 4/2, 2/4. Pads ordered: OUT VSS, VDD, IN, OUT VSS, VDD, IN, OUT VSS, VDD, IN"
'6242',CMOS,mod_dummy_inv_cascade_19_lc_0.12_lch_0.12_lov_0.040,17350,8910.0,1,None,None,120.0,120.0,40.0,0,None,None,"Dummy cascaded inverter: nstages=19, wn/wp=4/4, 4/2, 2/4. Pads ordered: OUT VSS, VDD, IN, OUT VSS, VDD, IN, OUT VSS, VDD, IN"
'6243',CMOS,mod_dummy_inv_cascade_25_lc_0.12_lch_0.12_lov_0.040,17400,8910.0,1,None,None,120.0,120.0,40.0,0,None,None,"Dummy cascaded inverter: nstages=25, wn/wp=4/4, 4/2, 2/4. Pads ordered: OUT VSS, VDD, IN, OUT VSS, VDD, IN, OUT VSS, VDD, IN"
'6244',CMOS,mod_dummy_inv_cascade_3_lc_0.10_lch_0.08_lov_0.040,17450,8910.0,1,None,None,80.0,100.0,40.0,0,None,None,"Dummy cascaded inverter: nstages=3, wn/wp=4/4, 4/2, 2/4. Pads ordered: OUT VSS, VDD, IN, OUT VSS, VDD, IN, OUT VSS, VDD, IN"
'6245',CMOS,mod_dummy_inv_cascade_7_lc_0.10_lch_0.08_lov_0.040,17500,8910.0,1,None,None,80.0,100.0,40.0,0,None,None,"Dummy cascaded inverter: nstages=7, wn/wp=4/4, 4/2, 2/4. Pads ordered: OUT VSS, VDD, IN, OUT VSS, VDD, IN, OUT VSS, VDD, IN"
'6246',CMOS,mod_dummy_inv_cascade_13_lc_0.10_lch_0.08_lov_0.040,17550,8910.0,1,None,None,80.0,100.0,40.0,0,None,None,"Dummy cascaded inverter: nstages=13, wn/wp=4/4, 4/2, 2/4. Pads ordered: OUT VSS, VDD, IN, OUT VSS, VDD, IN, OUT VSS, VDD, IN"
'6247',CMOS,mod_dummy_inv_cascade_19_lc_0.10_lch_0.08_lov_0.040,17600,8910.0,1,None,None,80.0,100.0,40.0,0,None,None,"Dummy cascaded inverter: nstages=19, wn/wp=4/4, 4/2, 2/4. Pads ordered: OUT VSS, VDD, IN, OUT VSS, VDD, IN, OUT VSS, VDD, IN"
'6248',CMOS,mod_dummy_inv_cascade_25_lc_0.10_lch_0.08_lov_0.040,17650,8910.0,1,None,None,80.0,100.0,40.0,0,None,None,"Dummy cascaded inverter: nstages=25, wn/wp=4/4, 4/2, 2/4. Pads ordered: OUT VSS, VDD, IN, OUT VSS, VDD, IN, OUT VSS, VDD, IN"
'6249',CMOS,mod_dummy_inv_fingered_3_lc_0.28_lch_0.16_lov_0.060,17750,8910.0,1,None,None,160.0,280.0,60.0,0,None,None,"Dummy fingered inverter: nfingers=3, wn/wp=4/4, 4/2, 2/4: Pads ordered: OUT VSS, VDD, IN, OUT VSS, VDD, IN, OUT VSS, VDD, IN"
'6250',CMOS,mod_dummy_inv_fingered_7_lc_0.28_lch_0.16_lov_0.060,17800,8910.0,1,None,None,160.0,280.0,60.0,0,None,None,"Dummy fingered inverter: nfingers=7, wn/wp=4/4, 4/2, 2/4: Pads ordered: OUT VSS, VDD, IN, OUT VSS, VDD, IN, OUT VSS, VDD, IN"
'6251',CMOS,mod_dummy_inv_fingered_15_lc_0.28_lch_0.16_lov_0.060,17850,8910.0,1,None,None,160.0,280.0,60.0,0,None,None,"Dummy fingered inverter: nfingers=15, wn/wp=4/4, 4/2, 2/4: Pads ordered: OUT VSS, VDD, IN, OUT VSS, VDD, IN, OUT VSS, VDD, IN"
'6252',CMOS,mod_dummy_inv_fingered_3_lc_0.28_lch_0.12_lov_0.060,17900,8910.0,1,None,None,120.0,280.0,60.0,0,None,None,"Dummy fingered inverter: nfingers=3, wn/wp=4/4, 4/2, 2/4: Pads ordered: OUT VSS, VDD, IN, OUT VSS, VDD, IN, OUT VSS, VDD, IN"
'6253',CMOS,mod_dummy_inv_fingered_7_lc_0.28_lch_0.12_lov_0.060,17950,8910.0,1,None,None,120.0,280.0,60.0,0,None,None,"Dummy fingered inverter: nfingers=7, wn/wp=4/4, 4/2, 2/4: Pads ordered: OUT VSS, VDD, IN, OUT VSS, VDD, IN, OUT VSS, VDD, IN"
'6254',CMOS,mod_dummy_inv_fingered_15_lc_0.28_lch_0.12_lov_0.060,18000,8910.0,1,None,None,120.0,280.0,60.0,0,None,None,"Dummy fingered inverter: nfingers=15, wn/wp=4/4, 4/2, 2/4: Pads ordered: OUT VSS, VDD, IN, OUT VSS, VDD, IN, OUT VSS, VDD, IN"
'6255',CMOS,mod_dummy_inv_fingered_3_lc_0.28_lch_0.08_lov_0.060,18050,8910.0,1,None,None,80.0,280.0,60.0,0,None,None,"Dummy fingered inverter: nfingers=3, wn/wp=4/4, 4/2, 2/4: Pads ordered: OUT VSS, VDD, IN, OUT VSS, VDD, IN, OUT VSS, VDD, IN"
'6256',CMOS,mod_dummy_inv_fingered_7_lc_0.28_lch_0.08_lov_0.060,18100,8910.0,1,None,None,80.0,280.0,60.0,0,None,None,"Dummy fingered inverter: nfingers=7, wn/wp=4/4, 4/2, 2/4: Pads ordered: OUT VSS, VDD, IN, OUT VSS, VDD, IN, OUT VSS, VDD, IN"
'6257',CMOS,mod_dummy_inv_fingered_15_lc_0.28_lch_0.08_lov_0.060,18150,8910.0,1,None,None,80.0,280.0,60.0,0,None,None,"Dummy fingered inverter: nfingers=15, wn/wp=4/4, 4/2, 2/4: Pads ordered: OUT VSS, VDD, IN, OUT VSS, VDD, IN, OUT VSS, VDD, IN"
